Time,temperature,relative_humidity,sea_surface_temperature
1/1/2025 0:00,-4.8,75,6.4
1/1/2025 1:00,-4.8,75,6.4
1/1/2025 2:00,-4.8,75,6.4
1/1/2025 3:00,-4.8,75,6.4
1/1/2025 4:00,-4.8,75,6.4
1/1/2025 5:00,-4.8,75,6.4
1/1/2025 6:00,-4.8,75,6.4
1/1/2025 7:00,-4.8,75,6.4
1/1/2025 8:00,-4.8,75,6.4
1/1/2025 9:00,-4.8,75,6.4
1/1/2025 10:00,-4.8,75,6.4
1/1/2025 11:00,-4.8,75,6.4
1/1/2025 12:00,-4.8,75,6.4
1/1/2025 13:00,-4.8,75,6.4
1/1/2025 14:00,-4.8,75,6.4
1/1/2025 15:00,-5.6,75,6.4
1/1/2025 16:00,-6.2,76,6.4
1/1/2025 17:00,-6.8,76,6.4
1/1/2025 18:00,-8.6,78,6.4
1/1/2025 19:00,-9.7,78,6.4
1/1/2025 20:00,-9.6,75,6.4
1/1/2025 21:00,-7.7,81.5,6.65
1/1/2025 22:00,-7.4,78,6.6
1/1/2025 23:00,-7.35,82,6.65
1/2/2025 0:00,-6.7,76,6.65
1/2/2025 1:00,-5.15,83.5,6.65
1/2/2025 2:00,-4.6,80,6.65
1/2/2025 3:00,-3.15,82,6.7
1/2/2025 4:00,-2.95,82.5,6.7
1/2/2025 5:00,-2.6,76,6.7
1/2/2025 6:00,-2.75,77,6.7
1/2/2025 7:00,-2.55,77,6.7
1/2/2025 8:00,-2.6,75.5,6.7
1/2/2025 9:00,-1.5,71,7.1
1/2/2025 10:00,-1.9,67,7.1
1/2/2025 11:00,-2.2,63,7.1
1/2/2025 12:00,-2.9,69,7.1
1/2/2025 13:00,-3.1,70,7.1
1/2/2025 14:00,-2.7,67,7.1
1/2/2025 15:00,-2.4,65,7
1/2/2025 16:00,-2.7,66,7
1/2/2025 17:00,-3.2,71,7
1/2/2025 18:00,-3.3,69,7
1/2/2025 19:00,-3.4,70,7
1/2/2025 20:00,-3.4,70,7
1/2/2025 21:00,-4.8,74,5.5
1/2/2025 22:00,-4.85,73,5.55
1/2/2025 23:00,-4.6,71,5.55
1/3/2025 0:00,-4.1,70.5,5.55
1/3/2025 1:00,-3.2,72,5.55
1/3/2025 2:00,-2.3,63,5.55
1/3/2025 3:00,-1.05,64,5.55
1/3/2025 4:00,0,69,5.5
1/3/2025 5:00,-2.7,68.5,5.5
1/3/2025 6:00,-2.1,72,5.5
1/3/2025 7:00,-2,71.5,5.5
1/3/2025 8:00,-2.3,72,5.5
1/3/2025 9:00,-3.2,75,5.5
1/3/2025 10:00,-6.9,66,3.8
1/3/2025 11:00,-6.1,73,3.8
1/3/2025 12:00,-8.1,73,3.8
1/3/2025 13:00,-7.7,75,3.8
1/3/2025 14:00,-5.25,79.5,2.9
1/3/2025 15:00,-6.1,79.5,2.9
1/3/2025 16:00,-6.3,74.5,2.9
1/3/2025 17:00,-6.6,62,2.9
1/3/2025 18:00,-6.35,61.5,2.9
1/3/2025 19:00,-6.5,61,2.9
1/3/2025 20:00,-5.5,64,2.9
1/3/2025 21:00,-4.1,67.5,2.85
1/3/2025 22:00,-3.9,66,2.85
1/3/2025 23:00,-3.6,65,2.85
1/4/2025 0:00,-3.35,66,2.85
1/4/2025 1:00,-3.65,75.5,2.85
1/4/2025 2:00,-3.4,78.5,2.8
1/4/2025 3:00,-3.6,78,2.8
1/4/2025 4:00,-4.05,78,2.8
1/4/2025 5:00,-4.05,77,2.75
1/4/2025 6:00,-4,76.5,2.7
1/4/2025 7:00,-3.7,81.5,2.7
1/4/2025 8:00,-3.65,75.5,2.7
1/4/2025 9:00,-3.9,68.5,2.65
1/4/2025 10:00,-4.05,65.5,2.55
1/4/2025 11:00,-3.8,64.5,2.55
1/4/2025 12:00,-4.2,62,2.55
1/4/2025 13:00,-4.5,77,1.8
1/4/2025 14:00,-4.4,74,1.8
1/4/2025 15:00,-4.4,72,1.8
1/4/2025 16:00,-8.55,84,0.25
1/4/2025 17:00,-8.6,85.5,0.25
1/4/2025 18:00,-8.5,85.5,0.25
1/4/2025 19:00,-8.2,85,0.25
1/4/2025 20:00,-8.7,85,0.25
1/4/2025 21:00,-8.8,83.5,0.2
1/4/2025 22:00,-9.2,83.5,0.2
1/4/2025 23:00,-9.4,83,0.2
1/5/2025 0:00,-9.5,81,0.2
1/5/2025 1:00,-9.2,82.5,0.2
1/5/2025 2:00,-9.4,82,0.2
1/5/2025 3:00,-9.55,81.5,0.2
1/5/2025 4:00,-9.9,82,0.25
1/5/2025 5:00,-10.3,81.5,0.25
1/5/2025 6:00,-10.65,80.5,0.25
1/5/2025 7:00,-10.75,79,0.25
1/5/2025 8:00,-11.1,80.5,0.25
1/5/2025 9:00,-11.1,80,0.25
1/5/2025 10:00,-10.95,80.5,0.25
1/5/2025 11:00,-10.2,80.5,0.3
1/5/2025 12:00,-9.05,82.5,0.3
1/5/2025 13:00,-10.6,83,0.3
1/5/2025 14:00,-11.4,90,-1.3
1/5/2025 15:00,-10.7,87,-1.3
1/5/2025 16:00,-10.4,90,-1.2
1/5/2025 17:00,-9.7,91,-1.2
1/5/2025 18:00,-9.1,90,-1.2
1/5/2025 19:00,-5.8,87.5,1.65
1/5/2025 20:00,-5.35,85,1.65
1/5/2025 21:00,-5.6,86.5,1.7
1/5/2025 22:00,-5.6,87,1.7
1/5/2025 23:00,-5.1,82.5,1.7
1/6/2025 0:00,-5.2,81.5,1.7
1/6/2025 1:00,-4.45,84,1.7
1/6/2025 2:00,-4.35,81.5,1.7
1/6/2025 3:00,-4.6,78.5,1.7
1/6/2025 4:00,-4.9,82.5,1.7
1/6/2025 5:00,-4.95,86.5,1.7
1/6/2025 6:00,-5.3,85,1.7
1/6/2025 7:00,-5.35,83.5,1.7
1/6/2025 8:00,-5.4,83.5,1.7
1/6/2025 9:00,-5.9,83.5,1.75
1/6/2025 10:00,-6.45,84,1.75
1/6/2025 11:00,-5.8,79,4.5
1/6/2025 12:00,-6.1,80,4.5
1/6/2025 13:00,-5.4,85,4.5
1/6/2025 14:00,-5.3,86,4.5
1/6/2025 15:00,-5.3,87,4.5
1/6/2025 16:00,-10.7,88,4
1/6/2025 17:00,-9.9,82.5,4
1/6/2025 18:00,-10.2,81,4
1/6/2025 19:00,-9.5,80,4
1/6/2025 20:00,-9.2,81.5,4
1/6/2025 21:00,-9.45,83,4
1/6/2025 22:00,-9.5,83.5,4
1/6/2025 23:00,-9.85,82,4.05
1/7/2025 0:00,-9.7,83,4.05
1/7/2025 1:00,-12.25,87.5,4.05
1/7/2025 2:00,-11.65,82.5,4.05
1/7/2025 3:00,-11.25,83,4.15
1/7/2025 4:00,-10.9,83.5,4.15
1/7/2025 5:00,-10.9,83,4.15
1/7/2025 6:00,-10.9,83.5,4.15
1/7/2025 7:00,-17.4,88,3.6
1/7/2025 8:00,-17.6,88,3.6
1/7/2025 9:00,-17.4,88,3.6
1/7/2025 10:00,-17.5,87,3.6
1/7/2025 11:00,-17.8,87,3.6
1/7/2025 12:00,-18.4,88,3.6
1/7/2025 13:00,-21.5,85,3.6
1/7/2025 14:00,-14.15,84.5,4.15
1/7/2025 15:00,-13.95,87.5,4.15
1/7/2025 16:00,-13.85,88,4.2
1/7/2025 17:00,-14.1,86.5,4.25
1/7/2025 18:00,-13.9,88.5,4.25
1/7/2025 19:00,-13.8,88.5,4.25
1/7/2025 20:00,-13.05,89,4.25
1/7/2025 21:00,-12.5,89.5,4.25
1/7/2025 22:00,-12.2,89.5,4.25
1/7/2025 23:00,-12.35,89,4.25
1/8/2025 0:00,-11.5,86,4.25
1/8/2025 1:00,-11.6,85,4.25
1/8/2025 2:00,-11.8,86.5,4.25
1/8/2025 3:00,-11.95,87,4.25
1/8/2025 4:00,-12.8,89.5,4.3
1/8/2025 5:00,-13.65,90,4.3
1/8/2025 6:00,-8.8,90,4.9
1/8/2025 7:00,-8.9,89,4.9
1/8/2025 8:00,-9.5,91,5
1/8/2025 9:00,-12.7,82.5,2.1
1/8/2025 10:00,-12.85,79,2.15
1/8/2025 11:00,-13.1,80.5,2.15
1/8/2025 12:00,-13.1,80,2.15
1/8/2025 13:00,-12.6,82,2.15
1/8/2025 14:00,-12.35,81,2.15
1/8/2025 15:00,-11.55,80,2.15
1/8/2025 16:00,-11.35,80,2.1
1/8/2025 17:00,-11.15,80.5,2.1
1/8/2025 18:00,-11.3,81.5,2.1
1/8/2025 19:00,-11.1,83,2.1
1/8/2025 20:00,-11.05,84,2.05
1/8/2025 21:00,-11,84.5,2.05
1/8/2025 22:00,-10.95,84,2.05
1/8/2025 23:00,-11.8,81,-0.9
1/9/2025 0:00,-11.4,80,-0.9
1/9/2025 1:00,-9.9,83,-1
1/9/2025 2:00,-9.8,83,-1
1/9/2025 2:00,-8.45,85.5,2.55
1/9/2025 2:00,-8.45,85.5,2.55
1/9/2025 2:00,-7.1,88,6.1
1/9/2025 2:00,-7.1,88,6.1
1/9/2025 2:00,-8.1,78.5,5.1
1/9/2025 3:00,-7.95,78,5.15
1/9/2025 4:00,-7.85,79,5.15
1/9/2025 5:00,-7.75,79.5,5.2
1/9/2025 6:00,-7.6,80.5,5.2
1/9/2025 7:00,-7.55,81.5,5.25
1/9/2025 8:00,-7.35,82,5.25
1/9/2025 9:00,-7.15,82,5.3
1/9/2025 10:00,-7.05,83,5.35
1/9/2025 11:00,-6.8,83,5.3
1/9/2025 12:00,-6.5,83,5.35
1/9/2025 13:00,-6.4,85,5.35
1/9/2025 14:00,-6.45,84.5,5.3
1/9/2025 15:00,-6.45,84.5,5.35
1/9/2025 16:00,-6.3,84.5,5.35
1/9/2025 17:00,-6.3,84.5,5.35
1/9/2025 18:00,-6.25,85,5.35
1/9/2025 19:00,-5.85,83.5,5.35
1/9/2025 20:00,-6.45,83.5,5.35
1/9/2025 21:00,-6.3,82.5,5.35
1/9/2025 22:00,-5.85,82.5,5.35
1/9/2025 23:00,-5.5,83,5.35
1/10/2025 0:00,-5.5,84.5,5.35
1/10/2025 1:00,-6.6,84,5.35
1/10/2025 2:00,-6.65,84.5,5.4
1/10/2025 3:00,-8.6,81,5
1/10/2025 4:00,-8.2,80,5.1
1/10/2025 5:00,-4.95,83.5,4.45
1/10/2025 6:00,-4.65,83.5,4.45
1/10/2025 7:00,-4.4,84,4.5
1/10/2025 8:00,-4.3,85.5,4.5
1/10/2025 9:00,-4.25,85,4.55
1/10/2025 10:00,-4.25,85.5,4.6
1/10/2025 11:00,-3.95,85,4.6
1/10/2025 12:00,-3.7,84.5,4.65
1/10/2025 13:00,-3.65,84.5,4.65
1/10/2025 14:00,-2.95,85,4.65
1/10/2025 15:00,-2.45,87,4.7
1/10/2025 16:00,-1.65,89.5,4.7
1/10/2025 17:00,-0.65,89.5,4.75
1/10/2025 18:00,-0.6,89,4.75
1/10/2025 19:00,-0.45,87.5,4.75
1/10/2025 20:00,-0.15,86.5,4.75
1/10/2025 21:00,-0.3,88,4
1/10/2025 22:00,0.1,81,4
1/10/2025 23:00,-0.45,81,3.9
1/11/2025 0:00,-0.3,80,3.9
1/11/2025 1:00,-0.7,82.5,3.9
1/11/2025 2:00,-0.7,85.5,3.95
1/11/2025 3:00,-0.5,82.5,3.95
1/11/2025 4:00,-0.25,78.5,3.95
1/11/2025 5:00,-0.1,78.5,4
1/11/2025 6:00,-2,85,4
1/11/2025 7:00,-1.5,85,4
1/11/2025 8:00,-1.3,83,4
1/11/2025 9:00,-2.4,82,4
1/11/2025 10:00,-1.05,79,4.9
1/11/2025 11:00,-0.25,78.5,4.9
1/11/2025 12:00,-0.35,79.5,4.9
1/11/2025 13:00,-0.35,78.5,4.9
1/11/2025 14:00,-0.25,78.5,4.9
1/11/2025 15:00,-0.6,78,4.9
1/11/2025 16:00,0.5,79,5.8
1/11/2025 17:00,0.8,79,5.8
1/11/2025 18:00,0.75,86,6.25
1/11/2025 19:00,0.8,85,6.25
1/11/2025 20:00,0.55,85.5,6.25
1/11/2025 21:00,0.4,86.5,6.25
1/11/2025 22:00,0.5,86,6.25
1/11/2025 23:00,0.3,86,6.25
1/12/2025 0:00,-0.5,92,6.7
1/12/2025 1:00,0.2,91,6.7
1/12/2025 2:00,-0.1,92,6.7
1/12/2025 3:00,-3.7,85.5,6.25
1/12/2025 4:00,-3.25,83.5,6.25
1/12/2025 5:00,-3.1,84,6.25
1/12/2025 6:00,-2.5,83.5,6.25
1/12/2025 7:00,-1.85,82.5,6.25
1/12/2025 8:00,-1.2,81.5,6.25
1/12/2025 14:00,-1.2,75,5.8
1/12/2025 15:00,-1.1,77,5.8
1/12/2025 16:00,-1.5,78,5.8
1/12/2025 17:00,-1.5,77,5.8
1/12/2025 18:00,-1.2,75,5.8
1/12/2025 19:00,-0.4,74,5.8
1/12/2025 20:00,0.6,72,5.8
1/12/2025 21:00,1.15,75.5,6.35
1/12/2025 22:00,1.5,77.5,6.35
1/12/2025 23:00,1.85,75,6.35
1/13/2025 0:00,2.3,75.5,6.35
1/13/2025 1:00,3.5,71.5,6.35
1/13/2025 2:00,3.8,71,6.3
1/13/2025 3:00,3.95,71,6.3
1/13/2025 4:00,4.1,72.5,6.3
1/13/2025 5:00,4.4,74.5,6.3
1/13/2025 6:00,4.65,76,6.3
1/13/2025 7:00,4.9,77,6.3
1/13/2025 8:00,5.05,78.5,6.3
1/13/2025 9:00,6.5,69,6.8
1/13/2025 10:00,6.7,71,6.8
1/13/2025 11:00,6.9,73,6.8
1/13/2025 12:00,7.1,74,6.8
1/13/2025 13:00,8.1,74,6.8
1/13/2025 14:00,8.1,75,6.8
1/13/2025 15:00,7.9,75,6.8
1/13/2025 16:00,7.5,78,6.8
1/13/2025 17:00,6.9,81,6.8
1/13/2025 18:00,6.5,83,6.8
1/13/2025 19:00,6.8,83,6.8
1/13/2025 20:00,7.3,81,6.8
1/13/2025 21:00,6.6,84,5.75
1/13/2025 22:00,5.6,88,5.7
1/13/2025 23:00,6.6,83.5,5.7
1/14/2025 0:00,6.5,85,5.7
1/14/2025 1:00,6.85,91,5.65
1/14/2025 2:00,7.3,88.5,5.65
1/14/2025 3:00,6.75,88.5,5.6
1/14/2025 4:00,6.25,91,5.55
1/14/2025 5:00,5.75,94,5.55
1/14/2025 6:00,5.5,94.5,5.5
1/14/2025 7:00,5.3,94.5,5.5
1/14/2025 8:00,4.9,93.5,5.45
1/14/2025 9:00,4.6,94,5.5
1/14/2025 10:00,4.3,90,4.4
1/14/2025 11:00,4.2,92,4.4
1/14/2025 12:00,4.2,92,4.4
1/14/2025 13:00,4.5,96,4.4
1/14/2025 14:00,3.2,96.5,3.95
1/14/2025 15:00,2.8,94,3.9
1/14/2025 16:00,2.75,94.5,3.9
1/14/2025 17:00,2.85,96,3.85
1/14/2025 18:00,3.4,92,3.8
1/14/2025 19:00,3.5,91.5,3.75
1/14/2025 20:00,3.5,91.5,3.7
1/14/2025 21:00,3.25,91,3.7
1/14/2025 22:00,2.95,92.5,3.6
1/14/2025 23:00,3.15,91,3.6
1/15/2025 0:00,3.2,90,3.55
1/15/2025 1:00,3,85.5,3.5
1/15/2025 2:00,2.65,86,3.5
1/15/2025 3:00,2.95,83.5,3.45
1/15/2025 4:00,3.65,81.5,3.4
1/15/2025 5:00,4,88.5,3.4
1/15/2025 6:00,3.3,90.5,3.4
1/15/2025 7:00,3.75,86.5,3.4
1/15/2025 8:00,4,88.5,3.4
1/15/2025 9:00,5.15,91.5,3.35
1/15/2025 10:00,5.25,94,3.35
1/15/2025 11:00,4.95,95,3.3
1/15/2025 12:00,5.3,93.5,3.3
1/15/2025 13:00,7.7,99,2.8
1/15/2025 14:00,7.6,99,2.8
1/15/2025 15:00,7.5,99,2.8
1/15/2025 16:00,5.2,96.5,0.7
1/15/2025 17:00,5.3,96.5,0.65
1/15/2025 18:00,5.5,96.5,0.65
1/15/2025 19:00,5.85,96,0.65
1/15/2025 20:00,5.95,96.5,0.65
1/15/2025 21:00,6.1,94,0.65
1/15/2025 22:00,6.25,93.5,0.6
1/15/2025 23:00,6.3,93,0.6
1/16/2025 0:00,6.4,91,0.55
1/16/2025 1:00,6.25,89.5,0.55
1/16/2025 2:00,6.15,90,0.55
1/16/2025 3:00,6.15,91,0.55
1/16/2025 4:00,5.95,93,0.5
1/16/2025 5:00,5.95,94,0.5
1/16/2025 6:00,5.75,95,0.45
1/16/2025 7:00,5.45,97.5,0.45
1/16/2025 8:00,5.35,97.5,0.4
1/16/2025 9:00,5.15,97.5,0.4
1/16/2025 10:00,5,96.5,0.4
1/16/2025 11:00,5.05,97.5,0.4
1/16/2025 12:00,5.35,96.5,0.35
1/16/2025 13:00,5.65,93.5,0.3
1/16/2025 14:00,4.8,91,-1.4
1/16/2025 15:00,4.7,93,-1.4
1/16/2025 16:00,4.6,94,-1.4
1/16/2025 17:00,4.6,95,-1.4
1/16/2025 18:00,4.5,94,-1.4
1/16/2025 19:00,3.85,90.5,1.5
1/16/2025 20:00,3.8,89.5,1.5
1/16/2025 21:00,3.9,88.5,1.5
1/16/2025 22:00,3.7,89.5,1.5
1/16/2025 23:00,3.85,88,1.5
1/17/2025 0:00,3.9,88.5,1.5
1/17/2025 1:00,3.95,90,1.5
1/17/2025 2:00,4.1,91,1.5
1/17/2025 3:00,4.3,89.5,1.5
1/17/2025 4:00,4.3,90.5,1.45
1/17/2025 5:00,4.35,89.5,1.45
1/17/2025 6:00,4.6,89,1.45
1/17/2025 7:00,4.5,89.5,1.45
1/17/2025 8:00,4.3,90,1.45
1/17/2025 9:00,4.5,90,1.45
1/17/2025 10:00,5.05,92,1.5
1/17/2025 11:00,4.4,90,4.3
1/17/2025 12:00,4.2,88,4.3
1/17/2025 13:00,4.1,92,4.3
1/17/2025 14:00,3.8,92,4.3
1/17/2025 15:00,3.2,93,4.3
1/17/2025 16:00,2.5,91.5,4.05
1/17/2025 17:00,2.4,92,4.05
1/17/2025 18:00,2.25,93,4.05
1/17/2025 19:00,2.1,93.5,4.05
1/17/2025 20:00,2.15,93,4.05
1/17/2025 21:00,2.1,93.5,4.05
1/17/2025 22:00,2.1,93,4.05
1/17/2025 23:00,2,94,4.05
1/18/2025 0:00,1.9,93.5,4.05
1/18/2025 1:00,2.1,94.5,4.05
1/18/2025 2:00,1.9,95,4.05
1/18/2025 3:00,2.25,94,4.1
1/18/2025 4:00,2.25,94,4.1
1/18/2025 5:00,2.25,93.5,4.1
1/18/2025 6:00,2.95,89.5,4.1
1/18/2025 7:00,2.8,85,3.8
1/18/2025 8:00,2.8,84,3.8
1/18/2025 9:00,3,83,3.8
1/18/2025 10:00,3,83,3.8
1/18/2025 11:00,3,83,3.8
1/18/2025 12:00,3,84,3.8
1/18/2025 13:00,3.1,84,3.8
1/18/2025 14:00,2.4,81.5,4.1
1/18/2025 15:00,1.7,82.5,4.05
1/18/2025 16:00,1.5,81,4.05
1/18/2025 17:00,1.15,83,4.05
1/18/2025 18:00,1.05,81.5,4.05
1/18/2025 19:00,0.65,82,4.05
1/18/2025 20:00,0.25,81.5,4.05
1/18/2025 21:00,-0.05,83,4.05
1/18/2025 22:00,-0.15,85.5,4.05
1/18/2025 23:00,-0.3,84,4.05
1/19/2025 0:00,-0.5,83.5,4.05
1/19/2025 1:00,-0.7,84.5,4.05
1/19/2025 2:00,-1,86.5,4.05
1/19/2025 3:00,-1.85,85.5,4.05
1/19/2025 4:00,-2,86.5,4
1/19/2025 5:00,-2.45,82.5,4
1/19/2025 6:00,-1.1,64,4.3
1/19/2025 7:00,-1.5,68,4.3
1/19/2025 8:00,-1.6,71,4.3
1/19/2025 9:00,-1.35,80.5,1.45
1/19/2025 10:00,-2,82.5,1.45
1/19/2025 11:00,-2.65,80,1.45
1/19/2025 12:00,-3.2,74.5,1.45
1/19/2025 13:00,-4.05,64,1.45
1/19/2025 14:00,-4,66.5,1.45
1/19/2025 15:00,-4.65,65,1.45
1/19/2025 16:00,-4.8,64,1.45
1/19/2025 17:00,-5.05,60,1.45
1/19/2025 18:00,-5.7,57,1.45
1/19/2025 19:00,-5.75,60,1.45
1/19/2025 20:00,-5.85,57.5,1.45
1/19/2025 21:00,-7.05,55,1.45
1/19/2025 22:00,-6.4,59,1.45
1/19/2025 23:00,-7.8,70,-1.4
1/20/2025 0:00,-8.5,66,-1.4
1/20/2025 1:00,-9.3,69,-1.4
1/20/2025 2:00,-9.7,76,-1.4
1/20/2025 2:00,-7.2,75.5,1.7
1/20/2025 2:00,-7.2,75.5,1.7
1/20/2025 2:00,-4.7,75,4.8
1/20/2025 2:00,-4.7,75,4.8
1/20/2025 2:00,-3.3,68.5,3.3
1/20/2025 3:00,-3.65,69,3.3
1/20/2025 4:00,-4.15,70,3.3
1/20/2025 5:00,-4.55,70,3.3
1/20/2025 6:00,-4.65,69.5,3.3
1/20/2025 7:00,-5.2,74,3.3
1/20/2025 8:00,-6.05,80,3.3
1/20/2025 9:00,-6.85,82,3.3
1/20/2025 10:00,-7.2,81,3.25
1/20/2025 11:00,-6.7,79.5,3.25
1/20/2025 12:00,-6.6,79,3.25
1/20/2025 13:00,-6.35,73.5,3.25
1/20/2025 14:00,-6.45,74.5,3.25
1/20/2025 15:00,-6.55,73,3.25
1/20/2025 16:00,-6.4,65.5,3.25
1/20/2025 17:00,-5.85,56,3.25
1/20/2025 18:00,-5.45,55.5,3.25
1/20/2025 19:00,-4.8,55,3.25
1/20/2025 20:00,-4.65,57,3.25
1/20/2025 21:00,-4.55,60,3.25
1/20/2025 22:00,-4.45,59.5,3.25
1/20/2025 23:00,-4.25,60,3.25
1/21/2025 0:00,-4.1,60,3.25
1/21/2025 1:00,-3.6,61,3.25
1/21/2025 2:00,-3.55,61,3.25
1/21/2025 3:00,-2.7,55,1.8
1/21/2025 4:00,-2.8,56,1.8
1/21/2025 5:00,-1,62.5,2.4
1/21/2025 6:00,-1.05,62,2.4
1/21/2025 7:00,-1.2,62,2.4
1/21/2025 8:00,-1.3,61.5,2.4
1/21/2025 9:00,-1.4,61,2.4
1/21/2025 10:00,-1.45,60.5,2.45
1/21/2025 11:00,-1.5,59.5,2.45
1/21/2025 12:00,-1.6,59.5,2.45
1/21/2025 13:00,-1.3,61.5,2.45
1/21/2025 14:00,-1.7,61.5,2.45
1/21/2025 15:00,-1.95,61,2.45
1/21/2025 16:00,-2.3,61.5,2.45
1/21/2025 17:00,-2.55,63,2.45
1/21/2025 18:00,-2.85,63,2.45
1/21/2025 19:00,-3,63,2.45
1/21/2025 20:00,-3.1,62.5,2.45
1/21/2025 21:00,-1.8,69,3
1/21/2025 22:00,-1.9,69,3
1/21/2025 23:00,-0.6,80,2.6
1/22/2025 0:00,-0.65,80.5,2.6
1/22/2025 1:00,-0.75,82,2.6
1/22/2025 2:00,-0.75,80.5,2.65
1/22/2025 3:00,-0.65,80,2.65
1/22/2025 4:00,-0.7,80.5,2.65
1/22/2025 5:00,-0.8,80,2.7
1/22/2025 6:00,0.3,93,2.4
1/22/2025 7:00,0.2,92,2.4
1/22/2025 8:00,0.1,90,2.5
1/22/2025 9:00,0.1,88,2.5
1/22/2025 10:00,1.3,91,3.35
1/22/2025 11:00,1.45,87.5,3.35
1/22/2025 12:00,1.5,86.5,3.35
1/22/2025 13:00,1.3,89,3.4
1/22/2025 14:00,0.95,87.5,3.4
1/22/2025 15:00,0.8,85.5,3.45
1/22/2025 16:00,1.9,98,4.4
1/22/2025 17:00,1.9,98,4.5
1/22/2025 18:00,2.15,93.5,5.45
1/22/2025 19:00,1.85,93,5.45
1/22/2025 20:00,1.6,95,5.5
1/22/2025 21:00,1.45,93.5,5.5
1/22/2025 22:00,0.9,93,5.55
1/22/2025 23:00,0.8,94,5.55
1/23/2025 0:00,1.4,92,6.3
1/23/2025 1:00,0.1,96,6.3
1/23/2025 2:00,-0.3,95,6.3
1/23/2025 3:00,-1.8,92,5.8
1/23/2025 4:00,-1.65,90.5,5.8
1/23/2025 5:00,-1.9,90,5.75
1/23/2025 6:00,-2.05,91,5.75
1/23/2025 7:00,-2.3,91,5.75
1/23/2025 8:00,-2.6,90.5,5.75
1/23/2025 14:00,1,91,5.3
1/23/2025 15:00,-0.4,95,5.3
1/23/2025 16:00,-0.9,97,5.3
1/23/2025 17:00,-1.1,99,5.3
1/23/2025 18:00,-1.4,96,5.3
1/23/2025 19:00,-1.4,92,5.3
1/23/2025 20:00,-0.1,90,5.3
1/23/2025 21:00,0.05,88.5,5.8
1/23/2025 22:00,0.5,90.5,5.8
1/23/2025 23:00,0.9,89,5.75
1/24/2025 0:00,0.55,88,5.75
1/24/2025 1:00,1,87.5,5.75
1/24/2025 2:00,0.9,88,5.7
1/24/2025 3:00,0.5,87,5.7
1/24/2025 4:00,0.4,86.5,5.7
1/24/2025 5:00,0.6,86,5.7
1/24/2025 6:00,0.05,87,5.7
1/24/2025 7:00,0.15,84.5,5.7
1/24/2025 8:00,-0.1,83.5,5.7
1/24/2025 9:00,-0.8,85,6.2
1/24/2025 10:00,-0.5,78,6.2
1/24/2025 11:00,0.4,68,6.2
1/24/2025 12:00,0.5,64,6.2
1/24/2025 13:00,0.6,63,6.2
1/24/2025 14:00,0.2,63,6.2
1/24/2025 15:00,-0.2,64,6.2
1/24/2025 16:00,0.1,64,6.2
1/24/2025 17:00,0.5,67,6.2
1/24/2025 18:00,1.3,68,6.2
1/24/2025 19:00,1.4,69,6.2
1/24/2025 20:00,1.7,64,6.2
1/24/2025 21:00,3.4,60.5,4.4
1/24/2025 22:00,3.45,62,4.4
1/24/2025 23:00,3.45,61.5,4.45
1/25/2025 0:00,3.45,63,4.45
1/25/2025 1:00,3.5,69.5,4.5
1/25/2025 2:00,3.75,71.5,4.5
1/25/2025 3:00,3.9,71.5,4.5
1/25/2025 4:00,4.45,71,4.5
1/25/2025 5:00,4.6,72.5,4.5
1/25/2025 6:00,5.3,69,4.5
1/25/2025 7:00,4.65,78,4.5
1/25/2025 8:00,4.85,77,4.5
1/25/2025 9:00,4.8,78,4.5
1/25/2025 10:00,5.6,60,2.8
1/25/2025 11:00,6.2,57,2.8
1/25/2025 12:00,6.7,55,2.8
1/25/2025 13:00,7.6,50,2.8
1/25/2025 14:00,2.95,59,2.4
1/25/2025 15:00,2.75,59.5,2.4
1/25/2025 16:00,2.7,59,2.4
1/25/2025 17:00,2.3,59,2.4
1/25/2025 18:00,1.95,58,2.4
1/25/2025 19:00,1.75,59.5,2.4
1/25/2025 20:00,1.4,60,2.4
1/25/2025 21:00,1,63,2.4
1/25/2025 22:00,1.3,65.5,2.35
1/25/2025 23:00,1.4,69.5,2.35
1/26/2025 0:00,1.3,69,2.35
1/26/2025 1:00,1.05,75.5,2.35
1/26/2025 2:00,1.35,73.5,2.35
1/26/2025 3:00,2.05,74.5,2.35
1/26/2025 4:00,2.7,71,2.35
1/26/2025 5:00,3.4,71,2.35
1/26/2025 6:00,3.85,70,2.35
1/26/2025 7:00,3.35,74,2.35
1/26/2025 8:00,3.5,74.5,2.3
1/26/2025 9:00,3.75,73.5,2.3
1/26/2025 10:00,3.9,71,2.3
1/26/2025 11:00,3.35,72,2.3
1/26/2025 12:00,3.6,69.5,2.3
1/26/2025 13:00,3,96,1.9
1/26/2025 14:00,4.3,79,1.9
1/26/2025 15:00,4.5,73,2
1/26/2025 16:00,1.9,76.5,0.3
1/26/2025 17:00,1.95,77.5,0.3
1/26/2025 18:00,2.4,77,0.3
1/26/2025 19:00,2.35,78,0.3
1/26/2025 20:00,1.35,85.5,0.3
1/26/2025 21:00,0.85,88,0.3
1/26/2025 22:00,0.25,87,0.3
1/26/2025 23:00,0.15,85,0.35
1/27/2025 0:00,0.85,80.5,0.35
1/27/2025 1:00,0.6,81.5,0.35
1/27/2025 2:00,-0.15,83,0.4
1/27/2025 3:00,-0.9,82,0.35
1/27/2025 4:00,-1.4,81,0.35
1/27/2025 5:00,-2,81,0.35
1/27/2025 6:00,-2.75,81.5,0.35
1/27/2025 7:00,-3.4,82,0.35
1/27/2025 8:00,-3.8,81.5,0.35
1/27/2025 9:00,-4.45,83,0.4
1/27/2025 10:00,-4.55,82,0.4
1/27/2025 11:00,-4.55,80,0.4
1/27/2025 12:00,-4.65,79.5,0.45
1/27/2025 13:00,-4.15,81.5,0.45
1/27/2025 14:00,-6.7,96,-1.5
1/27/2025 15:00,-7.1,95,-1.5
1/27/2025 16:00,-7.3,94,-1.5
1/27/2025 17:00,-8,93,-1.5
1/27/2025 18:00,-7.9,93,-1.5
1/27/2025 19:00,-5.4,87.5,1.35
1/27/2025 20:00,-5.6,86.5,1.35
1/27/2025 21:00,-5.95,87.5,1.4
1/27/2025 22:00,-5.85,89.5,1.4
1/27/2025 23:00,-5.9,88.5,1.4
1/28/2025 0:00,-6.05,88,1.4
1/28/2025 1:00,-4.7,89,1.4
1/28/2025 2:00,-5.45,89,1.4
1/28/2025 3:00,-6.2,87,1.4
1/28/2025 4:00,-6.6,86,1.35
1/28/2025 5:00,-6.45,85.5,1.3
1/28/2025 6:00,-6.35,84,1.3
1/28/2025 7:00,-6.6,85.5,1.3
1/28/2025 8:00,-6.3,88,1.3
1/28/2025 9:00,-5.95,88.5,1.3
1/28/2025 10:00,-5.1,89,1.3
1/28/2025 11:00,-2,87,4.1
1/28/2025 12:00,-1.9,86,4.1
1/28/2025 13:00,-1.6,84,4.1
1/28/2025 14:00,-1.8,82,4.1
1/28/2025 15:00,-1.5,81,4
1/28/2025 16:00,-4.4,84,3.65
1/28/2025 17:00,-4.4,84,3.65
1/28/2025 18:00,-4.3,84,3.65
1/28/2025 19:00,-4.15,83.5,3.65
1/28/2025 20:00,-4,83,3.65
1/28/2025 21:00,-4.5,85,3.65
1/28/2025 22:00,-4.6,85,3.65
1/28/2025 23:00,-4.25,86,3.65
1/29/2025 0:00,-4.1,87,3.65
1/29/2025 1:00,-3.7,88,3.65
1/29/2025 2:00,-3.3,89,3.65
1/29/2025 3:00,-3,89.5,3.65
1/29/2025 4:00,-2.7,88.5,3.65
1/29/2025 5:00,-2.75,88.5,3.65
1/29/2025 6:00,-2.55,86.5,3.65
1/29/2025 7:00,-4.8,91,3.3
1/29/2025 8:00,-5.8,92,3.3
1/29/2025 9:00,-6.6,92,3.4
1/29/2025 10:00,-6.9,91,3.4
1/29/2025 11:00,-7.2,90,3.4
1/29/2025 12:00,-7.8,89,3.4
1/29/2025 13:00,-8.6,87,3.4
1/29/2025 14:00,-3.9,83.5,3.7
1/29/2025 15:00,-3.55,80.5,3.7
1/29/2025 16:00,-3.95,81,3.65
1/29/2025 17:00,-4.65,82,3.65
1/29/2025 18:00,-5.65,84.5,3.65
1/29/2025 19:00,-6.3,86,3.65
1/29/2025 20:00,-7,86.5,3.65
1/29/2025 21:00,-7.4,87,3.65
1/29/2025 22:00,-7.95,87.5,3.65
1/29/2025 23:00,-8.2,86,3.65
1/30/2025 0:00,-8.5,85,3.65
1/30/2025 1:00,-9.15,84,3.65
1/30/2025 2:00,-9.2,83,3.65
1/30/2025 3:00,-8.95,82.5,3.65
1/30/2025 4:00,-9.1,83.5,3.65
1/30/2025 5:00,-9.15,83.5,3.65
1/30/2025 6:00,-3.2,76,3.9
1/30/2025 7:00,-3.2,75,3.9
1/30/2025 8:00,-3,75,3.9
1/30/2025 9:00,-5.25,80.5,1.25
1/30/2025 10:00,-5.2,81,1.3
1/30/2025 11:00,-5,78.5,1.3
1/30/2025 12:00,-5.1,78,1.3
1/30/2025 13:00,-5.1,80.5,1.3
1/30/2025 14:00,-5,79,1.3
1/30/2025 15:00,-4.75,78,1.3
1/30/2025 16:00,-3.8,74.5,1.3
1/30/2025 17:00,-3.3,75.5,1.3
1/30/2025 18:00,-2.7,76.5,1.3
1/30/2025 19:00,-2.25,77,1.3
1/30/2025 20:00,-2.4,83,1.3
1/30/2025 21:00,-2.35,88.5,1.3
1/30/2025 22:00,-2.4,90,1.3
1/30/2025 23:00,-4.8,95,-1.4
1/31/2025 0:00,-5.1,94,-1.4
1/31/2025 1:00,-3.2,92,-1.4
1/31/2025 2:00,-3.3,93,-1.4
1/31/2025 2:00,-0.6,92,2.1
1/31/2025 2:00,-0.6,92,2.1
1/31/2025 2:00,2.1,91,5.6
1/31/2025 2:00,2.1,91,5.6
1/31/2025 2:00,1.8,90.5,4.85
1/31/2025 3:00,1.4,92,4.8
1/31/2025 4:00,1.35,90.5,4.8
1/31/2025 5:00,1.1,90.5,4.75
1/31/2025 6:00,1.35,90.5,4.7
1/31/2025 7:00,1.2,93,4.7
1/31/2025 8:00,1.35,86,4.7
1/31/2025 9:00,1.7,83.5,4.75
1/31/2025 10:00,2.5,81.5,4.75
1/31/2025 11:00,2.15,85.5,4.8
1/31/2025 12:00,2.1,85.5,4.8
1/31/2025 13:00,1.6,87,4.8
1/31/2025 14:00,1.85,87,4.8
1/31/2025 15:00,1.75,82,4.8
1/31/2025 16:00,1.35,81.5,4.8
1/31/2025 17:00,1.15,81,4.8
1/31/2025 18:00,1.5,79.5,4.8
1/31/2025 19:00,1.15,80.5,4.8
1/31/2025 20:00,1,79,4.8
1/31/2025 21:00,0.95,81,4.8
1/31/2025 22:00,1.1,80.5,4.8
1/31/2025 23:00,1.25,82,4.8
2/1/2025 0:00,1.3,80.5,4.8
2/1/2025 1:00,0.95,78.5,4.8
2/1/2025 2:00,0.65,78,4.75
2/1/2025 3:00,0.7,81,3.9
2/1/2025 4:00,0.5,80,3.9
2/1/2025 5:00,0.75,85,4.5
2/1/2025 6:00,0.9,84.5,4.5
2/1/2025 7:00,1.05,83,4.5
2/1/2025 8:00,0.85,82.5,4.5
2/1/2025 9:00,0.75,81.5,4.5
2/1/2025 10:00,0.6,83.5,4.55
2/1/2025 11:00,0.25,86.5,4.55
2/1/2025 12:00,-0.3,87.5,4.55
2/1/2025 13:00,0.5,90,4.55
2/1/2025 14:00,-0.8,91,4.55
2/1/2025 15:00,-1.7,91.5,4.6
2/1/2025 16:00,-2.4,92.5,4.6
2/1/2025 17:00,-3.05,92.5,4.55
2/1/2025 18:00,-3.65,92.5,4.55
2/1/2025 19:00,-4.2,92.5,4.55
2/1/2025 20:00,-4.6,92.5,4.55
2/1/2025 21:00,-2.5,97,5.1
2/1/2025 22:00,-2.8,95,5.1
2/1/2025 23:00,-3.35,86.5,5.5
2/2/2025 0:00,-3.5,87.5,5.5
2/2/2025 1:00,-3.45,80.5,5.5
2/2/2025 2:00,-3.85,79,5.5
2/2/2025 3:00,-3.75,78,5.45
2/2/2025 4:00,-3.4,76,5.4
2/2/2025 5:00,-2.9,75.5,5.4
2/2/2025 6:00,-3.7,78,5.8
2/2/2025 7:00,-3.5,76,5.8
2/2/2025 8:00,-3.5,70,5.7
2/2/2025 9:00,-2.8,63,5.6
2/2/2025 10:00,-0.5,53,5.55
2/2/2025 11:00,0.6,49.5,5.5
2/2/2025 12:00,1.5,51.5,5.5
2/2/2025 13:00,1.65,53,5.5
2/2/2025 14:00,1.35,55.5,5.5
2/2/2025 15:00,0.9,58.5,5.55
2/2/2025 16:00,1.5,62,5.6
2/2/2025 17:00,1,64,5.7
2/2/2025 18:00,1.95,71.5,5.75
2/2/2025 19:00,2,68.5,5.75
2/2/2025 20:00,1.65,74.5,5.75
2/2/2025 21:00,1.25,79.5,5.75
2/2/2025 22:00,0.95,84,5.75
2/2/2025 23:00,0.85,88.5,5.75
2/3/2025 0:00,3.3,82,5.8
2/3/2025 1:00,3.5,85,5.8
2/3/2025 2:00,3.7,82,5.8
2/3/2025 3:00,3.55,84.5,5.7
2/3/2025 4:00,3.45,83.5,5.7
2/3/2025 5:00,3.3,83,5.7
2/3/2025 6:00,3.55,81,5.7
2/3/2025 7:00,3.6,79.5,5.7
2/3/2025 8:00,3.75,79,5.7
2/3/2025 14:00,4.3,90,5.6
2/3/2025 15:00,4.4,89,5.6
2/3/2025 16:00,4.5,88,5.6
2/3/2025 17:00,4.7,87,5.6
2/3/2025 18:00,4.8,86,5.6
2/3/2025 19:00,4.9,86,5.6
2/3/2025 20:00,4.9,87,5.6
2/3/2025 21:00,5.45,86,5.65
2/3/2025 22:00,5.35,86.5,5.65
2/3/2025 23:00,5.35,86.5,5.65
2/4/2025 0:00,5.6,85,5.65
2/4/2025 1:00,5.75,85,5.65
2/4/2025 2:00,5.95,84,5.65
2/4/2025 3:00,6.15,83.5,5.65
2/4/2025 4:00,6.3,85,5.65
2/4/2025 5:00,6.25,84.5,5.65
2/4/2025 6:00,6.35,83.5,5.65
2/4/2025 7:00,6.25,83.5,5.65
2/4/2025 8:00,6.2,83,5.65
2/4/2025 9:00,7.4,74,5.6
2/4/2025 10:00,7.7,73,5.6
2/4/2025 11:00,8.9,68,5.6
2/4/2025 12:00,9.4,66,5.6
2/4/2025 13:00,9.2,69,5.6
2/4/2025 14:00,9.2,67,5.6
2/4/2025 15:00,8.7,72,5.7
2/4/2025 16:00,8.5,74,5.7
2/4/2025 17:00,8.1,76,5.7
2/4/2025 18:00,7.6,81,5.7
2/4/2025 19:00,6.7,92,5.7
2/4/2025 20:00,6.6,92,5.7
2/4/2025 21:00,4.25,93,5.75
2/4/2025 22:00,4.3,93,5.75
2/4/2025 23:00,3.95,94,5.7
2/5/2025 0:00,3.5,95.5,5.7
2/5/2025 1:00,3.95,92.5,5.7
2/5/2025 2:00,3.6,92,5.65
2/5/2025 3:00,3.75,93,5.6
2/5/2025 4:00,3.7,96.5,5.6
2/5/2025 5:00,3.3,95,5.55
2/5/2025 6:00,3.85,92,5.55
2/5/2025 7:00,3.95,89,5.5
2/5/2025 8:00,3.4,90,5.5
2/5/2025 9:00,3.4,88,5.45
2/5/2025 10:00,3,91,5.4
2/5/2025 11:00,3.4,90,5.4
2/5/2025 12:00,3.1,90,5.4
2/5/2025 13:00,2.8,91,5.3
2/5/2025 14:00,2.45,89.5,4
2/5/2025 15:00,2.9,84.5,4
2/5/2025 16:00,2.9,85,3.95
2/5/2025 17:00,3.15,82.5,3.95
2/5/2025 18:00,2.7,82,3.9
2/5/2025 19:00,2.35,85.5,3.85
2/5/2025 20:00,3.15,81.5,3.8
2/5/2025 21:00,2.8,79,3.8
2/5/2025 22:00,2.05,83.5,3.75
2/5/2025 23:00,2.1,80,3.7
2/6/2025 0:00,2.15,78.5,3.7
2/6/2025 1:00,2.25,77.5,3.6
2/6/2025 2:00,2.25,76,3.6
2/6/2025 3:00,2.15,74.5,3.55
2/6/2025 4:00,2.25,73,3.55
2/6/2025 5:00,2.7,69.5,3.5
2/6/2025 6:00,3.25,65.5,3.45
2/6/2025 7:00,3.45,66,3.4
2/6/2025 8:00,3.85,68,3.4
2/6/2025 9:00,4.45,68.5,3.4
2/6/2025 10:00,4.9,69,3.35
2/6/2025 11:00,5.35,69,3.3
2/6/2025 12:00,5.5,69.5,3.3
2/6/2025 13:00,6.6,84,2
2/6/2025 14:00,6.6,87,2
2/6/2025 15:00,6.8,87,2
2/6/2025 16:00,6.15,90,0.25
2/6/2025 17:00,6.45,90.5,0.25
2/6/2025 18:00,6.85,89.5,0.25
2/6/2025 19:00,6.8,89.5,0.25
2/6/2025 20:00,6.8,89,0.25
2/6/2025 21:00,6.85,88,0.2
2/6/2025 22:00,6.5,89,0.2
2/6/2025 23:00,6.55,90,0.2
2/7/2025 0:00,6.3,90.5,0.2
2/7/2025 1:00,6.7,85,0.2
2/7/2025 2:00,6.2,89,0.2
2/7/2025 3:00,6.15,89,0.2
2/7/2025 4:00,6.2,87.5,0.2
2/7/2025 5:00,6,90.5,0.15
2/7/2025 6:00,5.9,91,0.15
2/7/2025 7:00,5.85,91.5,0.15
2/7/2025 8:00,5.95,91,0.15
2/7/2025 9:00,6.05,90,0.15
2/7/2025 10:00,6,90.5,0.15
2/7/2025 11:00,5.95,91,0.15
2/7/2025 12:00,5.95,89.5,0.15
2/7/2025 13:00,6.45,87,0.15
2/7/2025 14:00,5.7,92,-1.5
2/7/2025 15:00,5.4,92,-1.5
2/7/2025 16:00,5.2,92,-1.5
2/7/2025 17:00,5,92,-1.5
2/7/2025 18:00,4.8,92,-1.5
2/7/2025 19:00,4.65,93.5,1
2/7/2025 20:00,4.75,92.5,1
2/7/2025 21:00,4.7,91,1
2/7/2025 22:00,4.55,91,1
2/7/2025 23:00,4.5,89,1
2/8/2025 0:00,4.45,87,1
2/8/2025 1:00,5.05,79,1
2/8/2025 2:00,4.6,78.5,1
2/8/2025 3:00,4.45,78,1
2/8/2025 4:00,4.2,78,1
2/8/2025 5:00,3.75,80,1
2/8/2025 6:00,3.45,79,1
2/8/2025 7:00,3.2,78,1
2/8/2025 8:00,3.1,76,1
2/8/2025 9:00,2.95,74,1
2/8/2025 10:00,3,72.5,1
2/8/2025 11:00,4.2,65,3.5
2/8/2025 12:00,4,66,3.5
2/8/2025 13:00,3.8,69,3.5
2/8/2025 14:00,3,71,3.5
2/8/2025 15:00,2.3,76,3.5
2/8/2025 16:00,-0.15,85,3.4
2/8/2025 17:00,-0.3,85,3.4
2/8/2025 18:00,-0.5,85.5,3.4
2/8/2025 19:00,-0.8,87,3.4
2/8/2025 20:00,-1.1,86.5,3.4
2/8/2025 21:00,-1.8,85,3.4
2/8/2025 22:00,-1.95,82,3.3
2/8/2025 23:00,-2.05,80,3.3
2/9/2025 0:00,-2.05,77,3.3
2/9/2025 1:00,-1.6,79.5,3.3
2/9/2025 2:00,-1.65,79.5,3.3
2/9/2025 3:00,-2.45,83.5,3.3
2/9/2025 4:00,-2.85,85,3.25
2/9/2025 5:00,-3,84,3.25
2/9/2025 6:00,-2.6,82,3.25
2/9/2025 7:00,-5.2,87,3.2
2/9/2025 8:00,-5.1,87,3.2
2/9/2025 9:00,-4.7,85,3.2
2/9/2025 10:00,-4.4,84,3.2
2/9/2025 11:00,-4.3,83,3.2
2/9/2025 12:00,-4.4,83,3.2
2/9/2025 13:00,-4.3,83,3.2
2/9/2025 14:00,-2.1,80,3.2
2/9/2025 15:00,-1.6,79,3.2
2/9/2025 16:00,-1.3,80,3.2
2/9/2025 17:00,-1.65,82.5,3.2
2/9/2025 18:00,-1.7,82,3.2
2/9/2025 19:00,-1.75,79.5,3.2
2/9/2025 20:00,-1.95,83,3.2
2/9/2025 21:00,-2.35,77.5,3.2
2/9/2025 22:00,-2.2,75,3.2
2/9/2025 23:00,-1.85,71.5,3.15
2/10/2025 0:00,-0.95,70.5,3.15
2/10/2025 1:00,-0.75,68.5,3.15
2/10/2025 2:00,-1,73,3.15
2/10/2025 3:00,-1.05,77.5,3.1
2/10/2025 4:00,-1.1,78.5,3.05
2/10/2025 5:00,-0.85,80.5,3.05
2/10/2025 6:00,-0.1,81,3
2/10/2025 7:00,-0.2,80,3
2/10/2025 8:00,0.1,79,3
2/10/2025 9:00,0.45,75.5,0.75
2/10/2025 10:00,0.45,79.5,0.75
2/10/2025 11:00,0.65,80,0.75
2/10/2025 12:00,0.75,79.5,0.75
2/10/2025 13:00,0.95,79.5,0.75
2/10/2025 14:00,0.85,83,0.75
2/10/2025 15:00,1.2,82.5,0.75
2/10/2025 16:00,1.25,84.5,0.75
2/10/2025 17:00,1.75,83.5,0.75
2/10/2025 18:00,2.25,85,0.75
2/10/2025 19:00,2.85,85,0.75
2/10/2025 20:00,3.5,86,0.75
2/10/2025 21:00,3.9,90,0.75
2/10/2025 22:00,4.5,90.5,0.75
2/10/2025 23:00,4.7,92,-1.5
2/11/2025 0:00,4.8,92,-1.5
2/11/2025 1:00,4.7,92,-1.5
2/11/2025 2:00,4.6,92,-1.5
2/11/2025 2:00,4.6,95,1.2
2/11/2025 2:00,4.6,95,1.2
2/11/2025 2:00,4.6,98,3.9
2/11/2025 2:00,4.6,98,3.9
2/11/2025 2:00,4.8,97,2.5
2/11/2025 3:00,4.9,96,2.5
2/11/2025 4:00,4.75,97,2.5
2/11/2025 5:00,4.85,97,2.45
2/11/2025 6:00,4.7,98.5,2.45
2/11/2025 7:00,4.85,98,2.45
2/11/2025 8:00,4.9,96.5,2.45
2/11/2025 9:00,5,95.5,2.45
2/11/2025 10:00,4.8,96.5,2.4
2/11/2025 11:00,4.8,96.5,2.4
2/11/2025 12:00,4.7,98,2.4
2/11/2025 13:00,4.35,97.5,2.4
2/11/2025 14:00,4.35,96.5,2.4
2/11/2025 15:00,4.1,97.5,2.4
2/11/2025 16:00,4.4,96.5,2.35
2/11/2025 17:00,4.3,98,2.35
2/11/2025 18:00,4.1,97.5,2.35
2/11/2025 19:00,3.6,97.5,2.35
2/11/2025 20:00,3.4,95,2.35
2/11/2025 21:00,2.8,87.5,2.3
2/11/2025 22:00,1.85,85.5,2.3
2/11/2025 23:00,1.4,84,2.3
2/12/2025 0:00,1.2,77,2.3
2/12/2025 1:00,1.25,77,2.3
2/12/2025 2:00,1.15,75.5,2.25
2/12/2025 3:00,1.2,75,0.7
2/12/2025 4:00,0.9,73,0.6
2/12/2025 5:00,2.2,87,2.05
2/12/2025 6:00,2.2,85,2.05
2/12/2025 7:00,1.85,85,2.05
2/12/2025 8:00,1.7,80.5,2.05
2/12/2025 9:00,1.35,80,2.05
2/12/2025 10:00,1.5,74.5,2
2/12/2025 11:00,1.55,72,2
2/12/2025 12:00,0.6,75.5,2
2/12/2025 13:00,1.05,74.5,2
2/12/2025 14:00,0.95,73,2
2/12/2025 15:00,0.65,72,2
2/12/2025 16:00,-0.45,71.5,2.05
2/12/2025 17:00,-1,75,2.05
2/12/2025 18:00,-1.9,81.5,2.05
2/12/2025 19:00,-2.55,86,2.05
2/12/2025 20:00,-2.4,87,2.1
2/12/2025 21:00,-1.2,81,3.4
2/12/2025 22:00,-1.2,81,3.3
2/12/2025 23:00,-1.55,80.5,3.4
2/13/2025 0:00,-1.65,81,3.4
2/13/2025 1:00,-2.05,82.5,3.4
2/13/2025 2:00,-2.3,80.5,3.45
2/13/2025 3:00,-2.05,81.5,3.5
2/13/2025 4:00,-1.95,81,3.5
2/13/2025 5:00,-2.05,80.5,3.5
2/13/2025 6:00,-1,90,3.8
2/13/2025 7:00,-1.1,89,3.8
2/13/2025 8:00,-1.6,88,3.8
2/13/2025 9:00,-1.7,87,3.8
2/13/2025 10:00,-1.8,78.5,4.25
2/13/2025 11:00,-1.85,74.5,4.25
2/13/2025 12:00,-1.4,70,4.25
2/13/2025 13:00,-0.45,70,4.25
2/13/2025 14:00,-0.3,68.5,4.2
2/13/2025 15:00,-0.8,69.5,4.2
2/13/2025 16:00,-2.7,72,4.6
2/13/2025 17:00,-3,72,4.6
2/13/2025 18:00,-3.25,77,4.9
2/13/2025 19:00,-3.8,80.5,4.9
2/13/2025 20:00,-4.3,83,4.9
2/13/2025 21:00,-4.55,82.5,4.9
2/13/2025 22:00,-4.8,82,4.9
2/13/2025 23:00,-5.05,81,4.9
2/14/2025 0:00,-4.4,76,5.2
2/14/2025 1:00,-4.3,79,5.2
2/14/2025 2:00,-5.4,82,5.2
2/14/2025 3:00,-2.5,75.5,4.95
2/14/2025 4:00,-2.55,79,4.95
2/14/2025 5:00,-2.55,80.5,4.95
2/14/2025 6:00,-2.45,81,4.95
2/14/2025 7:00,-2.15,82,4.95
2/14/2025 8:00,-1.9,82.5,4.95
2/14/2025 14:00,0.5,90,4.8
2/14/2025 15:00,0.3,91,4.8
2/14/2025 16:00,-0.3,94,4.8
2/14/2025 17:00,-0.5,96,4.8
2/14/2025 18:00,-0.2,95,4.8
2/14/2025 19:00,0.2,94,4.8
2/14/2025 20:00,0.1,93,4.8
2/14/2025 21:00,-1.4,88.5,4.95
2/14/2025 22:00,-1.4,89.5,4.95
2/14/2025 23:00,-1.5,91.5,4.95
2/15/2025 0:00,-1.35,90.5,4.95
2/15/2025 1:00,-1.95,91.5,4.95
2/15/2025 2:00,-2.5,90,4.95
2/15/2025 3:00,-5.15,90.5,4.9
2/15/2025 4:00,-5.45,90,4.85
2/15/2025 5:00,-6.1,88.5,4.85
2/15/2025 6:00,-6.7,87.5,4.85
2/15/2025 7:00,-7.65,85,4.85
2/15/2025 8:00,-7.2,81,4.85
2/15/2025 9:00,-6,76,4.8
2/15/2025 10:00,-4.8,72,4.8
2/15/2025 11:00,-3.8,68,4.8
2/15/2025 12:00,-3.1,65,4.8
2/15/2025 13:00,-2.6,67,4.8
2/15/2025 14:00,-2.3,62,4.8
2/15/2025 15:00,-2.8,63,4.8
2/15/2025 16:00,-4.1,67,4.9
2/15/2025 17:00,-5.4,66,4.9
2/15/2025 18:00,-6.8,65,4.9
2/15/2025 19:00,-8,66,4.9
2/15/2025 20:00,-8.5,67,4.9
2/15/2025 21:00,-9.7,69,3.7
2/15/2025 22:00,-10.15,71,3.7
2/15/2025 23:00,-10.55,69.5,3.7
2/16/2025 0:00,-10.9,71,3.75
2/16/2025 1:00,-10.15,71,3.75
2/16/2025 2:00,-10.1,70,3.7
2/16/2025 3:00,-9.8,71,3.7
2/16/2025 4:00,-9.6,70.5,3.7
2/16/2025 5:00,-9.2,71.5,3.6
2/16/2025 6:00,-8.25,72.5,3.6
2/16/2025 7:00,-7.6,80.5,3.6
2/16/2025 8:00,-6.25,80.5,3.6
2/16/2025 9:00,-4.55,76,3.6
2/16/2025 10:00,-3,73,2.5
2/16/2025 11:00,-2.1,72,2.5
2/16/2025 12:00,-1.5,72,2.4
2/16/2025 13:00,-1.1,76,2.3
2/16/2025 14:00,-1.5,82,2.4
2/16/2025 15:00,-1.75,80.5,2.4
2/16/2025 16:00,-2.6,81.5,2.4
2/16/2025 17:00,-3,82,2.35
2/16/2025 18:00,-2.6,81.5,2.35
2/16/2025 19:00,-3.15,81.5,2.35
2/16/2025 20:00,-2.7,79.5,2.35
2/16/2025 21:00,-2.6,79,2.4
2/16/2025 22:00,-2.8,77.5,2.4
2/16/2025 23:00,-2.65,81.5,2.4
2/17/2025 0:00,-2.15,84.5,2.4
2/17/2025 1:00,-2.15,87,2.4
2/17/2025 2:00,-2.05,89,2.4
2/17/2025 3:00,-2.15,87.5,2.35
2/17/2025 4:00,-2.55,82,2.35
2/17/2025 5:00,-2.75,82.5,2.35
2/17/2025 6:00,-2.1,84.5,2.35
2/17/2025 7:00,-2,85.5,2.35
2/17/2025 8:00,-1.55,87,2.35
2/17/2025 9:00,-0.85,85.5,2.35
2/17/2025 10:00,-0.5,82.5,2.3
2/17/2025 11:00,-0.3,81.5,2.3
2/17/2025 12:00,0.15,82.5,2.3
2/17/2025 13:00,-0.5,84,2.5
2/17/2025 14:00,-0.6,86,2.4
2/17/2025 15:00,-1,88,2.4
2/17/2025 16:00,-2.3,91.5,0.45
2/17/2025 17:00,-2.55,90.5,0.4
2/17/2025 18:00,-2.75,90,0.4
2/17/2025 19:00,-2.5,86.5,0.4
2/17/2025 20:00,-3.25,87.5,0.4
2/17/2025 21:00,-3.65,88,0.4
2/17/2025 22:00,-3.05,86,0.4
2/17/2025 23:00,-2.15,82,0.4
2/18/2025 0:00,-2.6,80.5,0.4
2/18/2025 1:00,-2.85,84,0.4
2/18/2025 2:00,-3.2,84,0.35
2/18/2025 3:00,-4.35,83.5,0.35
2/18/2025 4:00,-5.2,83.5,0.35
2/18/2025 5:00,-5.2,81.5,0.35
2/18/2025 6:00,-4.45,80,0.35
2/18/2025 7:00,-4.25,81.5,0.35
2/18/2025 8:00,-4.3,87.5,0.35
2/18/2025 9:00,-3.85,90,0.35
2/18/2025 10:00,-3.8,88.5,0.35
2/18/2025 11:00,-3.05,84.5,0.35
2/18/2025 12:00,-2.55,84,0.35
2/18/2025 13:00,-1.5,80.5,0.35
2/18/2025 14:00,-4.2,85,-1.5
2/18/2025 15:00,-4.5,86,-1.5
2/18/2025 16:00,-5.7,89,-1.5
2/18/2025 17:00,-5.9,92,-1.5
2/18/2025 18:00,-6.7,95,-1.5
2/18/2025 19:00,-3.95,85,0.85
2/18/2025 20:00,-3.4,84,0.85
2/18/2025 21:00,-3.15,84,0.9
2/18/2025 22:00,-2.9,83.5,0.9
2/18/2025 23:00,-2.65,82.5,0.9
2/19/2025 0:00,-3.1,84,0.9
2/19/2025 1:00,-1.55,80,0.9
2/19/2025 2:00,-1.75,82.5,0.9
2/19/2025 3:00,-1.55,83.5,0.9
2/19/2025 4:00,-1.35,81.5,0.9
2/19/2025 5:00,-1.7,82.5,0.9
2/19/2025 6:00,-1.55,85.5,0.9
2/19/2025 7:00,-1.45,86.5,0.9
2/19/2025 8:00,-1.3,86,0.9
2/19/2025 9:00,-1.35,89,0.95
2/19/2025 10:00,-1,85.5,0.95
2/19/2025 11:00,-1,78,3.4
2/19/2025 12:00,-1.1,73,3.4
2/19/2025 13:00,-0.8,77,3.4
2/19/2025 14:00,-1.1,76,3.4
2/19/2025 15:00,-1.6,76,3.4
2/19/2025 16:00,-5.5,81,2.95
2/19/2025 17:00,-5.6,82.5,2.95
2/19/2025 18:00,-5.65,83,2.95
2/19/2025 19:00,-5.85,85,2.95
2/19/2025 20:00,-5.9,88.5,2.95
2/19/2025 21:00,-6.3,88,3
2/19/2025 22:00,-6.1,88.5,3
2/19/2025 23:00,-5.55,84.5,3
2/20/2025 0:00,-4.85,80.5,3
2/20/2025 1:00,-4.75,81,3
2/20/2025 2:00,-4.85,81.5,3
2/20/2025 3:00,-4.7,82.5,2.95
2/20/2025 4:00,-4.8,81.5,2.95
2/20/2025 5:00,-4.85,85,2.95
2/20/2025 6:00,-4.75,84.5,2.95
2/20/2025 7:00,-8.6,85,2.5
2/20/2025 8:00,-6.6,83,2.5
2/20/2025 9:00,-5.2,80,2.5
2/20/2025 10:00,-3.8,82,2.5
2/20/2025 11:00,-2.8,79,2.5
2/20/2025 12:00,-2.5,83,2.5
2/20/2025 13:00,-3.2,85,2.5
2/20/2025 14:00,-1.65,87.5,3
2/20/2025 15:00,-2,90.5,3
2/20/2025 16:00,-2.45,87,3
2/20/2025 17:00,-2.95,86.5,3
2/20/2025 18:00,-2.4,85.5,3
2/20/2025 19:00,-2.9,85,3
2/20/2025 20:00,-3.85,85.5,3
2/20/2025 21:00,-4.3,86,3
2/20/2025 22:00,-4.65,86.5,3
2/20/2025 23:00,-3.55,89,3
2/21/2025 0:00,-3,90,3
2/21/2025 1:00,-3.1,90.5,3
2/21/2025 2:00,-2.85,90.5,3
2/21/2025 3:00,-2.2,90,3
2/21/2025 4:00,-1.6,90.5,3
2/21/2025 5:00,-1.4,88,3
2/21/2025 6:00,1.5,89,3.5
2/21/2025 7:00,0.9,83,3.5
2/21/2025 8:00,0.6,76,3.5
2/21/2025 9:00,-0.25,75.5,1
2/21/2025 10:00,-0.05,68.5,1
2/21/2025 11:00,-0.35,64.5,1
2/21/2025 12:00,-1,63,1
2/21/2025 13:00,-0.7,65,1
2/21/2025 14:00,-1.55,68,1
2/21/2025 15:00,-2.05,75.5,1
2/21/2025 16:00,-2.3,77,1
2/21/2025 17:00,-2.25,80,1
2/21/2025 18:00,-2,82.5,1
2/21/2025 19:00,-1.55,84,1
2/21/2025 20:00,-1.05,85,1
2/21/2025 21:00,-0.65,86.5,1
2/21/2025 22:00,-0.25,86.5,1
2/21/2025 23:00,2.3,86,-1.5
2/22/2025 0:00,2.9,85,-1.5
2/22/2025 1:00,0.7,91,-1.5
2/22/2025 2:00,0.3,91,-1.5
2/22/2025 2:00,1.5,89,0.85
2/22/2025 2:00,1.5,89,0.85
2/22/2025 2:00,2.7,87,3.2
2/22/2025 2:00,2.7,87,3.2
2/22/2025 2:00,2.85,80.5,2.8
2/22/2025 3:00,3.2,78.5,2.75
2/22/2025 4:00,3.3,79.5,2.75
2/22/2025 5:00,3.55,78.5,2.75
2/22/2025 6:00,3.95,78,2.75
2/22/2025 7:00,4.05,79,2.75
2/22/2025 8:00,5.25,77,2.75
2/22/2025 9:00,5.2,83.5,2.75
2/22/2025 10:00,5.25,85,2.8
2/22/2025 11:00,5.3,84.5,2.85
2/22/2025 12:00,5.6,83,2.85
2/22/2025 13:00,5.35,84.5,2.85
2/22/2025 14:00,5.3,84.5,2.85
2/22/2025 15:00,4.9,84,2.85
2/22/2025 16:00,4.05,86,2.85
2/22/2025 17:00,4.3,84.5,2.85
2/22/2025 18:00,4.55,84.5,2.85
2/22/2025 19:00,3.75,89,2.85
2/22/2025 20:00,4.5,86,2.8
2/22/2025 21:00,3.05,91.5,2.8
2/22/2025 22:00,3.65,93,2.8
2/22/2025 23:00,3.8,93,2.8
2/23/2025 0:00,3.75,94,2.8
2/23/2025 1:00,3.8,93.5,2.8
2/23/2025 2:00,3.95,92.5,2.8
2/23/2025 3:00,2.9,88,2.3
2/23/2025 4:00,3.1,86,2.3
2/23/2025 5:00,3.35,91,2.9
2/23/2025 6:00,3.95,88,2.9
2/23/2025 7:00,4.2,87,2.9
2/23/2025 8:00,4.85,82.5,2.9
2/23/2025 9:00,5.75,78,2.9
2/23/2025 10:00,6.5,74,2.9
2/23/2025 11:00,6.75,73.5,2.95
2/23/2025 12:00,6.9,73,2.95
2/23/2025 13:00,7.05,76,2.95
2/23/2025 14:00,6.65,77.5,2.95
2/23/2025 15:00,6.3,75.5,3.05
2/23/2025 16:00,5.7,76.5,3.05
2/23/2025 17:00,5.75,75.5,3.05
2/23/2025 18:00,5.7,74,3.05
2/23/2025 19:00,4.95,75,3.05
2/23/2025 20:00,3.75,78.5,3.05
2/23/2025 21:00,5.7,64,3.7
2/23/2025 22:00,5.5,61,3.7
2/23/2025 23:00,5.25,63.5,3.1
2/24/2025 0:00,5.3,63.5,3.1
2/24/2025 1:00,5.85,65.5,3.1
2/24/2025 2:00,5.8,66.5,3.1
2/24/2025 3:00,5.5,75,3.1
2/24/2025 4:00,5.8,72.5,3.05
2/24/2025 5:00,6,73,3.05
2/24/2025 6:00,7.1,63,2.5
2/24/2025 7:00,7.1,63,2.5
2/24/2025 8:00,7.3,61,2.5
2/24/2025 9:00,7.6,61,2.6
2/24/2025 10:00,6.35,67,3.65
2/24/2025 11:00,7.6,62,3.65
2/24/2025 12:00,8.55,58.5,3.7
2/24/2025 13:00,8.1,63,3.7
2/24/2025 14:00,8,64.5,3.7
2/24/2025 15:00,8.3,63.5,3.7
2/24/2025 16:00,5.9,70,4.6
2/24/2025 17:00,3,82,4.6
2/24/2025 18:00,5.3,75,4.9
2/24/2025 19:00,5.15,74,4.9
2/24/2025 20:00,4.85,75,4.9
2/24/2025 21:00,4.3,78,4.9
2/24/2025 22:00,3.95,77,4.9
2/24/2025 23:00,3.15,77,4.9
2/25/2025 0:00,6.3,70,5.2
2/25/2025 1:00,7.8,65,5.2
2/25/2025 2:00,7.7,65,5.2
2/25/2025 3:00,5.8,79.5,5.5
2/25/2025 4:00,5.15,80.5,5.5
2/25/2025 5:00,4.95,79.5,5.5
2/25/2025 6:00,4.9,82,5.5
2/25/2025 7:00,4.6,82,5.5
2/25/2025 8:00,4.7,81.5,5.5
2/25/2025 14:00,5.2,92,5.8
2/25/2025 15:00,4.7,90,5.8
2/25/2025 16:00,4,90,5.8
2/25/2025 17:00,3.8,92,5.8
2/25/2025 18:00,3.7,91,5.8
2/25/2025 19:00,3.1,93,5.8
2/25/2025 20:00,3.2,97,5.8
2/25/2025 21:00,3.75,82.5,5.5
2/25/2025 22:00,3.55,88.5,5.5
2/25/2025 23:00,4,91.5,5.5
2/26/2025 0:00,4.25,91,5.5
2/26/2025 1:00,3.95,93.5,5.5
2/26/2025 2:00,4.15,92,5.45
2/26/2025 3:00,3.1,90.5,5.45
2/26/2025 4:00,3.2,90,5.45
2/26/2025 5:00,3.35,90.5,5.45
2/26/2025 6:00,2.9,94.5,5.45
2/26/2025 7:00,2.7,94.5,5.45
2/26/2025 8:00,2.7,95,5.5
2/26/2025 9:00,4.4,89,5.1
2/26/2025 10:00,5.5,89,5.1
2/26/2025 11:00,5.8,92,5.1
2/26/2025 12:00,6.6,86,5.1
2/26/2025 13:00,6.1,75,5.1
2/26/2025 14:00,6.4,72,5.1
2/26/2025 15:00,6.7,72,5.1
2/26/2025 16:00,5.4,82,5.1
2/26/2025 17:00,3.3,85,5.1
2/26/2025 18:00,2.7,86,5.1
2/26/2025 19:00,2.1,90,5.1
2/26/2025 20:00,1.4,90,5.1
2/26/2025 21:00,0.7,92,4.05
2/26/2025 22:00,-0.2,90,4.05
2/26/2025 23:00,0.2,91.5,4.05
2/27/2025 0:00,-0.05,91,4
2/27/2025 1:00,0.8,94,4
2/27/2025 2:00,1.05,90.5,4
2/27/2025 3:00,0.6,90.5,3.95
2/27/2025 4:00,0.5,90,3.95
2/27/2025 5:00,0.65,88.5,3.9
2/27/2025 6:00,0.25,88.5,3.9
2/27/2025 7:00,0.3,88,3.9
2/27/2025 8:00,1.1,91,3.95
2/27/2025 9:00,1.95,85,3.95
2/27/2025 10:00,0.4,86,2.8
2/27/2025 11:00,1.4,85,2.8
2/27/2025 12:00,1.9,81,2.8
2/27/2025 13:00,2.2,93,2.8
2/27/2025 14:00,2.95,84.5,2.9
2/27/2025 15:00,2.95,85,2.9
2/27/2025 16:00,1.85,85.5,2.9
2/27/2025 17:00,1.7,83,2.9
2/27/2025 18:00,1.85,82,2.9
2/27/2025 19:00,1.45,87,2.9
2/27/2025 20:00,1.4,87.5,2.9
2/27/2025 21:00,1.05,87,2.9
2/27/2025 22:00,1.35,85,2.9
2/27/2025 23:00,1.4,85,2.85
2/28/2025 0:00,0.9,84.5,2.85
2/28/2025 1:00,1.25,86,2.8
2/28/2025 2:00,0.75,85,2.75
2/28/2025 3:00,0.6,84.5,2.7
2/28/2025 4:00,0.95,85,2.65
2/28/2025 5:00,0.65,84.5,2.65
2/28/2025 6:00,-0.5,86.5,2.65
2/28/2025 7:00,-1,83.5,2.65
2/28/2025 8:00,-0.7,83.5,2.65
2/28/2025 9:00,0.35,80.5,2.65
2/28/2025 10:00,1.05,78,2.65
2/28/2025 11:00,1.85,78.5,2.65
2/28/2025 12:00,2.15,77,2.65
2/28/2025 13:00,2,83,2.8
2/28/2025 14:00,2.8,79,2.8
2/28/2025 15:00,2.5,84,2.8
2/28/2025 16:00,-0.05,87.5,0.65
2/28/2025 17:00,-0.1,88.5,0.65
2/28/2025 18:00,0,90,0.65
2/28/2025 19:00,-0.15,93,0.65
2/28/2025 20:00,-0.75,96.5,0.65
2/28/2025 21:00,-1.45,93,0.65
2/28/2025 22:00,-1.45,94,0.65
2/28/2025 23:00,-1.2,94.5,0.65
3/1/2025 0:00,-1.9,91.5,0.65
3/1/2025 1:00,-0.8,89,0.65
3/1/2025 2:00,-0.45,89.5,0.65
3/1/2025 3:00,-0.9,91,0.65
3/1/2025 4:00,-0.55,91,0.7
3/1/2025 5:00,-0.45,90.5,0.7
3/1/2025 6:00,-0.25,88,0.7
3/1/2025 7:00,0.1,85.5,0.7
3/1/2025 8:00,0.7,83.5,0.7
3/1/2025 9:00,1.05,83,0.75
3/1/2025 10:00,1.4,83,0.75
3/1/2025 11:00,1.95,81.5,0.75
3/1/2025 12:00,2.45,80,0.75
3/1/2025 13:00,2.2,79.5,0.75
3/1/2025 14:00,1,79,-1.5
3/1/2025 15:00,0.7,82,-1.5
3/1/2025 16:00,0.4,85,-1.5
3/1/2025 17:00,0.2,87,-1.5
3/1/2025 18:00,0.2,85,-1.5
3/1/2025 19:00,-0.9,83.5,0.8
3/1/2025 20:00,-0.5,81.5,0.8
3/1/2025 21:00,-0.2,80.5,0.85
3/1/2025 22:00,0,82,0.9
3/1/2025 23:00,0.35,81.5,0.9
3/2/2025 0:00,0,83,0.9
3/2/2025 1:00,0.15,86.5,0.9
3/2/2025 2:00,0.35,86.5,0.9
3/2/2025 3:00,0.25,88,0.9
3/2/2025 4:00,-0.1,90,0.9
3/2/2025 5:00,-0.5,91.5,0.9
3/2/2025 6:00,-0.6,91,0.9
3/2/2025 7:00,-0.45,89,0.9
3/2/2025 8:00,0,87,0.9
3/2/2025 9:00,0.3,86,0.9
3/2/2025 10:00,0.7,85,0.9
3/2/2025 11:00,0.6,84,3.2
3/2/2025 12:00,0.8,82,3.2
3/2/2025 13:00,0.6,82,3.2
3/2/2025 14:00,-0.1,85,3.2
3/2/2025 15:00,-0.6,88,3.3
3/2/2025 16:00,-1.3,90,2.8
3/2/2025 17:00,-1.3,91,2.8
3/2/2025 18:00,-1.6,91.5,2.8
3/2/2025 19:00,-1.95,91.5,2.8
3/2/2025 20:00,-2.2,91.5,2.8
3/2/2025 21:00,-2.6,93,2.8
3/2/2025 22:00,-2.65,92,2.8
3/2/2025 23:00,-2.8,92,2.8
3/3/2025 0:00,-2.95,92,2.8
3/3/2025 1:00,-3.7,92,2.8
3/3/2025 2:00,-3.75,93.5,2.8
3/3/2025 3:00,-3.75,93.5,2.8
3/3/2025 4:00,-3.75,94,2.8
3/3/2025 5:00,-3.55,93.5,2.8
3/3/2025 6:00,-3.1,92.5,2.8
3/3/2025 7:00,-1.1,92,2.3
3/3/2025 8:00,-0.6,89,2.3
3/3/2025 9:00,-0.2,86,2.3
3/3/2025 10:00,-0.2,89,2.3
3/3/2025 11:00,-0.1,88,2.3
3/3/2025 12:00,-0.1,87,2.3
3/3/2025 13:00,-0.2,86,2.3
3/3/2025 14:00,-0.35,83.5,2.75
3/3/2025 15:00,-0.65,84,2.75
3/3/2025 16:00,-0.7,85,2.75
3/3/2025 17:00,-0.65,86,2.75
3/3/2025 18:00,-0.7,86.5,2.75
3/3/2025 19:00,-0.75,87,2.75
3/3/2025 20:00,-0.85,87.5,2.75
3/3/2025 21:00,-0.9,88,2.75
3/3/2025 22:00,-0.9,89,2.75
3/3/2025 23:00,-1,90.5,2.7
3/4/2025 0:00,-1,91,2.7
3/4/2025 1:00,-1.45,93.5,2.7
3/4/2025 2:00,-1.65,94,2.65
3/4/2025 3:00,-1.95,94,2.65
3/4/2025 4:00,-2,94,2.65
3/4/2025 5:00,-2.9,95,2.65
3/4/2025 6:00,-1.2,94,3.3
3/4/2025 7:00,-0.4,92,3.3
3/4/2025 8:00,0.1,86,3.3
3/4/2025 9:00,0.5,83,1
3/4/2025 10:00,1.15,79,1.05
3/4/2025 11:00,1.15,80,1.05
3/4/2025 12:00,1.45,78,1.05
3/4/2025 13:00,1.1,78.5,1.05
3/4/2025 14:00,0.55,78,1.1
3/4/2025 15:00,-0.05,84.5,1.15
3/4/2025 16:00,-0.15,88,1.15
3/4/2025 17:00,-0.55,89,1.15
3/4/2025 18:00,-0.7,91,1.15
3/4/2025 19:00,-0.9,92.5,1.15
3/4/2025 20:00,-0.95,93,1.15
3/4/2025 21:00,-1.05,93,1.15
3/4/2025 22:00,-1.1,92.5,1.15
3/4/2025 23:00,-1.6,94,-1.1
3/5/2025 0:00,-3.1,96,-1.1
3/5/2025 1:00,-4.1,96,-1.1
3/5/2025 2:00,-3.7,98,-1.1
3/5/2025 2:00,-1.6,90,1.05
3/5/2025 2:00,-1.6,90,1.05
3/5/2025 2:00,0.5,82,3.2
3/5/2025 2:00,0.5,82,3.2
3/5/2025 2:00,1.35,80.5,3.15
3/5/2025 3:00,1.65,85,3.15
3/5/2025 4:00,1.5,86.5,3.15
3/5/2025 5:00,1.25,88.5,3.15
3/5/2025 6:00,0.95,90,3.15
3/5/2025 7:00,1.25,86.5,3.15
3/5/2025 8:00,1.15,86.5,3.2
3/5/2025 9:00,0.9,90.5,3.2
3/5/2025 10:00,1.05,87.5,3.2
3/5/2025 11:00,2.25,76,3.2
3/5/2025 12:00,3,74,3.2
3/5/2025 13:00,3.15,79,3.2
3/5/2025 14:00,3.3,79,3.2
3/5/2025 15:00,2.3,78.5,3.2
3/5/2025 16:00,0.5,86.5,3.2
3/5/2025 17:00,-0.6,88.5,3.2
3/5/2025 18:00,-1.15,91.5,3.2
3/5/2025 19:00,-1.2,90,3.2
3/5/2025 20:00,-1.75,93.5,3.2
3/5/2025 21:00,-2.25,95.5,3.2
3/5/2025 22:00,-2.8,95,3.2
3/5/2025 23:00,-3.05,93.5,3.2
3/6/2025 0:00,-3.45,91.5,3.2
3/6/2025 1:00,-3.1,90,3.2
3/6/2025 2:00,-2.6,89.5,3.2
3/6/2025 3:00,-2.1,88,3.2
3/6/2025 4:00,-2,84,3.2
3/6/2025 5:00,2.45,90,3.7
3/6/2025 6:00,2.35,89,3.7
3/6/2025 7:00,2.25,89,3.7
3/6/2025 8:00,2.2,91,3.7
3/6/2025 9:00,2.75,85.5,3.7
3/6/2025 10:00,3.15,84.5,3.75
3/6/2025 11:00,2.8,84,3.75
3/6/2025 12:00,3.1,81.5,3.75
3/6/2025 13:00,4.55,74,3.75
3/6/2025 14:00,4.8,70.5,3.75
3/6/2025 15:00,4.25,75,3.75
3/6/2025 16:00,3.4,79.5,3.75
3/6/2025 17:00,2.8,82,3.75
3/6/2025 18:00,2.8,83.5,3.75
3/6/2025 19:00,2.6,86.5,3.75
3/6/2025 20:00,3.05,87.5,3.75
3/6/2025 21:00,4.2,90,4.2
3/6/2025 22:00,4.2,90,4.2
3/6/2025 23:00,3.45,88,3.7
3/7/2025 0:00,3,94.5,3.7
3/7/2025 1:00,3,94,3.7
3/7/2025 2:00,2.7,95,3.7
3/7/2025 3:00,2.6,96,3.65
3/7/2025 4:00,2.6,95.5,3.65
3/7/2025 5:00,2.5,96,3.65
3/7/2025 6:00,2.2,96,3.1
3/7/2025 7:00,2.2,95,3.1
3/7/2025 8:00,3.2,93,3.1
3/7/2025 9:00,3.9,92,3.1
3/7/2025 10:00,7.3,85,3.95
3/7/2025 11:00,9.55,75,3.95
3/7/2025 12:00,9.4,68,3.95
3/7/2025 13:00,11.2,56,3.95
3/7/2025 14:00,10,60,3.95
3/7/2025 15:00,9.35,61.5,3.95
3/7/2025 16:00,7.3,69,4.8
3/7/2025 17:00,6.1,77,4.8
3/7/2025 18:00,5.55,84,4.9
3/7/2025 19:00,5.3,86,4.9
3/7/2025 20:00,5.35,82,4.85
3/7/2025 21:00,5.1,81,4.85
3/7/2025 22:00,5.25,78,4.85
3/7/2025 23:00,5.05,79,4.85
3/8/2025 0:00,5.2,83,4.9
3/8/2025 1:00,5.4,81,4.9
3/8/2025 2:00,5.3,80,4.8
3/8/2025 3:00,3.1,88,5.05
3/8/2025 4:00,2.8,87,5.05
3/8/2025 5:00,2.55,88.5,5.05
3/8/2025 6:00,1.9,89.5,5.05
3/8/2025 7:00,2,90.5,5.05
3/8/2025 8:00,3.35,89,5.15
3/8/2025 14:00,7.3,82,5.6
3/8/2025 15:00,7.3,79,5.6
3/8/2025 16:00,6.1,94,5.6
3/8/2025 17:00,5.3,95,5.6
3/8/2025 18:00,4.9,95,5.6
3/8/2025 19:00,5.1,96,5.6
3/8/2025 20:00,6.2,92,5.5
3/8/2025 21:00,5.35,88,5.2
3/8/2025 22:00,5.15,92,5.15
3/8/2025 23:00,5.15,92.5,5.15
3/9/2025 0:00,4.95,92,5.15
3/9/2025 1:00,5,92,5.1
3/9/2025 2:00,4.6,91.5,5.1
3/9/2025 3:00,4.3,91.5,5.1
3/9/2025 4:00,4.1,91.5,5.05
3/9/2025 5:00,3.9,91,5.05
3/9/2025 6:00,3.85,91.5,5.05
3/9/2025 7:00,3.75,91,5.05
3/9/2025 8:00,3.75,90.5,5.1
3/9/2025 9:00,1.3,98,4.9
3/9/2025 10:00,1.4,98,4.9
3/9/2025 11:00,1.5,97,4.9
3/9/2025 12:00,1.6,97,4.9
3/9/2025 13:00,1.7,98,4.9
3/9/2025 14:00,1.4,99,4.9
3/9/2025 15:00,1.4,99,4.9
3/9/2025 16:00,1.4,98,4.9
3/9/2025 17:00,1.4,98,4.9
3/9/2025 18:00,1.5,97,4.9
3/9/2025 19:00,1.5,98,4.9
3/9/2025 20:00,1.6,96,4.9
3/9/2025 21:00,1.95,89,3.7
3/9/2025 22:00,1.85,88.5,3.7
3/9/2025 23:00,1.7,88.5,3.65
3/10/2025 0:00,1.65,88,3.65
3/10/2025 1:00,1.75,85,3.65
3/10/2025 2:00,1.65,84.5,3.65
3/10/2025 3:00,1.55,83,3.65
3/10/2025 4:00,1.4,82,3.65
3/10/2025 5:00,1.3,81,3.65
3/10/2025 6:00,1.05,81,3.65
3/10/2025 7:00,1,81,3.65
3/10/2025 8:00,1.4,79.5,3.65
3/10/2025 9:00,1.95,75.5,3.75
3/10/2025 10:00,2,71,2.7
3/10/2025 11:00,2.5,69,2.8
3/10/2025 12:00,2.7,67,2.8
3/10/2025 13:00,3.2,62,2.9
3/10/2025 14:00,0.95,62.5,3.1
3/10/2025 15:00,0.7,62.5,3.15
3/10/2025 16:00,-0.3,69,3.2
3/10/2025 17:00,-1.5,75.5,3.25
3/10/2025 18:00,-2,77.5,3.3
3/10/2025 19:00,-2.45,78.5,3.35
3/10/2025 20:00,-3,81,3.35
3/10/2025 21:00,-3.7,84,3.3
3/10/2025 22:00,-4.55,85.5,3.35
3/10/2025 23:00,-4.9,84,3.35
3/11/2025 0:00,-5.1,82.5,3.35
3/11/2025 1:00,-5.5,80,3.35
3/11/2025 2:00,-5.55,79.5,3.35
3/11/2025 3:00,-5.5,76,3.35
3/11/2025 4:00,-5.55,74,3.35
3/11/2025 5:00,-5.65,74.5,3.3
3/11/2025 6:00,-5.65,74,3.3
3/11/2025 7:00,-5.4,71,3.3
3/11/2025 8:00,-4.5,67,3.35
3/11/2025 9:00,-3.55,62.5,3.35
3/11/2025 10:00,-2.3,59,3.45
3/11/2025 11:00,-1.3,57,3.5
3/11/2025 12:00,-0.3,54.5,3.5
3/11/2025 13:00,-2.7,61,3
3/11/2025 14:00,-2.2,62,3
3/11/2025 15:00,-2.4,65,3
3/11/2025 16:00,-4,80.5,1.2
3/11/2025 17:00,-5,85.5,1.2
3/11/2025 18:00,-5.8,87,1.2
3/11/2025 19:00,-6.65,86.5,1.2
3/11/2025 20:00,-7.3,85,1.2
3/11/2025 21:00,-8.2,84,1.2
3/11/2025 22:00,-8.25,83,1.15
3/11/2025 23:00,-8.45,85.5,1.15
3/12/2025 0:00,-8.6,85.5,1.15
3/12/2025 1:00,-8.8,83,1.15
3/12/2025 2:00,-9.1,83,1.15
3/12/2025 3:00,-9.45,82.5,1.15
3/12/2025 4:00,-9.6,81,1.2
3/12/2025 5:00,-9.85,81.5,1.2
3/12/2025 6:00,-9.55,80.5,1.2
3/12/2025 7:00,-8.6,80,1.2
3/12/2025 8:00,-7.6,78.5,1.2
3/12/2025 9:00,-6.05,77,1.2
3/12/2025 10:00,-5.05,75,1.2
3/12/2025 11:00,-4.05,74,1.25
3/12/2025 12:00,-3.35,71,1.25
3/12/2025 13:00,-2.9,70.5,1.25
3/12/2025 14:00,-4,87,-0.3
3/12/2025 15:00,-4.8,85,-0.3
3/12/2025 16:00,-6.2,85,-0.3
3/12/2025 17:00,-7.5,86,-0.3
3/12/2025 18:00,-8.5,87,-0.3
3/12/2025 19:00,-7.25,86,1.8
3/12/2025 20:00,-7.8,87.5,1.8
3/12/2025 21:00,-8,85.5,1.8
3/12/2025 22:00,-8.4,84.5,1.75
3/12/2025 23:00,-8.4,82,1.7
3/13/2025 0:00,-8.4,82.5,1.7
3/13/2025 1:00,-9.45,86,1.7
3/13/2025 2:00,-9.25,84.5,1.7
3/13/2025 3:00,-9.2,84.5,1.7
3/13/2025 4:00,-9,83.5,1.7
3/13/2025 5:00,-8.9,83,1.7
3/13/2025 6:00,-8.05,79.5,1.7
3/13/2025 7:00,-7.35,76.5,1.7
3/13/2025 8:00,-6.65,74.5,1.7
3/13/2025 9:00,-6.2,75.5,1.7
3/13/2025 10:00,-5.8,75.5,1.7
3/13/2025 11:00,-5,77,3.8
3/13/2025 12:00,-4.8,76,3.8
3/13/2025 13:00,-3.9,84,3.8
3/13/2025 14:00,-4.5,81,3.8
3/13/2025 15:00,-4.8,77,3.8
3/13/2025 16:00,-6.65,78,3.1
3/13/2025 17:00,-7.45,78.5,3.05
3/13/2025 18:00,-8.15,79,3.05
3/13/2025 19:00,-8.65,79.5,3.05
3/13/2025 20:00,-9.1,79,3.05
3/13/2025 21:00,-9.15,77.5,3
3/13/2025 22:00,-9.2,77,3
3/13/2025 23:00,-9.05,76,3
3/14/2025 0:00,-9.15,73,3
3/14/2025 1:00,-9.5,69,2.95
3/14/2025 2:00,-9.1,69.5,2.95
3/14/2025 3:00,-8.35,66,2.9
3/14/2025 4:00,-8.5,64.5,2.9
3/14/2025 5:00,-9.35,65,2.9
3/14/2025 6:00,-9.45,64.5,2.9
3/14/2025 7:00,-7.3,75,1.9
3/14/2025 8:00,-6.9,68,1.9
3/14/2025 9:00,-6.7,62,1.9
3/14/2025 10:00,-6.5,57,1.8
3/14/2025 11:00,-6.4,56,1.8
3/14/2025 12:00,-6.6,57,1.8
3/14/2025 13:00,-7.2,59,1.7
3/14/2025 14:00,-7.6,66,2.75
3/14/2025 15:00,-8.5,71.5,2.7
3/14/2025 16:00,-9.9,75,2.7
3/14/2025 17:00,-10.85,76,2.7
3/14/2025 18:00,-11.45,79.5,2.7
3/14/2025 19:00,-11.7,80,2.65
3/14/2025 20:00,-12,79.5,2.6
3/14/2025 21:00,-12.25,79.5,2.6
3/14/2025 22:00,-11.85,76.5,2.6
3/14/2025 23:00,-12.05,77.5,2.6
3/15/2025 0:00,-12.1,73.5,2.6
3/15/2025 1:00,-11.9,79,2.6
3/15/2025 2:00,-11.65,78.5,2.6
3/15/2025 3:00,-11.75,79.5,2.55
3/15/2025 4:00,-12,79,2.55
3/15/2025 5:00,-12.35,79.5,2.55
3/15/2025 6:00,-7.1,78,3.6
3/15/2025 7:00,-6.9,75,3.6
3/15/2025 8:00,-6.5,72,3.6
3/15/2025 9:00,-5.95,69.5,1.35
3/15/2025 10:00,-5.8,72,1.35
3/15/2025 11:00,-5.8,73.5,1.35
3/15/2025 12:00,-5.4,67.5,1.35
3/15/2025 13:00,-5.4,67,1.35
3/15/2025 14:00,-5.5,72,1.35
3/15/2025 15:00,-5.65,72.5,1.25
3/15/2025 16:00,-5.95,63.5,1.25
3/15/2025 17:00,-5.35,68,1.25
3/15/2025 18:00,-5.85,71.5,1.25
3/15/2025 19:00,-6.4,66.5,1.25
3/15/2025 20:00,-6.55,63.5,1.25
3/15/2025 21:00,-6,60,1.25
3/15/2025 22:00,-6.85,59.5,1.3
3/15/2025 23:00,-4.3,58,-1
3/16/2025 0:00,-4.7,72,-1
3/16/2025 1:00,-5,66,-1
3/16/2025 2:00,-6.1,75,-1
3/16/2025 2:00,-5.5,75.5,0.85
3/16/2025 2:00,-5.5,75.5,0.85
3/16/2025 2:00,-4.9,76,2.7
3/16/2025 2:00,-4.9,76,2.7
3/16/2025 2:00,-3.8,75,2.75
3/16/2025 3:00,-3.95,66,2.75
3/16/2025 4:00,-3.85,68.5,2.75
3/16/2025 5:00,-3.45,62.5,2.75
3/16/2025 6:00,-2.8,59.5,2.75
3/16/2025 7:00,-2.05,59,2.75
3/16/2025 8:00,-1.45,62.5,2.8
3/16/2025 9:00,-0.95,57,2.8
3/16/2025 10:00,-0.4,57,2.8
3/16/2025 11:00,-0.2,58,2.85
3/16/2025 12:00,-0.15,60,2.85
3/16/2025 13:00,0.35,55.5,2.85
3/16/2025 14:00,0.45,61.5,2.85
3/16/2025 15:00,-0.2,69,2.9
3/16/2025 16:00,-0.65,74.5,2.9
3/16/2025 17:00,-1.15,76,2.9
3/16/2025 18:00,-1.5,79,2.9
3/16/2025 19:00,-1.55,80,2.9
3/16/2025 20:00,-1.6,78,2.9
3/16/2025 21:00,-1.4,76,2.9
3/16/2025 22:00,-1.5,80.5,2.85
3/16/2025 23:00,-1.5,80,2.85
3/17/2025 0:00,-1.7,80.5,2.85
3/17/2025 1:00,-1.45,85,2.85
3/17/2025 2:00,-1.55,84,2.8
3/17/2025 3:00,0.1,82,2.8
3/17/2025 4:00,0.3,80,2.8
3/17/2025 5:00,0.8,86.5,3.3
3/17/2025 6:00,1.2,86.5,3.3
3/17/2025 7:00,1.5,88.5,3.3
3/17/2025 8:00,1.85,89.5,3.3
3/17/2025 9:00,2.55,90.5,3.3
3/17/2025 10:00,2.9,90,3.3
3/17/2025 11:00,3.5,92,3.3
3/17/2025 12:00,4.35,89,3.3
3/17/2025 13:00,4.75,86,3.3
3/17/2025 14:00,5.15,83,3.25
3/17/2025 15:00,4.7,88,3.25
3/17/2025 16:00,4.6,88.5,3.25
3/17/2025 17:00,4.5,91,3.25
3/17/2025 18:00,4.15,90.5,3.25
3/17/2025 19:00,4.25,90.5,3.25
3/17/2025 20:00,3.85,90,3.2
3/17/2025 21:00,5.4,92,3.8
3/17/2025 22:00,5.2,93,3.8
3/17/2025 23:00,4.95,93.5,3.8
3/18/2025 0:00,5,93,3.8
3/18/2025 1:00,4.95,91,3.8
3/18/2025 2:00,4.7,90.5,3.8
3/18/2025 3:00,4.85,90,3.8
3/18/2025 4:00,4.8,91,3.8
3/18/2025 5:00,4.65,91,3.8
3/18/2025 6:00,4.8,88,3.8
3/18/2025 7:00,5.1,85,3.8
3/18/2025 8:00,5,88,3.8
3/18/2025 9:00,4.8,97,3.8
3/18/2025 10:00,5.2,94.5,4.35
3/18/2025 11:00,5.2,94,4.4
3/18/2025 12:00,5.6,91,4.4
3/18/2025 13:00,6.3,84.5,4.4
3/18/2025 14:00,5.85,89,4.45
3/18/2025 15:00,5.45,91.5,4.45
3/18/2025 16:00,4.8,97,4.9
3/18/2025 17:00,4.7,96,4.9
3/18/2025 18:00,4.65,92,4.8
3/18/2025 19:00,4.35,93.5,4.8
3/18/2025 20:00,4.25,93,4.8
3/18/2025 21:00,4.15,93,4.8
3/18/2025 22:00,4,95,4.75
3/18/2025 23:00,4,94,4.7
3/19/2025 0:00,4.2,90,4.6
3/19/2025 1:00,4.9,90,4.6
3/19/2025 2:00,4.5,94,4.5
3/19/2025 3:00,3.7,91,4.9
3/19/2025 4:00,3.5,91.5,4.9
3/19/2025 5:00,3.2,92,4.9
3/19/2025 6:00,3.15,90.5,4.9
3/19/2025 7:00,3.6,88,4.9
3/19/2025 8:00,4.3,84,4.9
3/19/2025 14:00,6.3,57,5.3
3/19/2025 15:00,5.8,60,5.3
3/19/2025 16:00,4.8,57,5.3
3/19/2025 17:00,3.7,65,5.3
3/19/2025 18:00,2.1,79,5.3
3/19/2025 19:00,1.5,84,5.3
3/19/2025 20:00,1,86,5.3
3/19/2025 21:00,2.25,84,4.95
3/19/2025 22:00,2.25,85.5,4.95
3/19/2025 23:00,1.8,87,4.95
3/20/2025 0:00,2.3,78,4.95
3/20/2025 1:00,3.2,72.5,4.95
3/20/2025 2:00,3.15,73.5,4.95
3/20/2025 3:00,3,77.5,4.95
3/20/2025 4:00,2.85,81,4.95
3/20/2025 5:00,2.95,81,4.95
3/20/2025 6:00,2.95,79.5,4.95
3/20/2025 7:00,3.65,76,4.95
3/20/2025 8:00,4.3,75.5,4.95
3/20/2025 9:00,5.6,74,4.7
3/20/2025 10:00,6.1,72,4.7
3/20/2025 11:00,6.8,69,4.7
3/20/2025 12:00,7.6,64,4.8
3/20/2025 13:00,5.9,74,4.8
3/20/2025 14:00,7.4,69,4.8
3/20/2025 15:00,7.6,67,4.8
3/20/2025 16:00,7.3,69,4.8
3/20/2025 17:00,5.8,82,4.8
3/20/2025 18:00,4.9,85,4.8
3/20/2025 19:00,4.7,86,4.8
3/20/2025 20:00,4.4,85,4.8
3/20/2025 21:00,2.9,89,4.4
3/20/2025 22:00,2.45,89.5,4.4
3/20/2025 23:00,1.75,89,4.35
3/21/2025 0:00,0.75,89.5,4.35
3/21/2025 1:00,1.1,88.5,4.35
3/21/2025 2:00,0.5,88.5,4.3
3/21/2025 3:00,0.1,89,4.3
3/21/2025 4:00,-0.35,89,4.3
3/21/2025 5:00,-0.5,87.5,4.3
3/21/2025 6:00,0,86.5,4.3
3/21/2025 7:00,1.65,81,4.3
3/21/2025 8:00,3.4,78.5,4.35
3/21/2025 9:00,5.35,72,4.35
3/21/2025 10:00,5.6,71,4.1
3/21/2025 11:00,7.1,62,4.1
3/21/2025 12:00,8.3,54,4.1
3/21/2025 13:00,9.2,47,4.1
3/21/2025 14:00,6.85,51.5,3.55
3/21/2025 15:00,6.4,57.5,3.55
3/21/2025 16:00,5.45,65.5,3.55
3/21/2025 17:00,4.2,72,3.55
3/21/2025 18:00,2.8,74,3.55
3/21/2025 19:00,2.2,73,3.55
3/21/2025 20:00,1.8,72.5,3.6
3/21/2025 21:00,1.7,72.5,3.6
3/21/2025 22:00,1.55,72,3.6
3/21/2025 23:00,1.75,71,3.65
3/22/2025 0:00,2,69.5,3.6
3/22/2025 1:00,2.15,69.5,3.6
3/22/2025 2:00,1.85,69,3.55
3/22/2025 3:00,1.5,70,3.5
3/22/2025 4:00,1.25,70.5,3.5
3/22/2025 5:00,1,71.5,3.5
3/22/2025 6:00,1.3,70,3.5
3/22/2025 7:00,2.65,66,3.5
3/22/2025 8:00,4.25,60.5,3.5
3/22/2025 9:00,5.95,58,3.55
3/22/2025 10:00,7.4,53,3.6
3/22/2025 11:00,8.4,49.5,3.7
3/22/2025 12:00,10.65,39,3.75
3/22/2025 13:00,6.3,56,3.5
3/22/2025 14:00,6.3,57,3.5
3/22/2025 15:00,5.9,60,3.5
3/22/2025 16:00,5.45,60,1.15
3/22/2025 17:00,4.1,66,1.1
3/22/2025 18:00,3,70,1.1
3/22/2025 19:00,2.6,71,1.1
3/22/2025 20:00,2.2,70,1.1
3/22/2025 21:00,1.7,70.5,1.1
3/22/2025 22:00,1.35,70.5,1.15
3/22/2025 23:00,1,71,1.15
3/23/2025 0:00,0.85,70,1.15
3/23/2025 1:00,1.1,69,1.15
3/23/2025 2:00,0.8,68.5,1.1
3/23/2025 3:00,1.7,64,1.1
3/23/2025 4:00,3.45,56.5,1.05
3/23/2025 5:00,4.2,55,1.05
3/23/2025 6:00,4.35,55.5,1.05
3/23/2025 7:00,5.6,49.5,1.05
3/23/2025 8:00,7.15,47,1.05
3/23/2025 9:00,8.5,47,1.05
3/23/2025 10:00,9.15,44.5,1.1
3/23/2025 11:00,9.05,45,1.1
3/23/2025 12:00,8.5,52,1.1
3/23/2025 13:00,7.65,58,1.1
3/23/2025 14:00,4.7,82,-1.2
3/23/2025 15:00,4.1,86,-1.2
3/23/2025 16:00,3.2,92,-1.2
3/23/2025 17:00,2.6,95,-1.2
3/23/2025 18:00,3,92,-1.2
3/23/2025 19:00,3.35,81,1.15
3/23/2025 20:00,3.15,80,1.15
3/23/2025 21:00,2.65,81,1.15
3/23/2025 22:00,2.4,78.5,1.15
3/23/2025 23:00,2.3,78,1.15
3/24/2025 0:00,1.95,76.5,1.15
3/24/2025 1:00,2.6,68.5,1.15
3/24/2025 2:00,2,67.5,1.1
3/24/2025 3:00,1.2,67.5,1.1
3/24/2025 4:00,0.5,68.5,1.05
3/24/2025 5:00,0.45,66.5,1.05
3/24/2025 6:00,0.9,64,1.05
3/24/2025 7:00,1.35,65,1.05
3/24/2025 8:00,2.1,61,1.05
3/24/2025 9:00,2.65,58.5,1.15
3/24/2025 10:00,3.1,57.5,1.15
3/24/2025 11:00,2.2,65,3.6
3/24/2025 12:00,2.2,65,3.6
3/24/2025 13:00,2,65,3.6
3/24/2025 14:00,2,65,3.6
3/24/2025 15:00,2,65,3.6
3/24/2025 16:00,2.4,58.5,2.5
3/24/2025 17:00,1.9,58,2.5
3/24/2025 18:00,1.5,59,2.5
3/24/2025 19:00,1.15,60.5,2.5
3/24/2025 20:00,0.75,63,2.5
3/24/2025 21:00,0.15,64,2.5
3/24/2025 22:00,-0.3,65,2.5
3/24/2025 23:00,-0.95,66,2.45
3/25/2025 0:00,-1.45,69.5,2.45
3/25/2025 1:00,-1.05,64,2.45
3/25/2025 2:00,-1,67.5,2.45
3/25/2025 3:00,-0.8,73,2.4
3/25/2025 4:00,-0.55,76.5,2.4
3/25/2025 5:00,-0.5,81,2.35
3/25/2025 6:00,-0.4,84,2.35
3/25/2025 7:00,0.1,85,1.2
3/25/2025 8:00,0.6,83,1.2
3/25/2025 9:00,1.1,68,1.2
3/25/2025 10:00,1.6,68,1.3
3/25/2025 11:00,1.2,77,1.3
3/25/2025 12:00,1,79,1.3
3/25/2025 13:00,1.1,81,1.3
3/25/2025 14:00,1.45,77.5,2.4
3/25/2025 15:00,0.8,86,2.4
3/25/2025 16:00,0.85,82.5,2.4
3/25/2025 17:00,0.25,80.5,2.4
3/25/2025 18:00,0.1,76.5,2.4
3/25/2025 19:00,-0.2,74,2.4
3/25/2025 20:00,-0.55,74.5,2.4
3/25/2025 21:00,-0.75,72,2.35
3/25/2025 22:00,-1.05,71.5,2.35
3/25/2025 23:00,-1.25,73.5,2.35
3/26/2025 0:00,-1.45,73.5,2.35
3/26/2025 1:00,-1.35,72.5,2.35
3/26/2025 2:00,-1.6,75,2.3
3/26/2025 3:00,-2.15,77.5,2.3
3/26/2025 4:00,-2.45,80,2.3
3/26/2025 5:00,-2.05,74,2.25
3/26/2025 6:00,-1,75,3.5
3/26/2025 7:00,-1.5,78,3.5
3/26/2025 8:00,-1.1,79,3.5
3/26/2025 9:00,-1,82.5,0.95
3/26/2025 10:00,-1.3,77.5,1
3/26/2025 11:00,-0.85,77.5,1
3/26/2025 12:00,-1.25,82,1
3/26/2025 13:00,-0.8,78,1
3/26/2025 14:00,-1,83.5,1
3/26/2025 15:00,-1,83.5,1
3/26/2025 16:00,-1.35,86.5,1
3/26/2025 17:00,-1.5,87.5,1
3/26/2025 18:00,-1.75,88,1
3/26/2025 19:00,-1.8,86.5,1
3/26/2025 20:00,-1.8,86,1
3/26/2025 21:00,-2.25,88,1
3/26/2025 22:00,-2.2,87,0.95
3/26/2025 23:00,-1.9,94,-1.6
3/27/2025 0:00,-2,94,-1.6
3/27/2025 1:00,-1.6,95,-1.6
3/27/2025 2:00,-1.6,94,-1.6
3/27/2025 2:00,-0.25,96,0.7
3/27/2025 2:00,-0.25,96,0.7
3/27/2025 2:00,1.1,98,3
3/27/2025 2:00,1.1,98,3
3/27/2025 2:00,2.25,98.5,3
3/27/2025 3:00,1.5,98,2.95
3/27/2025 4:00,1.05,98,2.9
3/27/2025 5:00,0.9,98,2.9
3/27/2025 6:00,0.95,98.5,2.9
3/27/2025 7:00,1.6,97,2.9
3/27/2025 8:00,3.75,90,2.9
3/27/2025 9:00,3.75,91.5,2.9
3/27/2025 10:00,3.3,94.5,2.9
3/27/2025 11:00,3.6,91.5,2.9
3/27/2025 12:00,3.8,88.5,2.9
3/27/2025 13:00,4.1,87,2.9
3/27/2025 14:00,3.8,88,2.9
3/27/2025 15:00,3.5,85,2.9
3/27/2025 16:00,3.15,87.5,2.9
3/27/2025 17:00,2.8,92,2.9
3/27/2025 18:00,2.55,93,2.9
3/27/2025 19:00,2.35,94.5,2.9
3/27/2025 20:00,2.3,94.5,2.9
3/27/2025 21:00,2.4,93,2.9
3/27/2025 22:00,2.05,91.5,2.9
3/27/2025 23:00,1.8,90.5,2.9
3/28/2025 0:00,1.8,89,2.85
3/28/2025 1:00,1.95,90,2.85
3/28/2025 2:00,1.95,88,2.85
3/28/2025 3:00,4,85,2.6
3/28/2025 4:00,3.6,89,2.5
3/28/2025 5:00,3.75,92.5,3.35
3/28/2025 6:00,3.75,92.5,3.35
3/28/2025 7:00,4.15,91,3.35
3/28/2025 8:00,4.35,93.5,3.35
3/28/2025 9:00,4.05,96.5,3.35
3/28/2025 10:00,4.75,97,3.4
3/28/2025 11:00,4.8,96.5,3.4
3/28/2025 12:00,5.4,93,3.4
3/28/2025 13:00,5.4,94,3.4
3/28/2025 14:00,5.75,88,3.4
3/28/2025 15:00,5.7,89.5,3.45
3/28/2025 16:00,5.2,91.5,3.45
3/28/2025 17:00,4.65,92.5,3.45
3/28/2025 18:00,4.2,92,3.45
3/28/2025 19:00,4.95,89.5,3.45
3/28/2025 20:00,5.55,87.5,3.45
3/28/2025 21:00,5.8,85,4.3
3/28/2025 22:00,5.8,84,4.3
3/28/2025 23:00,3.15,88,4.3
3/29/2025 0:00,2.8,89.5,4.3
3/29/2025 1:00,4,88,4.3
3/29/2025 2:00,3.2,88.5,4.3
3/29/2025 3:00,2.5,90,4.3
3/29/2025 4:00,1.8,91.5,4.3
3/29/2025 5:00,1.5,91,4.35
3/29/2025 6:00,1.2,88,4.4
3/29/2025 7:00,2.5,93,4.4
3/29/2025 8:00,2.8,98,4.5
3/29/2025 9:00,3.2,96,4.6
3/29/2025 10:00,6.3,76,4.9
3/29/2025 11:00,6.5,76.5,4.95
3/29/2025 12:00,7.55,73,5
3/29/2025 13:00,8.15,78.5,5
3/29/2025 14:00,6.5,82,5.05
3/29/2025 15:00,6.45,86.5,5
3/29/2025 16:00,5,97,5.4
3/29/2025 17:00,4.3,99,5.4
3/29/2025 18:00,4.5,92.5,5.15
3/29/2025 19:00,3.25,90.5,5.15
3/29/2025 20:00,2.5,93,5.15
3/29/2025 21:00,2.2,94,5.15
3/29/2025 22:00,1.35,96,5.1
3/29/2025 23:00,1.25,96,5.05
3/30/2025 0:00,1.8,93,4.8
3/30/2025 1:00,2.2,93,4.8
3/30/2025 2:00,2,93,4.8
3/30/2025 3:00,2.2,93.5,4.95
3/30/2025 4:00,2.1,92.5,4.95
3/30/2025 5:00,1.9,94,4.95
3/30/2025 6:00,2.3,91.5,4.95
3/30/2025 7:00,3.1,88.5,4.95
3/30/2025 8:00,4.55,86.5,5
3/30/2025 14:00,10.1,49,5.2
3/30/2025 15:00,9.4,57,5.2
3/30/2025 16:00,8,66,5.2
3/30/2025 17:00,6.4,72,5.2
3/30/2025 18:00,5.2,76,5.2
3/30/2025 19:00,4.2,82,5.2
3/30/2025 20:00,3.5,86,5.2
3/30/2025 21:00,2.7,88,5.1
3/30/2025 22:00,2.65,89,5.05
3/30/2025 23:00,2.6,90,5.05
3/31/2025 0:00,2.25,91.5,5.05
3/31/2025 1:00,1.6,92,5.05
3/31/2025 2:00,1.65,93.5,5
3/31/2025 3:00,1.6,94.5,5
3/31/2025 4:00,1.05,94,5
3/31/2025 5:00,0.6,93.5,5
3/31/2025 6:00,0.9,94,5
3/31/2025 7:00,2.45,92,5.05
3/31/2025 8:00,4.45,82,5.05
3/31/2025 9:00,6,73,5.1
3/31/2025 10:00,7.2,66,5.2
3/31/2025 11:00,8.2,59,5.2
3/31/2025 12:00,7.9,54,5.2
3/31/2025 13:00,7,58,5.3
3/31/2025 14:00,7,60,5.3
3/31/2025 15:00,8.3,55,5.3
3/31/2025 16:00,8,57,5.3
3/31/2025 17:00,7.7,59,5.3
3/31/2025 18:00,7.1,63,5.3
3/31/2025 19:00,6.4,68,5.2
3/31/2025 20:00,6.6,69,5.2
3/31/2025 21:00,5.65,68.5,5.05
3/31/2025 22:00,5.35,71,4.95
3/31/2025 23:00,5.55,73,4.95
4/1/2025 0:00,5.4,80,4.9
4/1/2025 1:00,5.15,87.5,4.85
4/1/2025 2:00,5.35,87.5,4.85
4/1/2025 3:00,5.3,89,4.85
4/1/2025 4:00,5.25,93,4.85
4/1/2025 5:00,5.3,92,4.85
4/1/2025 6:00,5.75,90.5,4.85
4/1/2025 7:00,6.75,86,4.85
4/1/2025 8:00,8.15,80,4.85
4/1/2025 9:00,8.8,79,4.9
4/1/2025 10:00,6.4,91,4.8
4/1/2025 11:00,7.8,88,4.9
4/1/2025 12:00,9.3,83,4.9
4/1/2025 13:00,10.2,88,4.9
4/1/2025 14:00,8.15,90,4.1
4/1/2025 15:00,9.15,89,4.1
4/1/2025 16:00,8.45,95.5,4.1
4/1/2025 17:00,8.35,94.5,4.1
4/1/2025 18:00,8.15,94.5,4.1
4/1/2025 19:00,8.15,92.5,4.1
4/1/2025 20:00,7.9,92,4.1
4/1/2025 21:00,7.3,92.5,4.1
4/1/2025 22:00,7,91,4.05
4/1/2025 23:00,6.4,91.5,4.05
4/2/2025 0:00,5.85,93,4.05
4/2/2025 1:00,5.95,93.5,4.05
4/2/2025 2:00,5.5,95,4.05
4/2/2025 3:00,5.1,95.5,4.05
4/2/2025 4:00,4.5,95.5,4.05
4/2/2025 5:00,4.05,93.5,4.05
4/2/2025 6:00,3.9,94,4.05
4/2/2025 7:00,3.8,96.5,4.05
4/2/2025 8:00,4.15,97,4.05
4/2/2025 9:00,4.95,94.5,4.05
4/2/2025 10:00,5.85,91.5,4.1
4/2/2025 11:00,6.7,87,4.2
4/2/2025 12:00,8.45,82,4.2
4/2/2025 13:00,7.2,97,3.5
4/2/2025 14:00,7.8,93,3.5
4/2/2025 15:00,7.7,92,3.5
4/2/2025 16:00,5.15,91.5,1.05
4/2/2025 17:00,4.95,88,1.05
4/2/2025 18:00,4.65,86,1.05
4/2/2025 19:00,4.65,80,1.05
4/2/2025 20:00,4.55,77.5,1
4/2/2025 21:00,4.15,79.5,1
4/2/2025 22:00,3.35,84.5,1
4/2/2025 23:00,3,87,1
4/3/2025 0:00,2.9,88,1
4/3/2025 1:00,3.2,87.5,1
4/3/2025 2:00,3.55,86,1
4/3/2025 3:00,5.6,77,0.95
4/3/2025 4:00,6.2,80,0.95
4/3/2025 5:00,5.7,88,0.95
4/3/2025 6:00,4.2,85,0.95
4/3/2025 7:00,3.9,83,0.95
4/3/2025 8:00,3.45,78,0.95
4/3/2025 9:00,3.85,73,0.95
4/3/2025 10:00,3.75,76.5,1
4/3/2025 11:00,3.65,79.5,1.05
4/3/2025 12:00,3.9,79.5,1.05
4/3/2025 13:00,4,81,1.05
4/3/2025 14:00,3.2,76,-1.4
4/3/2025 15:00,3.4,74,-1.4
4/3/2025 16:00,3,80,-1.5
4/3/2025 17:00,2.8,87,-1.5
4/3/2025 18:00,2.7,91,-1.5
4/3/2025 19:00,1.55,90,0.75
4/3/2025 20:00,1.25,89,0.75
4/3/2025 21:00,0.75,88,0.75
4/3/2025 22:00,0.25,87.5,0.75
4/3/2025 23:00,-0.45,85,0.75
4/4/2025 0:00,-1.1,81,0.75
4/4/2025 1:00,-1.65,78.5,0.75
4/4/2025 2:00,-2.1,73.5,0.75
4/4/2025 3:00,-2.8,75,0.75
4/4/2025 4:00,-3.5,73,0.75
4/4/2025 5:00,-3.35,72,0.75
4/4/2025 6:00,-2.85,71,0.75
4/4/2025 7:00,-3,69.5,0.75
4/4/2025 8:00,-2.7,69,0.75
4/4/2025 9:00,-2.6,64,0.75
4/4/2025 10:00,-2.5,61,0.75
4/4/2025 11:00,-3.5,57,3
4/4/2025 12:00,-3.5,62,3
4/4/2025 13:00,-3.8,66,3
4/4/2025 14:00,-3.9,62,3
4/4/2025 15:00,-3.8,59,3
4/4/2025 16:00,-4.55,62,2.4
4/4/2025 17:00,-5,62,2.45
4/4/2025 18:00,-5.35,67.5,2.45
4/4/2025 19:00,-5.55,71,2.45
4/4/2025 20:00,-5.8,72.5,2.45
4/4/2025 21:00,-5.85,72,2.45
4/4/2025 22:00,-6.1,76.5,2.4
4/4/2025 23:00,-6.15,74.5,2.4
4/5/2025 0:00,-6.3,77,2.4
4/5/2025 1:00,-5.95,76,2.4
4/5/2025 2:00,-6.3,73.5,2.4
4/5/2025 3:00,-6.65,72.5,2.4
4/5/2025 4:00,-6.4,70,2.4
4/5/2025 5:00,-5.55,67,2.45
4/5/2025 6:00,-4.4,61,2.45
4/5/2025 7:00,-4.4,67,1.9
4/5/2025 8:00,-3.8,63,1.9
4/5/2025 9:00,-3.4,61,1.9
4/5/2025 10:00,-3,57,2
4/5/2025 11:00,-2.8,55,2
4/5/2025 12:00,-2.8,55,2
4/5/2025 13:00,-2.8,55,2
4/5/2025 14:00,-2.55,56,2.5
4/5/2025 15:00,-2.95,60,2.5
4/5/2025 16:00,-3.75,64,2.55
4/5/2025 17:00,-5.15,70.5,2.55
4/5/2025 18:00,-5.9,73,2.55
4/5/2025 19:00,-6.4,76,2.55
4/5/2025 20:00,-6.7,76.5,2.55
4/5/2025 21:00,-7.2,80.5,2.55
4/5/2025 22:00,-7.55,84,2.55
4/5/2025 23:00,-7.85,85.5,2.55
4/6/2025 0:00,-8.05,86,2.55
4/6/2025 1:00,-6.95,83,2.55
4/6/2025 2:00,-6.8,79,2.55
4/6/2025 3:00,-6.4,78,2.5
4/6/2025 4:00,-5.5,81,2.5
4/6/2025 5:00,-4.75,83,2.5
4/6/2025 6:00,-1.6,76,3
4/6/2025 7:00,-1.4,68,3
4/6/2025 8:00,-0.9,60,3
4/6/2025 9:00,1.25,64,1.05
4/6/2025 10:00,1.3,64,1.05
4/6/2025 11:00,1.4,64,1.05
4/6/2025 12:00,1.15,66.5,1.1
4/6/2025 13:00,0.8,68.5,1.1
4/6/2025 14:00,0.75,69.5,1.1
4/6/2025 15:00,0.6,70.5,1.1
4/6/2025 16:00,0.5,70.5,1.05
4/6/2025 17:00,0.2,76.5,1.05
4/6/2025 18:00,0,75.5,1.05
4/6/2025 19:00,-0.1,74.5,1.05
4/6/2025 20:00,-0.35,75,1.05
4/6/2025 21:00,-0.6,76.5,1.05
4/6/2025 22:00,-0.3,80,1.05
4/6/2025 23:00,0.3,87,-0.9
4/7/2025 0:00,0.3,88,-0.9
4/7/2025 1:00,0.8,83,-0.9
4/7/2025 2:00,0.6,85,-0.9
4/7/2025 2:00,-0.85,89,0.55
4/7/2025 2:00,-0.85,89,0.55
4/7/2025 2:00,-2.3,93,2
4/7/2025 2:00,-2.3,93,2
4/7/2025 2:00,0.1,93.5,2.5
4/7/2025 3:00,0.35,92.5,2.5
4/7/2025 4:00,0.5,92,2.5
4/7/2025 5:00,1.3,90.5,2.5
4/7/2025 6:00,2.55,87,2.5
4/7/2025 7:00,3.4,82,2.5
4/7/2025 8:00,3.75,75,2.5
4/7/2025 9:00,4.2,74,2.55
4/7/2025 10:00,4.5,74.5,2.6
4/7/2025 11:00,4.35,80.5,2.7
4/7/2025 12:00,4.35,86.5,2.7
4/7/2025 13:00,4,90.5,2.7
4/7/2025 14:00,3.9,95,2.7
4/7/2025 15:00,3.95,97,2.7
4/7/2025 16:00,4.2,95.5,2.65
4/7/2025 17:00,4.25,95.5,2.65
4/7/2025 18:00,4.05,98,2.65
4/7/2025 19:00,4.05,99,2.65
4/7/2025 20:00,4.15,98.5,2.65
4/7/2025 21:00,4.2,98.5,2.65
4/7/2025 22:00,4.25,98.5,2.65
4/7/2025 23:00,4.35,98.5,2.6
4/8/2025 0:00,4.5,98.5,2.6
4/8/2025 1:00,4.4,98,2.6
4/8/2025 2:00,4.3,98.5,2.6
4/8/2025 3:00,4.6,98,3
4/8/2025 4:00,4.6,97,3
4/8/2025 5:00,3.9,95,3.65
4/8/2025 6:00,4.3,93.5,3.65
4/8/2025 7:00,4.95,90.5,3.65
4/8/2025 8:00,5.6,88.5,3.7
4/8/2025 9:00,5.95,88,3.7
4/8/2025 10:00,5.7,91,3.75
4/8/2025 11:00,5.6,92,3.75
4/8/2025 12:00,5.55,91,3.75
4/8/2025 13:00,5.85,92,3.75
4/8/2025 14:00,5.6,92.5,3.8
4/8/2025 15:00,4.4,92.5,3.8
4/8/2025 16:00,3.85,87.5,3.8
4/8/2025 17:00,3.35,85,3.8
4/8/2025 18:00,3,85,3.8
4/8/2025 19:00,2.2,83,3.8
4/8/2025 20:00,1.45,79.5,3.8
4/8/2025 21:00,2.5,74,4.4
4/8/2025 22:00,1.8,71,4.4
4/8/2025 23:00,3.2,82,4.75
4/9/2025 0:00,2.5,79.5,4.75
4/9/2025 1:00,2.5,77,4.7
4/9/2025 2:00,1.8,74,4.65
4/9/2025 3:00,1.5,72,4.65
4/9/2025 4:00,1.55,69.5,4.65
4/9/2025 5:00,1.55,68,4.65
4/9/2025 6:00,2.3,69,4.9
4/9/2025 7:00,2.2,67,4.9
4/9/2025 8:00,2.2,65,5.1
4/9/2025 9:00,2.2,64,5.2
4/9/2025 10:00,3.1,62,5.4
4/9/2025 11:00,3.2,61,5.45
4/9/2025 12:00,3.4,59,5.5
4/9/2025 13:00,3.3,61.5,5.55
4/9/2025 14:00,3.2,63.5,5.65
4/9/2025 15:00,3.45,60,5.65
4/9/2025 16:00,3.7,59,5.7
4/9/2025 17:00,3.6,58,5.7
4/9/2025 18:00,3.75,61,5.65
4/9/2025 19:00,2.8,68.5,5.65
4/9/2025 20:00,2.25,72,5.6
4/9/2025 21:00,1.7,73.5,5.6
4/9/2025 22:00,1.65,75,5.6
4/9/2025 23:00,2.25,76,5.55
4/10/2025 0:00,1.8,87,5.6
4/10/2025 1:00,2.5,76,5.6
4/10/2025 2:00,4.7,60,5.6
4/10/2025 3:00,3,76,5.65
4/10/2025 4:00,3.1,78.5,5.65
4/10/2025 5:00,3.35,78.5,5.65
4/10/2025 6:00,4.2,77.5,5.7
4/10/2025 7:00,4.8,76.5,5.75
4/10/2025 8:00,5.5,76,5.8
4/10/2025 14:00,6.8,85,6.3
4/10/2025 15:00,6.9,86,6.3
4/10/2025 16:00,6.8,89,6.3
4/10/2025 17:00,6.5,92,6.3
4/10/2025 18:00,6,98,6.3
4/10/2025 19:00,5.9,99,6.3
4/10/2025 20:00,5.9,100,6.2
4/10/2025 21:00,5.6,97.5,6.15
4/10/2025 22:00,5.6,98,6.1
4/10/2025 23:00,5.6,98,6.1
4/11/2025 0:00,5.7,98,6
4/11/2025 1:00,6.2,97.5,5.9
4/11/2025 2:00,6.35,97.5,5.9
4/11/2025 3:00,6.5,98,5.9
4/11/2025 4:00,6.75,98.5,5.85
4/11/2025 5:00,7.05,98.5,5.85
4/11/2025 6:00,7.25,98,5.85
4/11/2025 7:00,7.45,98.5,5.8
4/11/2025 8:00,7.7,98.5,5.8
4/11/2025 9:00,8.5,91,5.7
4/11/2025 10:00,8.3,96,5.7
4/11/2025 11:00,9.3,89,5.6
4/11/2025 12:00,9.7,86,5.6
4/11/2025 13:00,8.9,96,5.6
4/11/2025 14:00,9,96,5.6
4/11/2025 15:00,9.2,95,5.6
4/11/2025 16:00,9.1,96,5.6
4/11/2025 17:00,9.1,96,5.6
4/11/2025 18:00,9,97,5.6
4/11/2025 19:00,7.8,97,5.6
4/11/2025 20:00,7.2,93,5.6
4/11/2025 21:00,6.75,91,5.55
4/11/2025 22:00,6.25,89,5.55
4/11/2025 23:00,5.8,86.5,5.55
4/12/2025 0:00,5.45,86,5.55
4/12/2025 1:00,5.45,87.5,5.55
4/12/2025 2:00,5.5,83.5,5.55
4/12/2025 3:00,5.1,85,5.55
4/12/2025 4:00,5.2,84.5,5.5
4/12/2025 5:00,5.4,82,5.5
4/12/2025 6:00,5.95,77,5.5
4/12/2025 7:00,6.6,74,5.5
4/12/2025 8:00,7.35,67,5.5
4/12/2025 9:00,7.95,62.5,5.6
4/12/2025 10:00,7.3,58,5.6
4/12/2025 11:00,7.7,57,5.6
4/12/2025 12:00,7.6,60,5.6
4/12/2025 13:00,7.7,68,5.6
4/12/2025 14:00,5.2,82,5
4/12/2025 15:00,5.55,80.5,5.1
4/12/2025 16:00,5.25,84.5,5.1
4/12/2025 17:00,5.15,83.5,5.1
4/12/2025 18:00,5.1,86,5.1
4/12/2025 19:00,4.8,89,5.1
4/12/2025 20:00,4.55,89.5,5.1
4/12/2025 21:00,4.2,90.5,5.1
4/12/2025 22:00,4.15,90.5,5.05
4/12/2025 23:00,3.15,92.5,5.05
4/13/2025 0:00,2.2,93.5,5.05
4/13/2025 1:00,2.05,91.5,5.05
4/13/2025 2:00,2.05,89.5,5
4/13/2025 3:00,1.75,89.5,5
4/13/2025 4:00,1.8,90.5,4.95
4/13/2025 5:00,1.7,92,4.95
4/13/2025 6:00,2.7,84.5,4.95
4/13/2025 7:00,3.4,78.5,5
4/13/2025 8:00,4.5,71,5.05
4/13/2025 9:00,5.95,66,5.05
4/13/2025 10:00,7.35,62,5.15
4/13/2025 11:00,8.6,58.5,5.25
4/13/2025 12:00,9.8,56,5.25
4/13/2025 13:00,6.5,51,4.4
4/13/2025 14:00,7.2,48,4.4
4/13/2025 15:00,6.2,55,4.4
4/13/2025 16:00,3.2,63,2.3
4/13/2025 17:00,2.75,65,2.3
4/13/2025 18:00,1.7,72,2.3
4/13/2025 19:00,1.2,76.5,2.3
4/13/2025 20:00,0.75,80.5,2.3
4/13/2025 21:00,0.05,82.5,2.3
4/13/2025 22:00,-0.6,84.5,2.3
4/13/2025 23:00,-0.6,82.5,2.3
4/14/2025 0:00,-0.25,81,2.3
4/14/2025 1:00,-0.55,81.5,2.3
4/14/2025 2:00,-0.5,81,2.3
4/14/2025 3:00,0.05,82.5,2.3
4/14/2025 4:00,0.5,82.5,2.3
4/14/2025 5:00,0.7,89.5,2.3
4/14/2025 6:00,1.05,90,2.3
4/14/2025 7:00,1.3,90.5,2.3
4/14/2025 8:00,1.6,90.5,2.3
4/14/2025 9:00,1.85,90.5,2.35
4/14/2025 10:00,2.25,89,2.35
4/14/2025 11:00,2.85,89,2.4
4/14/2025 12:00,3.3,89,2.45
4/14/2025 13:00,2.85,90.5,2.45
4/14/2025 14:00,-0.2,85,0.4
4/14/2025 15:00,-0.1,85,0.4
4/14/2025 16:00,0,85,0.5
4/14/2025 17:00,-0.2,88,0.5
4/14/2025 18:00,-0.5,92,0.5
4/14/2025 19:00,-0.5,82,1.9
4/14/2025 20:00,-0.7,81.5,1.9
4/14/2025 21:00,-0.85,82,1.8
4/14/2025 22:00,-1.05,80.5,1.8
4/14/2025 23:00,-1.25,81,1.8
4/15/2025 0:00,-1.35,82,1.8
4/15/2025 1:00,-1.05,82.5,1.8
4/15/2025 2:00,-1.05,83,1.75
4/15/2025 3:00,-1.1,83,1.75
4/15/2025 4:00,-0.85,80.5,1.8
4/15/2025 5:00,-0.4,77,1.8
4/15/2025 6:00,-0.05,72,1.8
4/15/2025 7:00,0.35,68,1.8
4/15/2025 8:00,0.75,64.5,1.8
4/15/2025 9:00,1.3,61.5,1.8
4/15/2025 10:00,1.55,62,1.85
4/15/2025 11:00,0.4,70,3.3
4/15/2025 12:00,0.4,69,3.3
4/15/2025 13:00,-0.2,78,3.3
4/15/2025 14:00,-0.1,81,3.3
4/15/2025 15:00,-0.6,83,3.3
4/15/2025 16:00,-0.5,78,2.95
4/15/2025 17:00,-1.55,81,2.95
4/15/2025 18:00,-2.4,81,2.95
4/15/2025 19:00,-3.2,85,2.95
4/15/2025 20:00,-3.7,92,2.95
4/15/2025 21:00,-4.15,92.5,2.9
4/15/2025 22:00,-4.4,91,2.9
4/15/2025 23:00,-4.4,90,2.9
4/16/2025 0:00,-4.3,90.5,2.9
4/16/2025 1:00,-5.65,88,2.9
4/16/2025 2:00,-5.75,87.5,2.9
4/16/2025 3:00,-4.3,85,2.9
4/16/2025 4:00,-3.15,83,2.9
4/16/2025 5:00,-2.2,80,2.9
4/16/2025 6:00,-1.4,78,2.9
4/16/2025 7:00,-0.9,74,2.5
4/16/2025 8:00,0.2,68,2.5
4/16/2025 9:00,0.6,67,2.5
4/16/2025 10:00,1,66,2.6
4/16/2025 11:00,1.5,66,2.6
4/16/2025 12:00,1.7,66,2.6
4/16/2025 13:00,1.4,65,2.6
4/16/2025 14:00,0.5,72.5,3
4/16/2025 15:00,0.15,76,3.05
4/16/2025 16:00,-0.1,79,3.05
4/16/2025 17:00,-0.3,80.5,3.05
4/16/2025 18:00,-0.6,82,3.05
4/16/2025 19:00,-0.85,83,3.05
4/16/2025 20:00,-0.95,85,3.05
4/16/2025 21:00,-0.95,84.5,3.05
4/16/2025 22:00,-0.95,83.5,2.95
4/16/2025 23:00,-0.95,83.5,2.95
4/17/2025 0:00,-0.95,83.5,2.95
4/17/2025 1:00,-0.85,84.5,2.95
4/17/2025 2:00,-0.85,85,2.95
4/17/2025 3:00,-0.95,87.5,2.9
4/17/2025 4:00,-0.85,89,2.9
4/17/2025 5:00,-0.7,89,2.9
4/17/2025 6:00,-0.1,90,3.3
4/17/2025 7:00,-0.1,90,3.3
4/17/2025 8:00,0,90,3.3
4/17/2025 9:00,2.9,87,1.95
4/17/2025 10:00,3.05,87,1.95
4/17/2025 11:00,3.5,86,2
4/17/2025 12:00,3.9,84.5,2
4/17/2025 13:00,4.1,87.5,2
4/17/2025 14:00,4.35,87.5,2
4/17/2025 15:00,4.5,87.5,2
4/17/2025 16:00,4.25,89,2
4/17/2025 17:00,3.85,91,2
4/17/2025 18:00,3.5,91.5,2
4/17/2025 19:00,3.1,93,2
4/17/2025 20:00,2.95,93.5,1.9
4/17/2025 21:00,2.8,93.5,1.9
4/17/2025 22:00,2.7,94.5,1.9
4/17/2025 23:00,3.6,97,0.4
4/18/2025 0:00,3.3,99,0.4
4/18/2025 1:00,3.4,98,0.4
4/18/2025 2:00,3.3,99,0.4
4/18/2025 2:00,3.5,99,1.55
4/18/2025 2:00,3.5,99,1.55
4/18/2025 2:00,3.7,99,2.7
4/18/2025 2:00,3.7,99,2.7
4/18/2025 2:00,4.8,99.5,3.4
4/18/2025 3:00,4.55,99.5,3.4
4/18/2025 4:00,4.45,100,3.4
4/18/2025 5:00,4.5,99.5,3.4
4/18/2025 6:00,4.55,99,3.4
4/18/2025 7:00,4.55,99,3.4
4/18/2025 8:00,4.7,95.5,3.4
4/18/2025 9:00,5.65,91.5,3.45
4/18/2025 10:00,6.25,85.5,3.5
4/18/2025 11:00,6.75,80.5,3.5
4/18/2025 12:00,6.95,78.5,3.55
4/18/2025 13:00,7.35,77,3.55
4/18/2025 14:00,6.9,81.5,3.55
4/18/2025 15:00,6.55,88.5,3.55
4/18/2025 16:00,6.1,90,3.55
4/18/2025 17:00,5.5,93.5,3.55
4/18/2025 18:00,5.05,92,3.55
4/18/2025 19:00,4.5,92,3.55
4/18/2025 20:00,4.15,93,3.55
4/18/2025 21:00,3.5,96.5,3.55
4/18/2025 22:00,3.05,98,3.55
4/18/2025 23:00,2.75,99.5,3.5
4/19/2025 0:00,2.5,99.5,3.5
4/19/2025 1:00,2.1,99.5,3.5
4/19/2025 2:00,2.05,98.5,3.5
4/19/2025 3:00,3.1,97,4.2
4/19/2025 4:00,3.5,98,4.2
4/19/2025 5:00,5.25,94,4.45
4/19/2025 6:00,5.5,93.5,4.45
4/19/2025 7:00,4.75,91,4.45
4/19/2025 8:00,5,86.5,4.5
4/19/2025 9:00,4.85,81,4.5
4/19/2025 10:00,5,73.5,4.55
4/19/2025 11:00,5.55,65.5,4.6
4/19/2025 12:00,6,58.5,4.65
4/19/2025 13:00,6.7,56.5,4.65
4/19/2025 14:00,6.6,55.5,4.65
4/19/2025 15:00,6.25,56,4.65
4/19/2025 16:00,5.85,55,4.7
4/19/2025 17:00,5.3,56,4.7
4/19/2025 18:00,4.35,63.5,4.7
4/19/2025 19:00,3.1,71,4.7
4/19/2025 20:00,2.65,77.5,4.65
4/19/2025 21:00,3.3,76,4.8
4/19/2025 22:00,3.4,73,4.8
4/19/2025 23:00,3.5,70.5,5.3
4/20/2025 0:00,3.15,71.5,5.25
4/20/2025 1:00,2.85,77,5.25
4/20/2025 2:00,2.75,76.5,5.25
4/20/2025 3:00,2.65,77,5.25
4/20/2025 4:00,2.5,78,5.2
4/20/2025 5:00,2.6,79,5.2
4/20/2025 6:00,2.7,83,5.6
4/20/2025 7:00,3.4,80,5.6
4/20/2025 8:00,4.4,76,5.7
4/20/2025 9:00,5.8,69,5.7
4/20/2025 10:00,7.8,64.5,6.05
4/20/2025 11:00,8.7,59.5,6.1
4/20/2025 12:00,9.15,58.5,6.1
4/20/2025 13:00,9.6,59.5,6.1
4/20/2025 14:00,9.75,57.5,6.15
4/20/2025 15:00,9.95,57,6.2
4/20/2025 16:00,9,65,6.5
4/20/2025 17:00,8.6,67,6.5
4/20/2025 18:00,9.1,76,6.4
4/20/2025 19:00,7.45,85,6.4
4/20/2025 20:00,6.35,89.5,6.3
4/20/2025 21:00,5.65,92,6.3
4/20/2025 22:00,4.9,94,6.3
4/20/2025 23:00,4.35,93.5,6.3
4/21/2025 0:00,5.4,92,6.2
4/21/2025 1:00,6.2,92,6.2
4/21/2025 2:00,6.4,93,6.1
4/21/2025 3:00,6.15,96,6.1
4/21/2025 4:00,5.8,95.5,6.1
4/21/2025 5:00,6.35,94,6.1
4/21/2025 6:00,7.6,90.5,6.1
4/21/2025 7:00,8.55,86.5,6.1
4/21/2025 8:00,9.2,83,6.1
4/21/2025 14:00,12.1,59,6.2
4/21/2025 15:00,10.5,69,6.2
4/21/2025 16:00,9.7,76,6.2
4/21/2025 17:00,9.4,79,6.2
4/21/2025 18:00,9,82,6.2
4/21/2025 19:00,8.5,87,6.2
4/21/2025 20:00,8.1,90,6.2
4/21/2025 21:00,7.1,95,6.2
4/21/2025 22:00,6.7,96.5,6.2
4/21/2025 23:00,6.25,97,6.2
4/22/2025 0:00,6.05,97,6.2
4/22/2025 1:00,6.25,96.5,6.2
4/22/2025 2:00,6.05,96.5,6.2
4/22/2025 3:00,5.9,95,6.2
4/22/2025 4:00,6.2,92.5,6.2
4/22/2025 5:00,6.75,94,6.2
4/22/2025 6:00,7.5,93.5,6.2
4/22/2025 7:00,8.6,88,6.25
4/22/2025 8:00,9.7,83,6.35
4/22/2025 9:00,10.7,81,6.4
4/22/2025 10:00,11.5,73,6.4
4/22/2025 11:00,11.7,70,6.6
4/22/2025 12:00,11.6,68,6.6
4/22/2025 13:00,11.3,68,6.7
4/22/2025 14:00,11.4,66,6.7
4/22/2025 15:00,11.3,67,6.7
4/22/2025 16:00,10.6,71,6.8
4/22/2025 17:00,10,74,6.8
4/22/2025 18:00,8.7,82,6.8
4/22/2025 19:00,7.6,87,6.8
4/22/2025 20:00,6.6,91,6.7
4/22/2025 21:00,5.7,86,6.5
4/22/2025 22:00,5.55,83.5,6.4
4/22/2025 23:00,5.35,81,6.35
4/23/2025 0:00,5.05,79.5,6.35
4/23/2025 1:00,5.2,74.5,6.3
4/23/2025 2:00,4.8,72.5,6.2
4/23/2025 3:00,4.55,72.5,6.2
4/23/2025 4:00,4.25,72.5,6.1
4/23/2025 5:00,4.5,66.5,6.1
4/23/2025 6:00,4.8,61,6.1
4/23/2025 7:00,5.2,58.5,6.15
4/23/2025 8:00,5.85,55.5,6.15
4/23/2025 9:00,6.65,53,6.2
4/23/2025 10:00,6.1,45,6.1
4/23/2025 11:00,6.6,43,6.2
4/23/2025 12:00,6.9,41,6.2
4/23/2025 13:00,6.9,37,6.2
4/23/2025 14:00,5.6,47.5,5.55
4/23/2025 15:00,5.45,48,5.6
4/23/2025 16:00,4.95,49.5,5.65
4/23/2025 17:00,4.25,52,5.65
4/23/2025 18:00,3.6,56.5,5.65
4/23/2025 19:00,3,64,5.65
4/23/2025 20:00,2.35,69.5,5.65
4/23/2025 21:00,2.05,71.5,5.6
4/23/2025 22:00,1.65,72,5.55
4/23/2025 23:00,1.3,74,5.55
4/24/2025 0:00,1.35,74,5.55
4/24/2025 1:00,0.95,76.5,5.55
4/24/2025 2:00,0.95,76,5.55
4/24/2025 3:00,0.85,76.5,5.55
4/24/2025 4:00,0.7,80.5,5.55
4/24/2025 5:00,1.3,79,5.55
4/24/2025 6:00,1.75,74,5.55
4/24/2025 7:00,1.65,72.5,5.55
4/24/2025 8:00,1.9,69.5,5.55
4/24/2025 9:00,2.4,67.5,5.6
4/24/2025 10:00,2.8,63.5,5.65
4/24/2025 11:00,3.2,64.5,5.65
4/24/2025 12:00,3.65,61.5,5.65
4/24/2025 13:00,2.1,64,5.1
4/24/2025 14:00,1.9,65,5.2
4/24/2025 15:00,1.7,67,5.2
4/24/2025 16:00,0.8,67.5,2.7
4/24/2025 17:00,0.2,71.5,2.7
4/24/2025 18:00,-0.85,79.5,2.7
4/24/2025 19:00,-2.05,82.5,2.7
4/24/2025 20:00,-2.35,80.5,2.7
4/24/2025 21:00,-2.2,82.5,2.7
4/24/2025 22:00,-2.05,84,2.65
4/24/2025 23:00,-2,86,2.65
4/25/2025 0:00,-1.6,86,2.65
4/25/2025 1:00,-1.25,86.5,2.65
4/25/2025 2:00,-0.8,88,2.65
4/25/2025 3:00,-0.5,85,2.6
4/25/2025 4:00,-0.5,82,2.6
4/25/2025 5:00,-0.45,80.5,2.6
4/25/2025 6:00,-0.2,78,2.6
4/25/2025 7:00,-0.45,76.5,2.6
4/25/2025 8:00,-0.2,77.5,2.6
4/25/2025 9:00,0.05,79,2.7
4/25/2025 10:00,0.5,68,2.7
4/25/2025 11:00,0.35,72,2.7
4/25/2025 12:00,0.2,70.5,2.75
4/25/2025 13:00,0.4,65.5,2.75
4/25/2025 14:00,-2,62,0.4
4/25/2025 15:00,-2.5,61,0.4
4/25/2025 16:00,-3.1,60,0.4
4/25/2025 17:00,-3.7,64,0.5
4/25/2025 18:00,-4.3,69,0.5
4/25/2025 19:00,-4.7,73.5,1.85
4/25/2025 20:00,-5.4,71,1.85
4/25/2025 21:00,-5.8,72.5,1.8
4/25/2025 22:00,-6.5,77.5,1.8
4/25/2025 23:00,-7.1,80.5,1.8
4/26/2025 0:00,-7.6,86.5,1.8
4/26/2025 1:00,-7.05,78.5,1.8
4/26/2025 2:00,-6,76.5,1.8
4/26/2025 3:00,-5.2,79,1.8
4/26/2025 4:00,-4.75,78,1.8
4/26/2025 5:00,-4.1,73,1.8
4/26/2025 6:00,-3.5,69.5,1.8
4/26/2025 7:00,-2.95,69.5,1.9
4/26/2025 8:00,-2.45,69,1.95
4/26/2025 9:00,-2.45,68.5,1.95
4/26/2025 10:00,-2.2,67,2
4/26/2025 11:00,-2.8,70,3.5
4/26/2025 12:00,-2.8,70,3.5
4/26/2025 13:00,-2.5,64,3.5
4/26/2025 14:00,-2.5,63,3.5
4/26/2025 15:00,-2.5,64,3.4
4/26/2025 16:00,-2.5,69,2.95
4/26/2025 17:00,-3.15,72,2.9
4/26/2025 18:00,-4.6,77.5,2.9
4/26/2025 19:00,-5.25,80.5,2.9
4/26/2025 20:00,-5,82,2.9
4/26/2025 21:00,-5.3,81.5,2.9
4/26/2025 22:00,-5,84,2.85
4/26/2025 23:00,-4.75,84.5,2.8
4/27/2025 0:00,-4.45,82.5,2.8
4/27/2025 1:00,-4.3,82.5,2.8
4/27/2025 2:00,-4.35,84,2.8
4/27/2025 3:00,-4.2,83.5,2.8
4/27/2025 4:00,-3.35,80,2.75
4/27/2025 5:00,-2.75,78,2.8
4/27/2025 6:00,-2.4,76.5,2.8
4/27/2025 7:00,-1.6,75,2.3
4/27/2025 8:00,-1.1,74,2.4
4/27/2025 9:00,-1.5,79,2.5
4/27/2025 10:00,-1.6,80,2.5
4/27/2025 11:00,-2.2,74,2.5
4/27/2025 12:00,-2.2,73,2.5
4/27/2025 13:00,-1.6,62,2.5
4/27/2025 14:00,-1.55,64.5,3.1
4/27/2025 15:00,-1.8,70,3.1
4/27/2025 16:00,-2.05,73,3.05
4/27/2025 17:00,-2.4,75,3
4/27/2025 18:00,-3.3,78,3
4/27/2025 19:00,-4.05,80.5,3
4/27/2025 20:00,-4.35,82.5,3
4/27/2025 21:00,-4.95,83.5,3
4/27/2025 22:00,-5,84.5,2.95
4/27/2025 23:00,-4.9,85,2.9
4/28/2025 0:00,-4.95,87.5,2.9
4/28/2025 1:00,-5.3,89.5,2.9
4/28/2025 2:00,-5.4,91,2.9
4/28/2025 3:00,-4.85,89,2.9
4/28/2025 4:00,-3.85,82,2.9
4/28/2025 5:00,-2.95,76.5,2.9
4/28/2025 6:00,-2.4,71,3.5
4/28/2025 7:00,-2.3,70,3.5
4/28/2025 8:00,-2,66,3.5
4/28/2025 9:00,0.2,78,2.25
4/28/2025 10:00,0.05,77,2.3
4/28/2025 11:00,0.1,75,2.3
4/28/2025 12:00,0.3,73,2.35
4/28/2025 13:00,0.05,73,2.35
4/28/2025 14:00,-0.55,81.5,2.35
4/28/2025 15:00,-0.45,76,2.35
4/28/2025 16:00,-0.5,75,2.35
4/28/2025 17:00,-0.85,73.5,2.35
4/28/2025 18:00,-1.35,73.5,2.35
4/28/2025 19:00,-1.9,74,2.35
4/28/2025 20:00,-2.25,75,2.3
4/28/2025 21:00,-2.75,76,2.3
4/28/2025 22:00,-3.5,77.5,2.3
4/28/2025 23:00,-5.3,75,1.1
4/29/2025 0:00,-6.6,74,1.1
4/29/2025 1:00,-7.2,73,1.1
4/29/2025 2:00,-8.3,74,1.1
4/29/2025 2:00,-4.5,85.5,2.55
4/29/2025 2:00,-4.5,85.5,2.55
4/29/2025 2:00,-0.7,97,4
4/29/2025 2:00,-0.7,97,4
4/29/2025 2:00,1.4,97,4.85
4/29/2025 3:00,1.25,96,4.8
4/29/2025 4:00,1.7,94.5,4.8
4/29/2025 5:00,2.35,89.5,4.8
4/29/2025 6:00,2.8,80,4.8
4/29/2025 7:00,3.2,75,4.8
4/29/2025 8:00,3.05,76.5,4.85
4/29/2025 9:00,3.45,69.5,4.9
4/29/2025 10:00,3.6,66.5,4.9
4/29/2025 11:00,3.8,64.5,4.95
4/29/2025 12:00,3.95,64,5
4/29/2025 13:00,4.1,63.5,5
4/29/2025 14:00,4.05,64,5
4/29/2025 15:00,3.95,65.5,5
4/29/2025 16:00,3.6,68,5.05
4/29/2025 17:00,3.2,69.5,5.05
4/29/2025 18:00,2.9,72.5,5.05
4/29/2025 19:00,1.45,81.5,5.05
4/29/2025 20:00,0,84.5,5.05
4/29/2025 21:00,-0.3,87,5
4/29/2025 22:00,-0.65,87,4.95
4/29/2025 23:00,-0.95,88,4.95
4/30/2025 0:00,-1,88,4.95
4/30/2025 1:00,-1.25,89.5,4.95
4/30/2025 2:00,-1.55,90,4.85
4/30/2025 3:00,-0.8,87,5.8
4/30/2025 4:00,0.4,85,5.8
4/30/2025 5:00,3.8,85,5.95
4/30/2025 6:00,4.95,78.5,5.95
4/30/2025 7:00,5.9,72.5,5.95
4/30/2025 8:00,6.75,70,6
4/30/2025 9:00,7.5,67.5,6
4/30/2025 10:00,7.5,68.5,6.05
4/30/2025 11:00,7.6,70.5,6.05
4/30/2025 12:00,7.9,69,6.1
4/30/2025 13:00,7.6,70,6.1
4/30/2025 14:00,7.5,73,6.1
4/30/2025 15:00,7.2,76.5,6.1
4/30/2025 16:00,6.9,79,6.15
4/30/2025 17:00,6.45,83,6.15
4/30/2025 18:00,6,86.5,6.15
4/30/2025 19:00,5.5,90.5,6.15
4/30/2025 20:00,4.95,92.5,6.15
4/30/2025 21:00,5.2,91,6.1
4/30/2025 22:00,5,90,6.1
4/30/2025 23:00,5.2,88.5,6.55
5/1/2025 0:00,5.05,91,6.5
5/1/2025 1:00,5.35,92.5,6.5
5/1/2025 2:00,5.4,92.5,6.5
5/1/2025 3:00,4.95,94,6.45
5/1/2025 4:00,4.85,93.5,6.45
5/1/2025 5:00,5.35,93,6.45
5/1/2025 6:00,6.2,98,6.8
5/1/2025 7:00,6.7,99,6.9
5/1/2025 8:00,7.2,98,6.9
5/1/2025 9:00,7.6,99,7.1
5/1/2025 10:00,9.55,99,7.4
5/1/2025 11:00,10.35,96.5,7.45
5/1/2025 12:00,11.25,92,7.5
5/1/2025 13:00,11.7,87,7.6
5/1/2025 14:00,10.45,90.5,7.65
5/1/2025 15:00,11,87,7.7
5/1/2025 16:00,9.3,100,7.8
5/1/2025 17:00,8.6,100,7.8
5/1/2025 18:00,9,93.5,7.85
5/1/2025 19:00,8.55,89.5,7.85
5/1/2025 20:00,8,88.5,7.75
5/1/2025 21:00,7.75,86,7.7
5/1/2025 22:00,7.5,82.5,7.6
5/1/2025 23:00,6.55,83.5,7.55
5/2/2025 0:00,7.7,76,7.4
5/2/2025 1:00,8.2,74,7.4
5/2/2025 2:00,7.3,84,7.3
5/2/2025 3:00,6.45,90.5,7.3
5/2/2025 4:00,6.3,87,7.3
5/2/2025 5:00,6.05,86,7.3
5/2/2025 6:00,6,85.5,7.3
5/2/2025 7:00,6.05,88.5,7.35
5/2/2025 8:00,6.9,84,7.5
5/2/2025 14:00,9.3,79,8.2
5/2/2025 15:00,9.5,75,8.4
5/2/2025 16:00,8.6,77,8.6
5/2/2025 17:00,8.1,85,8.7
5/2/2025 18:00,7.4,87,8.8
5/2/2025 19:00,7.2,89,8.8
5/2/2025 20:00,7,90,8.6
5/2/2025 21:00,6.75,87.5,8.5
5/2/2025 22:00,6.6,89.5,8.3
5/2/2025 23:00,6.4,91.5,8.25
5/3/2025 0:00,6.3,91,8.15
5/3/2025 1:00,6.15,94.5,8.1
5/3/2025 2:00,5.3,98,8.05
5/3/2025 3:00,5.3,98,7.95
5/3/2025 4:00,4.7,96,7.9
5/3/2025 5:00,5.1,97.5,7.85
5/3/2025 6:00,5.65,94.5,7.9
5/3/2025 7:00,6.5,86.5,8
5/3/2025 8:00,7.3,80,8.1
5/3/2025 9:00,6.5,72,8.3
5/3/2025 10:00,6.9,67,8.4
5/3/2025 11:00,6.4,67,8.6
5/3/2025 12:00,6.5,60,8.7
5/3/2025 13:00,6.2,72,8.8
5/3/2025 14:00,6.1,75,8.8
5/3/2025 15:00,5.6,72,8.9
5/3/2025 16:00,4.7,79,8.9
5/3/2025 17:00,5,77,8.9
5/3/2025 18:00,4.1,81,8.9
5/3/2025 19:00,4,82,8.9
5/3/2025 20:00,3.3,88,8.8
5/3/2025 21:00,3.35,79,9
5/3/2025 22:00,2.6,80.5,8.9
5/3/2025 23:00,2.8,77,8.8
5/4/2025 0:00,2.7,77,8.75
5/4/2025 1:00,2.4,80.5,8.7
5/4/2025 2:00,2.25,79,8.65
5/4/2025 3:00,2,79,8.5
5/4/2025 4:00,2,80,8.5
5/4/2025 5:00,2.85,78,8.5
5/4/2025 6:00,4,70,8.5
5/4/2025 7:00,4.75,63,8.55
5/4/2025 8:00,5.65,54,8.75
5/4/2025 9:00,6.2,53,8.85
5/4/2025 10:00,6.3,49,9.2
5/4/2025 11:00,6.4,50,9.4
5/4/2025 12:00,6.1,54,9.5
5/4/2025 13:00,6,53,9.6
5/4/2025 14:00,5.05,55,8.45
5/4/2025 15:00,4.75,56,8.5
5/4/2025 16:00,4.6,54.5,8.55
5/4/2025 17:00,4.3,55.5,8.55
5/4/2025 18:00,3.9,60,8.55
5/4/2025 19:00,3.2,71.5,8.55
5/4/2025 20:00,2.95,75.5,8.55
5/4/2025 21:00,2.65,80.5,8.5
5/4/2025 22:00,2.55,82,8.4
5/4/2025 23:00,2.6,80.5,8.35
5/5/2025 0:00,2.5,80.5,8.3
5/5/2025 1:00,2.7,78.5,8.25
5/5/2025 2:00,2.65,80.5,8.2
5/5/2025 3:00,2.45,83.5,8.15
5/5/2025 4:00,2.6,81,8.1
5/5/2025 5:00,2.85,80,8.1
5/5/2025 6:00,3.3,80.5,8.1
5/5/2025 7:00,3.95,82.5,8.1
5/5/2025 8:00,4.2,84.5,8.2
5/5/2025 9:00,4.55,85,8.25
5/5/2025 10:00,3.9,94,8.35
5/5/2025 11:00,4.05,88.5,8.5
5/5/2025 12:00,4.2,85.5,8.55
5/5/2025 13:00,3.6,95,7.2
5/5/2025 14:00,4.5,91,7.2
5/5/2025 15:00,4.8,82,7.2
5/5/2025 16:00,3.9,66.5,5.2
5/5/2025 17:00,3.1,76,5.25
5/5/2025 18:00,2.6,80.5,5.25
5/5/2025 19:00,1.9,80,5.25
5/5/2025 20:00,1.05,79,5.2
5/5/2025 21:00,0.7,75.5,5.2
5/5/2025 22:00,0.85,76,5.2
5/5/2025 23:00,0.75,75.5,5.2
5/6/2025 0:00,0.35,77.5,5.2
5/6/2025 1:00,-0.05,86.5,5.2
5/6/2025 2:00,-0.8,85,5.15
5/6/2025 3:00,-0.95,84.5,5.15
5/6/2025 4:00,0.7,79.5,5.15
5/6/2025 5:00,1.85,73.5,5.15
5/6/2025 6:00,2.7,62,5.15
5/6/2025 7:00,3.35,56.5,5.15
5/6/2025 8:00,4.1,51.5,5.15
5/6/2025 9:00,4.2,53.5,5.2
5/6/2025 10:00,4.6,54.5,5.2
5/6/2025 11:00,4.6,55.5,5.2
5/6/2025 12:00,4.55,57,5.25
5/6/2025 13:00,4.4,56.5,5.25
5/6/2025 14:00,1.7,75,3.2
5/6/2025 15:00,1.4,74,3.2
5/6/2025 16:00,1.2,75,3.2
5/6/2025 17:00,1.1,75,3.2
5/6/2025 18:00,0.8,78,3.2
5/6/2025 19:00,-0.2,79,3.5
5/6/2025 20:00,-0.45,80.5,3.5
5/6/2025 21:00,-0.6,81,3.5
5/6/2025 22:00,-0.6,81.5,3.5
5/6/2025 23:00,-1,82.5,3.5
5/7/2025 0:00,-1.15,84,3.5
5/7/2025 1:00,-0.55,83.5,3.5
5/7/2025 2:00,-0.55,83,3.5
5/7/2025 3:00,-0.5,84.5,3.5
5/7/2025 4:00,-0.5,86.5,3.5
5/7/2025 5:00,0.45,82.5,3.5
5/7/2025 6:00,1.3,76,3.5
5/7/2025 7:00,1.6,75.5,3.5
5/7/2025 8:00,1.95,74.5,3.5
5/7/2025 9:00,2.05,74.5,3.5
5/7/2025 10:00,2.25,75,3.5
5/7/2025 11:00,1.2,79,3.8
5/7/2025 12:00,1.4,78,3.8
5/7/2025 13:00,1.2,81,3.8
5/7/2025 14:00,1.1,83,3.8
5/7/2025 15:00,1.4,81,3.8
5/7/2025 16:00,1.6,78,3.15
5/7/2025 17:00,1.2,83,3.15
5/7/2025 18:00,0.9,85,3.15
5/7/2025 19:00,0.6,85.5,3.15
5/7/2025 20:00,0.5,88.5,3.15
5/7/2025 21:00,0.35,90,3.15
5/7/2025 22:00,0.45,89,3.15
5/7/2025 23:00,0.5,88,3.15
5/8/2025 0:00,0.6,87.5,3.15
5/8/2025 1:00,0.6,86.5,3.15
5/8/2025 2:00,0.8,84.5,3.15
5/8/2025 3:00,1.3,83.5,3.15
5/8/2025 4:00,1.45,82,3.15
5/8/2025 5:00,1.45,82.5,3.15
5/8/2025 6:00,1.45,83.5,3.15
5/8/2025 7:00,2,72,2.5
5/8/2025 8:00,2.2,67,2.5
5/8/2025 9:00,2,70,2.5
5/8/2025 10:00,2.2,70,2.5
5/8/2025 11:00,2.4,69,2.6
5/8/2025 12:00,2.3,70,2.6
5/8/2025 13:00,2.3,75,2.6
5/8/2025 14:00,2.65,79.5,3.2
5/8/2025 15:00,2.6,80,3.2
5/8/2025 16:00,2.4,81.5,3.15
5/8/2025 17:00,1.95,84.5,3.15
5/8/2025 18:00,1.35,87,3.15
5/8/2025 19:00,0.95,90,3.15
5/8/2025 20:00,0.45,91.5,3.15
5/8/2025 21:00,-0.05,91.5,3.15
5/8/2025 22:00,-0.3,92,3.15
5/8/2025 23:00,0,92,3.15
5/9/2025 0:00,-0.15,91,3.15
5/9/2025 1:00,0,88,3.15
5/9/2025 2:00,0,85.5,3.15
5/9/2025 3:00,0.6,81,3.15
5/9/2025 4:00,1.55,73.5,3.15
5/9/2025 5:00,2.15,71.5,3.15
5/9/2025 6:00,2.8,71,3.8
5/9/2025 7:00,3,72,3.8
5/9/2025 8:00,3.4,72,3.8
5/9/2025 9:00,4.9,63.5,3.55
5/9/2025 10:00,5.35,60,3.6
5/9/2025 11:00,5.55,60.5,3.7
5/9/2025 12:00,5.55,62.5,3.7
5/9/2025 13:00,5.85,59.5,3.7
5/9/2025 14:00,5.8,62,3.7
5/9/2025 15:00,5.45,66,3.75
5/9/2025 16:00,5.05,69,3.75
5/9/2025 17:00,4.65,72.5,3.8
5/9/2025 18:00,4.2,75.5,3.8
5/9/2025 19:00,3.75,77.5,3.8
5/9/2025 20:00,3.4,78.5,3.75
5/9/2025 21:00,3.15,80,3.7
5/9/2025 22:00,3,80,3.7
5/9/2025 23:00,3.8,89,3.5
5/10/2025 0:00,3.7,89,3.5
5/10/2025 1:00,3.8,89,3.5
5/10/2025 2:00,3.9,88,3.5
5/10/2025 2:00,4.9,94,4.25
5/10/2025 2:00,4.9,94,4.25
5/10/2025 2:00,5.9,100,5
5/10/2025 2:00,5.9,100,5
5/10/2025 2:00,5.1,98.5,6.05
5/10/2025 3:00,5.05,98,6.05
5/10/2025 4:00,5.6,96,6
5/10/2025 5:00,6.5,92.5,5.95
5/10/2025 6:00,7.8,84.5,5.95
5/10/2025 7:00,9,76.5,5.95
5/10/2025 8:00,9.8,72.5,5.95
5/10/2025 9:00,9.8,76.5,5.9
5/10/2025 10:00,10.55,70.5,5.9
5/10/2025 11:00,10.45,69.5,5.9
5/10/2025 12:00,10.35,70.5,5.9
5/10/2025 13:00,11.2,61,5.9
5/10/2025 14:00,11.25,62.5,5.9
5/10/2025 15:00,10.45,69,5.9
5/10/2025 16:00,9.7,78.5,5.9
5/10/2025 17:00,8.65,86.5,5.9
5/10/2025 18:00,8.4,92,5.9
5/10/2025 19:00,8.15,90.5,5.85
5/10/2025 20:00,7.05,94,5.85
5/10/2025 21:00,5.75,96.5,5.85
5/10/2025 22:00,6.2,92,5.85
5/10/2025 23:00,5.25,95.5,5.85
5/11/2025 0:00,5.2,93,5.8
5/11/2025 1:00,5.1,92.5,5.8
5/11/2025 2:00,5.2,91,5.8
5/11/2025 3:00,4.7,84,6.7
5/11/2025 4:00,6,80,6.6
5/11/2025 5:00,8.75,74.5,7.05
5/11/2025 6:00,10.2,70.5,7.05
5/11/2025 7:00,11.85,65,7.05
5/11/2025 8:00,12.75,62,7.15
5/11/2025 9:00,13.4,61,7.15
5/11/2025 10:00,15.7,52.5,7.15
5/11/2025 11:00,16.6,49.5,7.2
5/11/2025 12:00,16.4,50.5,7.25
5/11/2025 13:00,16.25,51.5,7.25
5/11/2025 14:00,15.45,55,7.25
5/11/2025 15:00,15.35,55.5,7.3
5/11/2025 16:00,15.3,55,7.3
5/11/2025 17:00,15.15,58,7.3
5/11/2025 18:00,14.35,65,7.3
5/11/2025 19:00,12.25,68.5,7.3
5/11/2025 20:00,9.55,74,7.3
5/11/2025 21:00,9.9,66,7.8
5/11/2025 22:00,9.5,70,7.7
5/11/2025 23:00,9.2,72,8.35
5/12/2025 0:00,8.8,72.5,8.3
5/12/2025 1:00,8.45,74,8.3
5/12/2025 2:00,8.1,75,8.25
5/12/2025 3:00,7.8,77.5,8.25
5/12/2025 4:00,7.85,80,8.25
5/12/2025 5:00,8.25,84.5,8.25
5/12/2025 6:00,9.1,80,8.9
5/12/2025 7:00,11.1,67,8.9
5/12/2025 8:00,12.2,61,8.9
5/12/2025 9:00,11.9,63,9
5/12/2025 10:00,12.4,62.5,8.75
5/12/2025 11:00,12.65,61.5,8.75
5/12/2025 12:00,13.35,60,8.8
5/12/2025 13:00,13.2,60,8.85
5/12/2025 14:00,13,60,8.95
5/12/2025 15:00,12.25,63,9
5/12/2025 16:00,11.8,69,8.6
5/12/2025 17:00,11.8,68,8.6
5/12/2025 18:00,10.8,79,9.2
5/12/2025 19:00,10.6,79.5,9.2
5/12/2025 20:00,10.1,82,9.2
5/12/2025 21:00,9.35,84.5,9.1
5/12/2025 22:00,9.05,87.5,9
5/12/2025 23:00,9.05,89.5,9
5/13/2025 0:00,8.7,95,9.5
5/13/2025 1:00,9.3,93,9.4
5/13/2025 2:00,9.4,96,9.4
5/13/2025 3:00,8.85,96.5,10.1
5/13/2025 4:00,9.05,96.5,10.05
5/13/2025 5:00,9.5,95,10.05
5/13/2025 6:00,10,93,10.05
5/13/2025 7:00,10.55,89.5,10.15
5/13/2025 8:00,11.1,83.5,10.25
5/13/2025 14:00,12.9,67,11.6
5/13/2025 15:00,12.7,58,11.7
5/13/2025 16:00,12.4,59,11.8
5/13/2025 17:00,11.9,63,11.8
5/13/2025 18:00,11.1,67,11.9
5/13/2025 19:00,9.6,79,11.9
5/13/2025 20:00,8.1,87,11.8
5/13/2025 21:00,6.45,82.5,11.3
5/13/2025 22:00,6,80,11.15
5/13/2025 23:00,5.6,79,11.1
5/14/2025 0:00,5.25,78,11.05
5/14/2025 1:00,5.45,76,11
5/14/2025 2:00,5.1,76.5,10.95
5/14/2025 3:00,4.85,75.5,10.9
5/14/2025 4:00,4.95,73,10.85
5/14/2025 5:00,5.6,68.5,10.8
5/14/2025 6:00,6.45,63,10.85
5/14/2025 7:00,7.15,61,10.95
5/14/2025 8:00,8.05,57.5,11.05
5/14/2025 9:00,7.3,58,10.7
5/14/2025 10:00,7.8,57,10.9
5/14/2025 11:00,8.1,56,11
5/14/2025 12:00,8.4,55,11.1
5/14/2025 13:00,9,53,11.2
5/14/2025 14:00,9,54,11.2
5/14/2025 15:00,8.8,56,11.3
5/14/2025 16:00,8.5,57,11.3
5/14/2025 17:00,8.1,59,11.3
5/14/2025 18:00,7.7,61,11.3
5/14/2025 19:00,7.3,62,11.2
5/14/2025 20:00,6.8,68,11.1
5/14/2025 21:00,6.1,67.5,11.25
5/14/2025 22:00,5.85,70,11.15
5/14/2025 23:00,5.65,73,11.05
5/15/2025 0:00,5.35,76.5,10.95
5/15/2025 1:00,5.05,81,10.9
5/15/2025 2:00,4.6,83.5,10.8
5/15/2025 3:00,4.35,85,10.7
5/15/2025 4:00,4.8,86,10.6
5/15/2025 5:00,5.95,78,10.55
5/15/2025 6:00,7.25,69,10.55
5/15/2025 7:00,8.1,68,10.65
5/15/2025 8:00,8.6,70,10.75
5/15/2025 9:00,9.25,71.5,10.95
5/15/2025 10:00,8.5,78,11.5
5/15/2025 11:00,8.6,76,11.6
5/15/2025 12:00,8.6,78,11.8
5/15/2025 13:00,8.5,79,11.9
5/15/2025 14:00,7.85,82,9.85
5/15/2025 15:00,7.65,81,9.85
5/15/2025 16:00,7.4,81,9.75
5/15/2025 17:00,7.1,81.5,9.75
5/15/2025 18:00,6.75,81.5,9.75
5/15/2025 19:00,6.5,84,9.65
5/15/2025 20:00,6.3,85.5,9.65
5/15/2025 21:00,6,86.5,9.55
5/15/2025 22:00,5.9,87,9.5
5/15/2025 23:00,5.8,87.5,9.45
5/16/2025 0:00,5.75,87.5,9.4
5/16/2025 1:00,5.7,86,9.4
5/16/2025 2:00,5.8,86,9.3
5/16/2025 3:00,5.95,87.5,9.3
5/16/2025 4:00,6.3,88.5,9.3
5/16/2025 5:00,6.55,89,9.3
5/16/2025 6:00,6.7,90,9.3
5/16/2025 7:00,7.05,89,9.35
5/16/2025 8:00,7.5,87.5,9.4
5/16/2025 9:00,7.9,86.5,9.55
5/16/2025 10:00,8.3,85,9.65
5/16/2025 11:00,8.55,81.5,9.7
5/16/2025 12:00,9,79,9.8
5/16/2025 13:00,8,86,7.2
5/16/2025 14:00,8,81,7.2
5/16/2025 15:00,7.5,78,7.2
5/16/2025 16:00,5.95,84.5,6.4
5/16/2025 17:00,5.5,85,6.35
5/16/2025 18:00,5.1,85,6.3
5/16/2025 19:00,4.8,85.5,6.3
5/16/2025 20:00,4.4,85.5,6.3
5/16/2025 21:00,4.25,87,6.25
5/16/2025 22:00,4.15,86,6.25
5/16/2025 23:00,3.8,85.5,6.25
5/17/2025 0:00,3.5,84,6.25
5/17/2025 1:00,3.7,84.5,6.25
5/17/2025 2:00,3.55,85,6.15
5/17/2025 3:00,3.9,83,6.15
5/17/2025 4:00,4.1,80.5,6.15
5/17/2025 5:00,4.35,77.5,6.15
5/17/2025 6:00,5,73,6.2
5/17/2025 7:00,5.4,69.5,6.25
5/17/2025 8:00,5.95,68,6.3
5/17/2025 9:00,6.4,65.5,6.4
5/17/2025 10:00,6.75,64,6.55
5/17/2025 11:00,6.95,63,6.6
5/17/2025 12:00,7.05,62.5,6.7
5/17/2025 13:00,6.8,64.5,6.8
5/17/2025 14:00,5.2,70,5.6
5/17/2025 15:00,4.9,72,5.6
5/17/2025 16:00,4.7,73,5.7
5/17/2025 17:00,4.5,74,5.7
5/17/2025 18:00,4.2,75,5.7
5/17/2025 19:00,3.35,76.5,5.2
5/17/2025 20:00,2.65,78,5.15
5/17/2025 21:00,2,81.5,5.15
5/17/2025 22:00,1.4,84.5,5.1
5/17/2025 23:00,0.8,88,5.05
5/18/2025 0:00,0.1,93,5
5/18/2025 1:00,1.1,88,5
5/18/2025 2:00,1.3,88.5,5
5/18/2025 3:00,1.9,84,4.95
5/18/2025 4:00,2.85,77.5,4.95
5/18/2025 5:00,3.8,72.5,5
5/18/2025 6:00,5.1,64.5,5
5/18/2025 7:00,5.85,62,5.05
5/18/2025 8:00,6.55,61,5.1
5/18/2025 9:00,7.1,61,5.15
5/18/2025 10:00,7.35,63.5,5.25
5/18/2025 11:00,5.8,72,4.8
5/18/2025 12:00,5.8,74,4.8
5/18/2025 13:00,5.6,69,4.8
5/18/2025 14:00,5.6,74,4.8
5/18/2025 15:00,5.2,75,4.8
5/18/2025 16:00,6,60.5,4.3
5/18/2025 17:00,5.85,60.5,4.3
5/18/2025 18:00,5.35,65.5,4.3
5/18/2025 19:00,4.55,71.5,4.3
5/18/2025 20:00,3.75,74.5,4.3
5/18/2025 21:00,3.05,79,4.3
5/18/2025 22:00,2.2,83,4.3
5/18/2025 23:00,1.65,84.5,4.3
5/19/2025 0:00,1.4,86.5,4.3
5/19/2025 1:00,1.8,85,4.3
5/19/2025 2:00,2.6,81,4.3
5/19/2025 3:00,3.65,79.5,4.3
5/19/2025 4:00,4.3,78.5,4.3
5/19/2025 5:00,5,74.5,4.3
5/19/2025 6:00,5.55,70,4.3
5/19/2025 7:00,5.8,55,3.9
5/19/2025 8:00,6,55,3.9
5/19/2025 9:00,7,54,4
5/19/2025 10:00,8.3,58,4
5/19/2025 11:00,8.6,61,4.1
5/19/2025 12:00,7.9,63,4.1
5/19/2025 13:00,7.6,62,4.2
5/19/2025 14:00,6.35,72,4.5
5/19/2025 15:00,6.1,73.5,4.5
5/19/2025 16:00,5.75,74.5,4.5
5/19/2025 17:00,5.65,74,4.55
5/19/2025 18:00,5.2,75.5,4.55
5/19/2025 19:00,4.25,82.5,4.55
5/19/2025 20:00,3.7,85,4.5
5/19/2025 21:00,3.35,86.5,4.5
5/19/2025 22:00,3,87.5,4.5
5/19/2025 23:00,2.95,89.5,4.5
5/20/2025 0:00,2.75,90.5,4.5
5/20/2025 1:00,2.9,91,4.5
5/20/2025 2:00,3.2,90,4.5
5/20/2025 3:00,3.5,87,4.5
5/20/2025 4:00,3.65,86.5,4.5
5/20/2025 5:00,3.5,87.5,4.5
5/20/2025 6:00,3.2,91,4.8
5/20/2025 7:00,2.8,94,4.8
5/20/2025 8:00,2.4,92,4.8
5/20/2025 9:00,3.1,83.5,5.35
5/20/2025 10:00,2.7,86.5,5.35
5/20/2025 11:00,2.7,85,5.35
5/20/2025 12:00,2.7,81.5,5.35
5/20/2025 13:00,2.85,79.5,5.35
5/20/2025 14:00,2.7,79,5.35
5/20/2025 15:00,2.5,80,5.35
5/20/2025 16:00,2.25,81.5,5.35
5/20/2025 17:00,1.85,87.5,5.35
5/20/2025 18:00,1.85,84,5.35
5/20/2025 19:00,1.45,85.5,5.35
5/20/2025 20:00,1.45,85.5,5.3
5/20/2025 21:00,1.45,83,5.3
5/20/2025 22:00,1,82,5.3
5/20/2025 23:00,1.5,86,5.8
5/21/2025 0:00,1.3,83,5.7
5/21/2025 1:00,1.3,83,5.7
5/21/2025 2:00,1.4,84,5.7
5/21/2025 2:00,1.3,89.5,5.95
5/21/2025 2:00,1.3,89.5,5.95
5/21/2025 2:00,1.2,95,6.2
5/21/2025 2:00,1.2,95,6.2
5/21/2025 2:00,1.1,95,6.95
5/21/2025 3:00,2.1,91,6.95
5/21/2025 4:00,2.9,88,6.95
5/21/2025 5:00,3.7,82.5,6.95
5/21/2025 6:00,4.55,75.5,6.95
5/21/2025 7:00,5.75,64.5,6.95
5/21/2025 8:00,6.65,56.5,6.95
5/21/2025 9:00,7.4,50.5,6.95
5/21/2025 10:00,8,46,6.95
5/21/2025 11:00,8.1,44.5,6.95
5/21/2025 12:00,8,45,6.95
5/21/2025 13:00,7.8,46,6.95
5/21/2025 14:00,7.95,44.5,6.95
5/21/2025 15:00,7.75,44.5,7
5/21/2025 16:00,7.45,45.5,7
5/21/2025 17:00,7,48.5,7
5/21/2025 18:00,6.5,51,7
5/21/2025 19:00,5.65,60.5,7
5/21/2025 20:00,4.45,67,7
5/21/2025 21:00,3.5,69.5,6.95
5/21/2025 22:00,2.75,71,6.95
5/21/2025 23:00,1.95,74.5,6.95
5/22/2025 0:00,1.3,78,6.95
5/22/2025 1:00,1.35,81.5,6.95
5/22/2025 2:00,1.75,81,6.9
5/22/2025 3:00,3.2,80,7.6
5/22/2025 4:00,4.3,73,7.6
5/22/2025 5:00,6.1,60,8.75
5/22/2025 6:00,6.9,55.5,8.75
5/22/2025 7:00,7.65,52.5,8.85
5/22/2025 8:00,8.35,50.5,8.9
5/22/2025 9:00,9.05,49,9
5/22/2025 10:00,9.55,48,9.05
5/22/2025 11:00,9.55,49,9.15
5/22/2025 12:00,9.85,48,9.25
5/22/2025 13:00,9.65,49,9.3
5/22/2025 14:00,9.55,49.5,9.3
5/22/2025 15:00,9.35,49,9.35
5/22/2025 16:00,9.05,51,9.45
5/22/2025 17:00,8.65,54,9.45
5/22/2025 18:00,8,59,9.45
5/22/2025 19:00,7.35,65,9.45
5/22/2025 20:00,6.55,69.5,9.45
5/22/2025 21:00,6.3,82,11.1
5/22/2025 22:00,5.9,88,11
5/22/2025 23:00,5.9,78.5,12
5/23/2025 0:00,5.7,71.5,12
5/23/2025 1:00,4.7,68.5,12
5/23/2025 2:00,4.65,68,11.9
5/23/2025 3:00,4.95,68.5,11.85
5/23/2025 4:00,5.75,68,11.85
5/23/2025 5:00,6.65,64.5,11.85
5/23/2025 6:00,6.7,61,12.9
5/23/2025 7:00,7.2,60,12.9
5/23/2025 8:00,7.6,61,13.1
5/23/2025 9:00,7.3,65,13.3
5/23/2025 10:00,8,63.5,12.9
5/23/2025 11:00,8.15,64,13.05
5/23/2025 12:00,8.4,63.5,13.25
5/23/2025 13:00,8.1,67,13.3
5/23/2025 14:00,8.85,64,13.45
5/23/2025 15:00,9,62.5,13.55
5/23/2025 16:00,8.6,60,12.9
5/23/2025 17:00,8.4,61,13
5/23/2025 18:00,8.3,62.5,13.6
5/23/2025 19:00,7.8,66,13.6
5/23/2025 20:00,7.3,72,13.5
5/23/2025 21:00,6.85,78.5,13.4
5/23/2025 22:00,6.65,80.5,13.3
5/23/2025 23:00,6.35,83.5,13.2
5/24/2025 0:00,6,85,13.6
5/24/2025 1:00,6.7,88,13.5
5/24/2025 2:00,6.7,88,13.4
5/24/2025 3:00,6.15,92.5,14.05
5/24/2025 4:00,6.6,90.5,13.95
5/24/2025 5:00,7.05,84,13.9
5/24/2025 6:00,7.6,75,13.9
5/24/2025 7:00,8.05,69,14
5/24/2025 8:00,8.2,67.5,14.15
5/24/2025 14:00,10,56,15.9
5/24/2025 15:00,10.4,53,16.1
5/24/2025 16:00,10.9,51,16.2
5/24/2025 17:00,10.6,54,16.2
5/24/2025 18:00,9.9,61,16.3
5/24/2025 19:00,9.9,62,16.2
5/24/2025 20:00,10,62,16.1
5/24/2025 21:00,8.35,75.5,15.05
5/24/2025 22:00,7.6,81,15
5/24/2025 23:00,7.15,84.5,14.9
5/25/2025 0:00,7.1,85,14.85
5/25/2025 1:00,7.3,85,14.75
5/25/2025 2:00,7.6,81,14.65
5/25/2025 3:00,8.05,77,14.65
5/25/2025 4:00,8.35,76,14.6
5/25/2025 5:00,8.8,75.5,14.55
5/25/2025 6:00,9.85,71.5,14.55
5/25/2025 7:00,10.85,72.5,14.5
5/25/2025 8:00,11.7,74,14.55
5/25/2025 9:00,10.7,84,14.1
5/25/2025 10:00,14.4,65,14.2
5/25/2025 11:00,17.1,55,14.4
5/25/2025 12:00,18.6,51,14.4
5/25/2025 13:00,17.9,55,14.5
5/25/2025 14:00,17.5,61,14.6
5/25/2025 15:00,16,73,14.6
5/25/2025 16:00,15,83,14.6
5/25/2025 17:00,14.7,88,14.6
5/25/2025 18:00,14.3,83,14.6
5/25/2025 19:00,13.8,73,14.6
5/25/2025 20:00,13.3,75,14.6
5/25/2025 21:00,11.9,74,14.45
5/25/2025 22:00,11.7,77.5,14.3
5/25/2025 23:00,10.9,86,14.25
5/26/2025 0:00,10.65,86,14.15
5/26/2025 1:00,10.7,84,14.15
5/26/2025 2:00,10.15,85,14.1
5/26/2025 3:00,9.85,87,14.1
5/26/2025 4:00,9.75,87.5,14.05
5/26/2025 5:00,10.15,82.5,14.05
5/26/2025 6:00,10.35,79.5,14.1
5/26/2025 7:00,10.85,77,14.15
5/26/2025 8:00,11.05,74.5,14.25
5/26/2025 9:00,11.6,73,14.4
5/26/2025 10:00,8.9,94,14.4
5/26/2025 11:00,9.3,88,14.6
5/26/2025 12:00,9.6,84,14.8
5/26/2025 13:00,9.2,91,14.9
5/26/2025 14:00,10,90.5,12.2
5/26/2025 15:00,10.45,86,12.25
5/26/2025 16:00,10.6,82.5,12.4
5/26/2025 17:00,10.45,82.5,12.4
5/26/2025 18:00,9.95,86,12.45
5/26/2025 19:00,9.25,96.5,12.4
5/26/2025 20:00,8.8,95,12.4
5/26/2025 21:00,8.25,97.5,12.3
5/26/2025 22:00,7.75,97,12.25
5/26/2025 23:00,7.5,97,12.2
5/27/2025 0:00,7.05,97.5,12.15
5/27/2025 1:00,7.15,95.5,12.15
5/27/2025 2:00,6.75,94,12.05
5/27/2025 3:00,6.55,94,12.05
5/27/2025 4:00,6.7,95.5,11.95
5/27/2025 5:00,6.85,95.5,12
5/27/2025 6:00,7.4,94,12.1
5/27/2025 7:00,8.15,90.5,12.15
5/27/2025 8:00,9.4,85,12.3
5/27/2025 9:00,10.7,78,12.55
5/27/2025 10:00,11.7,71.5,12.75
5/27/2025 11:00,12.5,67.5,12.9
5/27/2025 12:00,13.2,62.5,13.1
5/27/2025 13:00,11,68,10.6
5/27/2025 14:00,11,70,10.7
5/27/2025 15:00,10.8,74,10.9
5/27/2025 16:00,9.65,86.5,9.5
5/27/2025 17:00,9.3,85,9.55
5/27/2025 18:00,9.1,85.5,9.6
5/27/2025 19:00,8.8,87.5,9.5
5/27/2025 20:00,8,90,9.4
5/27/2025 21:00,7.25,91.5,9.35
5/27/2025 22:00,6.95,90.5,9.3
5/27/2025 23:00,6.85,88,9.2
5/28/2025 0:00,6.2,85.5,9.15
5/28/2025 1:00,6.05,87,9.1
5/28/2025 2:00,6.15,87.5,9.1
5/28/2025 3:00,6.8,88,9.1
5/28/2025 4:00,8.15,86,9.1
5/28/2025 5:00,9.7,78.5,9.1
5/28/2025 6:00,11.15,69,9.15
5/28/2025 7:00,12.05,62,9.25
5/28/2025 8:00,12.6,60,9.35
5/28/2025 9:00,13.35,57.5,9.5
5/28/2025 10:00,13.45,62,9.7
5/28/2025 11:00,13.05,66.5,9.8
5/28/2025 12:00,12.7,72,9.95
5/28/2025 13:00,13,69.5,10
5/28/2025 14:00,16.8,40,8.7
5/28/2025 15:00,16.6,39,8.8
5/28/2025 16:00,14.7,48,8.8
5/28/2025 17:00,13.5,58,8.8
5/28/2025 18:00,12.1,68,8.8
5/28/2025 19:00,11.7,75,7
5/28/2025 20:00,10.45,78,6.95
5/28/2025 21:00,9.7,84,6.9
5/28/2025 22:00,9.1,88.5,6.9
5/28/2025 23:00,8.8,89,6.9
5/29/2025 0:00,8.6,92,6.85
5/29/2025 1:00,8.3,93.5,6.8
5/29/2025 2:00,8.25,95,6.8
5/29/2025 3:00,8.3,96,6.8
5/29/2025 4:00,8.25,92.5,6.8
5/29/2025 5:00,8.1,93,6.8
5/29/2025 6:00,8.1,90.5,6.8
5/29/2025 7:00,8.25,88.5,6.85
5/29/2025 8:00,8.4,87.5,6.9
5/29/2025 9:00,8.4,86,7.1
5/29/2025 10:00,9.35,79,7.2
5/29/2025 11:00,8.8,80,5.3
5/29/2025 12:00,8.9,83,5.4
5/29/2025 13:00,9.8,80,5.4
5/29/2025 14:00,10.1,78,5.4
5/29/2025 15:00,10.1,77,5.4
5/29/2025 16:00,10.75,77,4.9
5/29/2025 17:00,9.65,84,4.85
5/29/2025 18:00,9,86,4.85
5/29/2025 19:00,7.95,90,4.85
5/29/2025 20:00,7.4,91.5,4.85
5/29/2025 21:00,7.05,90.5,4.85
5/29/2025 22:00,6.9,88.5,4.85
5/29/2025 23:00,6.9,87,4.85
5/30/2025 0:00,6.5,87.5,4.85
5/30/2025 1:00,6.2,91,4.85
5/30/2025 2:00,6.35,92.5,4.85
5/30/2025 3:00,6.75,90.5,4.8
5/30/2025 4:00,7.1,89,4.85
5/30/2025 5:00,7.65,88,4.9
5/30/2025 6:00,8.05,87.5,4.9
5/30/2025 7:00,9.7,80,4.2
5/30/2025 8:00,11.8,71,4.2
5/30/2025 9:00,13.3,63,4.3
5/30/2025 10:00,14.5,56,4.3
5/30/2025 11:00,14.6,54,4.3
5/30/2025 12:00,14.4,61,4.3
5/30/2025 13:00,12.7,63,4.3
5/30/2025 14:00,11.85,72,5.45
5/30/2025 15:00,12.15,67.5,5.5
5/30/2025 16:00,11.85,68,5.5
5/30/2025 17:00,11.35,70.5,5.45
5/30/2025 18:00,10.4,75.5,5.45
5/30/2025 19:00,9.35,80,5.45
5/30/2025 20:00,8,87,5.4
5/30/2025 21:00,6.65,89.5,5.4
5/30/2025 22:00,5.9,91.5,5.35
5/30/2025 23:00,5.15,92.5,5.35
5/31/2025 0:00,5.05,93,5.35
5/31/2025 1:00,5.7,93,5.3
5/31/2025 2:00,6.3,90.5,5.3
5/31/2025 3:00,7.2,89,5.35
5/31/2025 4:00,7.9,86,5.4
5/31/2025 5:00,8.45,84.5,5.4
5/31/2025 6:00,7.9,83,6.2
5/31/2025 7:00,8,80,6.3
5/31/2025 8:00,7.8,78,6.5
5/31/2025 9:00,7.35,76,8.7
5/31/2025 10:00,7.4,72.5,8.9
5/31/2025 11:00,7.6,68.5,9.15
5/31/2025 12:00,7.7,66,9.3
5/31/2025 13:00,7.75,67.5,9.45
5/31/2025 14:00,7.5,68,9.6
5/31/2025 15:00,7,73.5,9.75
5/31/2025 16:00,6.75,73.5,9.85
5/31/2025 17:00,6.2,76,9.85
5/31/2025 18:00,5.7,79,9.85
5/31/2025 19:00,5.35,82,9.8
5/31/2025 20:00,5.1,82.5,9.6
5/31/2025 21:00,4.95,83.5,9.4
5/31/2025 22:00,4.8,83,9.15
5/31/2025 23:00,5,89,10.9
6/1/2025 0:00,4.9,89,10.8
6/1/2025 1:00,4.7,96,10.7
6/1/2025 2:00,4.7,94,10.7
6/1/2025 2:00,4.25,95.5,10.55
6/1/2025 2:00,4.25,95.5,10.55
6/1/2025 2:00,3.8,97,10.4
6/1/2025 2:00,3.8,97,10.4
6/1/2025 2:00,4.3,90,11
6/1/2025 3:00,5.3,87.5,11
6/1/2025 4:00,6.25,77.5,10.95
6/1/2025 5:00,6.9,72,11
6/1/2025 6:00,7.7,65.5,11.05
6/1/2025 7:00,8.4,62.5,11.1
6/1/2025 8:00,9.05,59.5,11.2
6/1/2025 9:00,9.65,55.5,11.3
6/1/2025 10:00,10.95,50,11.4
6/1/2025 11:00,11.7,46.5,11.5
6/1/2025 12:00,12.55,44,11.5
6/1/2025 13:00,13.4,40.5,11.5
6/1/2025 14:00,13.8,40,11.55
6/1/2025 15:00,14.15,40,11.5
6/1/2025 16:00,14.2,41,11.5
6/1/2025 17:00,13.9,46,11.5
6/1/2025 18:00,12.75,53.5,11.45
6/1/2025 19:00,11.15,67.5,11.45
6/1/2025 20:00,10.25,74,11.4
6/1/2025 21:00,9.5,81,11.35
6/1/2025 22:00,8.7,89,11.35
6/1/2025 23:00,8.15,93.5,11.35
6/2/2025 0:00,7.7,94.5,11.3
6/2/2025 1:00,7,96,11.3
6/2/2025 2:00,7.05,96.5,11.25
6/2/2025 3:00,7.8,98,11.7
6/2/2025 4:00,8.8,96,11.6
6/2/2025 5:00,9.1,92,12.6
6/2/2025 6:00,9.2,91,12.6
6/2/2025 7:00,9.3,90,12.65
6/2/2025 8:00,9.3,88,12.7
6/2/2025 9:00,9.7,86,12.7
6/2/2025 10:00,9.75,85.5,12.8
6/2/2025 11:00,9.7,86.5,12.9
6/2/2025 12:00,9.95,85,12.95
6/2/2025 13:00,9.55,88.5,12.95
6/2/2025 14:00,9.9,87.5,13
6/2/2025 15:00,10.05,84,13.05
6/2/2025 16:00,9.95,79.5,13.05
6/2/2025 17:00,9.85,77,13.1
6/2/2025 18:00,9.25,79,13.1
6/2/2025 19:00,8.45,83.5,13.1
6/2/2025 20:00,8.35,81,13
6/2/2025 21:00,8.2,76,13.8
6/2/2025 22:00,7.8,77,13.8
6/2/2025 23:00,7.5,80.5,13.9
6/3/2025 0:00,7.35,80.5,13.8
6/3/2025 1:00,7.65,82,13.8
6/3/2025 2:00,7.6,82.5,13.7
6/3/2025 3:00,7.7,86,13.7
6/3/2025 4:00,8.1,86.5,13.6
6/3/2025 5:00,8.55,85,13.6
6/3/2025 6:00,9.9,77,13.6
6/3/2025 7:00,11.2,73,13.8
6/3/2025 8:00,12.9,63,13.9
6/3/2025 9:00,14.4,54,14.1
6/3/2025 10:00,15.75,48.5,14.05
6/3/2025 11:00,17.2,42.5,14.15
6/3/2025 12:00,18.25,40.5,14.15
6/3/2025 13:00,19.05,36.5,14.2
6/3/2025 14:00,19.4,33.5,14.1
6/3/2025 15:00,19.3,38,14.1
6/3/2025 16:00,19,38,13.8
6/3/2025 17:00,18.2,42,13.7
6/3/2025 18:00,16.3,54,14.05
6/3/2025 19:00,15.25,66,14.05
6/3/2025 20:00,14.1,68.5,14
6/3/2025 21:00,12.75,72.5,13.95
6/3/2025 22:00,11.45,74,13.9
6/3/2025 23:00,10.65,75,13.9
6/4/2025 0:00,8.6,80,14.1
6/4/2025 1:00,9.5,73,14.1
6/4/2025 2:00,8.3,81,14.1
6/4/2025 3:00,8.3,86.5,13.8
6/4/2025 4:00,9.3,83.5,13.75
6/4/2025 5:00,10.25,78.5,13.75
6/4/2025 6:00,11.25,73.5,13.7
6/4/2025 7:00,11.35,69.5,13.7
6/4/2025 8:00,11.7,63,13.65
6/4/2025 14:00,11.6,61,13.6
6/4/2025 15:00,10.6,70,13.6
6/4/2025 16:00,10.6,71,13.6
6/4/2025 17:00,9.1,84,13.6
6/4/2025 18:00,8.9,84,13.6
6/4/2025 19:00,8.8,80,13.6
6/4/2025 20:00,8,83,13.6
6/4/2025 21:00,9.4,71,13.1
6/4/2025 22:00,8.95,73,13.05
6/4/2025 23:00,8.9,71.5,12.9
6/5/2025 0:00,8.5,74,12.9
6/5/2025 1:00,8.65,73.5,12.9
6/5/2025 2:00,8.55,74,12.85
6/5/2025 3:00,8.55,74,12.85
6/5/2025 4:00,9.05,74.5,12.75
6/5/2025 5:00,9.85,68,12.7
6/5/2025 6:00,10.75,66,12.7
6/5/2025 7:00,11.5,63,12.65
6/5/2025 8:00,11.55,65.5,12.6
6/5/2025 9:00,14.8,42,12.2
6/5/2025 10:00,15.8,39,12.3
6/5/2025 11:00,15.7,37,12.3
6/5/2025 12:00,15.4,41,12.4
6/5/2025 13:00,15,44,12.4
6/5/2025 14:00,15.4,41,12.4
6/5/2025 15:00,15.7,40,12.5
6/5/2025 16:00,12.5,74,12.6
6/5/2025 17:00,12.8,61,12.6
6/5/2025 18:00,13,60,12.7
6/5/2025 19:00,12.2,66,12.8
6/5/2025 20:00,12.2,65,12.8
6/5/2025 21:00,11.85,66.5,13.35
6/5/2025 22:00,11.4,67.5,13.3
6/5/2025 23:00,10.9,70.5,13.3
6/6/2025 0:00,10.15,75,13.35
6/6/2025 1:00,9.35,86.5,13.35
6/6/2025 2:00,9,85.5,13.35
6/6/2025 3:00,9,84.5,13.35
6/6/2025 4:00,9.3,86,13.4
6/6/2025 5:00,10.35,79,13.35
6/6/2025 6:00,11.25,75,13.4
6/6/2025 7:00,12.2,67.5,13.35
6/6/2025 8:00,12.8,65,13.35
6/6/2025 9:00,13.25,64,13.4
6/6/2025 10:00,13.4,69,13.5
6/6/2025 11:00,13.1,69,13.4
6/6/2025 12:00,13.8,60,13.4
6/6/2025 13:00,16.1,43,13.4
6/6/2025 14:00,12.8,65,12.6
6/6/2025 15:00,12.35,68,12.55
6/6/2025 16:00,12.6,65,12.6
6/6/2025 17:00,12.5,66.5,12.6
6/6/2025 18:00,12.2,70,12.55
6/6/2025 19:00,11.65,73.5,12.55
6/6/2025 20:00,10.6,80.5,12.55
6/6/2025 21:00,9.3,83.5,12.45
6/6/2025 22:00,8.45,86,12.45
6/6/2025 23:00,7.85,88.5,12.4
6/7/2025 0:00,7.65,88.5,12.4
6/7/2025 1:00,7.4,94.5,12.4
6/7/2025 2:00,7.85,92.5,12.35
6/7/2025 3:00,8.45,92,12.3
6/7/2025 4:00,9.15,90,12.3
6/7/2025 5:00,9.6,86.5,12.3
6/7/2025 6:00,10.1,82,12.3
6/7/2025 7:00,10.4,78,12.3
6/7/2025 8:00,10.35,76,12.35
6/7/2025 9:00,9.95,78.5,12.45
6/7/2025 10:00,9.85,78,12.5
6/7/2025 11:00,9.95,79.5,12.55
6/7/2025 12:00,10.25,78,12.6
6/7/2025 13:00,9.9,87,11.8
6/7/2025 14:00,9.2,97,11.8
6/7/2025 15:00,9,98,11.8
6/7/2025 16:00,11.2,85,12.35
6/7/2025 17:00,10.6,89.5,12.4
6/7/2025 18:00,10.2,91.5,12.4
6/7/2025 19:00,9.75,95,12.35
6/7/2025 20:00,9.45,95.5,12.35
6/7/2025 21:00,9.25,96.5,12.3
6/7/2025 22:00,9.1,97,12.15
6/7/2025 23:00,8.9,98.5,12.1
6/8/2025 0:00,8.7,98.5,12.05
6/8/2025 1:00,8.55,98,12
6/8/2025 2:00,8.55,98.5,12
6/8/2025 3:00,8.55,98.5,12
6/8/2025 4:00,8.45,98.5,12
6/8/2025 5:00,8.55,96,12
6/8/2025 6:00,8.75,95,12
6/8/2025 7:00,8.9,90,12
6/8/2025 8:00,8.95,88,12
6/8/2025 9:00,9.05,86.5,12
6/8/2025 10:00,9.1,87,12
6/8/2025 11:00,9.05,88,12
6/8/2025 12:00,8.95,87.5,12
6/8/2025 13:00,9.25,86,12
6/8/2025 14:00,8.2,98,12.4
6/8/2025 15:00,7.8,98,12.4
6/8/2025 16:00,7.3,97,12.4
6/8/2025 17:00,7.1,96,12.4
6/8/2025 18:00,7.1,97,12.3
6/8/2025 19:00,8.5,96.5,10.4
6/8/2025 20:00,8.7,95.5,10.4
6/8/2025 21:00,8.3,97.5,10.35
6/8/2025 22:00,7.7,97,10.3
6/8/2025 23:00,7.2,97.5,10.25
6/9/2025 0:00,7.05,98,10.25
6/9/2025 1:00,7.1,97.5,10.2
6/9/2025 2:00,7,95.5,10.15
6/9/2025 3:00,7,93,10.15
6/9/2025 4:00,7,92.5,10.15
6/9/2025 5:00,7.15,90,10.15
6/9/2025 6:00,7.7,81.5,10.15
6/9/2025 7:00,8.1,76.5,10.1
6/9/2025 8:00,8.25,73.5,10.05
6/9/2025 9:00,8.5,72.5,10
6/9/2025 10:00,8.7,72,10
6/9/2025 11:00,7.3,83,8.1
6/9/2025 12:00,7.2,82,8.1
6/9/2025 13:00,7.3,85,8.1
6/9/2025 14:00,7.3,84,8.1
6/9/2025 15:00,7.7,79,8.1
6/9/2025 16:00,9.4,70.5,7.05
6/9/2025 17:00,9.1,71.5,6.95
6/9/2025 18:00,8.75,72.5,6.95
6/9/2025 19:00,8.45,75,6.95
6/9/2025 20:00,8.25,77.5,6.9
6/9/2025 21:00,7.8,80,6.9
6/9/2025 22:00,7.3,83,6.9
6/9/2025 23:00,7.15,84,6.9
6/10/2025 0:00,7.2,84,6.9
6/10/2025 1:00,6.65,86,6.9
6/10/2025 2:00,7.2,81.5,6.9
6/10/2025 3:00,7.7,78,6.9
6/10/2025 4:00,8.25,74.5,6.9
6/10/2025 5:00,8.65,72,6.9
6/10/2025 6:00,9,68,6.9
6/10/2025 7:00,10.4,57,5.9
6/10/2025 8:00,10.9,55,5.9
6/10/2025 9:00,11.5,52,6
6/10/2025 10:00,12.1,49,6
6/10/2025 11:00,12.4,48,6
6/10/2025 12:00,12.6,48,6
6/10/2025 13:00,11.4,50,6
6/10/2025 14:00,10.35,61,7
6/10/2025 15:00,10.3,60.5,7.05
6/10/2025 16:00,10.05,61.5,7.05
6/10/2025 17:00,9.6,63,7.05
6/10/2025 18:00,9.25,65.5,7.05
6/10/2025 19:00,8.7,70,7.05
6/10/2025 20:00,7.8,79.5,7.05
6/10/2025 21:00,6.9,84,7
6/10/2025 22:00,6.5,86.5,6.95
6/10/2025 23:00,6.1,87,6.95
6/11/2025 0:00,6.05,86,6.95
6/11/2025 1:00,6,87,6.95
6/11/2025 2:00,6.85,81.5,6.95
6/11/2025 3:00,7.7,75,6.95
6/11/2025 4:00,8.3,70.5,7.05
6/11/2025 5:00,8.9,68,7.05
6/11/2025 6:00,7.5,73,8.1
6/11/2025 7:00,7.6,73,8.1
6/11/2025 8:00,8.1,72,8.1
6/11/2025 9:00,10,66.5,10.05
6/11/2025 10:00,9.75,68,10.1
6/11/2025 11:00,9.15,76,10.15
6/11/2025 12:00,9.25,76.5,10.2
6/11/2025 13:00,9.2,73.5,10.25
6/11/2025 14:00,9.45,71.5,10.25
6/11/2025 15:00,8.35,75,10.3
6/11/2025 16:00,8.3,76.5,10.3
6/11/2025 17:00,8.5,75,10.35
6/11/2025 18:00,8.05,76,10.35
6/11/2025 19:00,6.8,89,10.35
6/11/2025 20:00,6.55,91,10.3
6/11/2025 21:00,6.05,89.5,10.25
6/11/2025 22:00,5.7,92.5,10.25
6/11/2025 23:00,6.3,95,12.3
6/12/2025 0:00,6.1,96,12.2
6/12/2025 1:00,6.4,95,12.2
6/12/2025 2:00,6.1,95,12.1
6/12/2025 2:00,6,91,11.95
6/12/2025 2:00,6,91,11.95
6/12/2025 2:00,5.9,87,11.8
6/12/2025 2:00,5.9,87,11.8
6/12/2025 2:00,6.1,88,12
6/12/2025 3:00,6.35,89,12
6/12/2025 4:00,6.7,87,11.95
6/12/2025 5:00,7.35,84.5,11.9
6/12/2025 6:00,8.2,76,11.9
6/12/2025 7:00,8.85,68.5,11.9
6/12/2025 8:00,9.25,64,11.9
6/12/2025 9:00,9.6,62.5,11.9
6/12/2025 10:00,10.15,58.5,11.95
6/12/2025 11:00,10.25,58,12
6/12/2025 12:00,10.45,58,12
6/12/2025 13:00,10.45,60,12
6/12/2025 14:00,10.05,60,12
6/12/2025 15:00,10.3,57.5,12
6/12/2025 16:00,10.35,56.5,12
6/12/2025 17:00,10.35,56.5,12
6/12/2025 18:00,10.25,57.5,12
6/12/2025 19:00,9.95,62.5,12
6/12/2025 20:00,9,76,11.95
6/12/2025 21:00,8.2,76.5,11.95
6/12/2025 22:00,7.6,78,11.95
6/12/2025 23:00,7.35,78.5,11.9
6/13/2025 0:00,7.1,78.5,11.9
6/13/2025 1:00,7.7,78.5,11.9
6/13/2025 2:00,7.85,78,11.85
6/13/2025 3:00,8.4,75,12
6/13/2025 4:00,9.2,75,12
6/13/2025 5:00,11.5,68.5,12.35
6/13/2025 6:00,12.8,67.5,12.35
6/13/2025 7:00,14.5,57.5,12.4
6/13/2025 8:00,15.75,52,12.4
6/13/2025 9:00,16.65,49,12.45
6/13/2025 10:00,16.95,47.5,12.45
6/13/2025 11:00,15.95,62.5,12.45
6/13/2025 12:00,16.45,59,12.5
6/13/2025 13:00,16.6,59.5,12.55
6/13/2025 14:00,18.35,49,12.6
6/13/2025 15:00,18.85,47,12.6
6/13/2025 16:00,18.35,52.5,12.6
6/13/2025 17:00,17.85,48.5,12.6
6/13/2025 18:00,17.1,49,12.6
6/13/2025 19:00,16.6,48.5,12.6
6/13/2025 20:00,16.1,47.5,12.5
6/13/2025 21:00,14.7,53,12.9
6/13/2025 22:00,13.3,63,12.9
6/13/2025 23:00,13.45,78,13.05
6/14/2025 0:00,13.25,73.5,13
6/14/2025 1:00,13,72,13
6/14/2025 2:00,13.05,74,12.95
6/14/2025 3:00,13.35,76,12.95
6/14/2025 4:00,13.3,79.5,12.9
6/14/2025 5:00,13.75,80,12.9
6/14/2025 6:00,14.8,77,13.1
6/14/2025 7:00,15.7,73,13.1
6/14/2025 8:00,16.7,69,13.2
6/14/2025 9:00,17.9,60,13.4
6/14/2025 10:00,19.55,57,13.2
6/14/2025 11:00,19.9,57,13.3
6/14/2025 12:00,20.5,54,13.35
6/14/2025 13:00,20.3,56,13.4
6/14/2025 14:00,19.8,56,13.45
6/14/2025 15:00,19.4,56,13.55
6/14/2025 16:00,17.1,58,13
6/14/2025 17:00,16.5,62,13
6/14/2025 18:00,17.15,60,13.15
6/14/2025 19:00,16.5,63,13.1
6/14/2025 20:00,15.95,68.5,13
6/14/2025 21:00,15.3,72.5,13
6/14/2025 22:00,14.45,74.5,12.95
6/14/2025 23:00,13.95,75.5,12.85
6/15/2025 0:00,13.8,77,12.9
6/15/2025 1:00,13.6,77,12.8
6/15/2025 2:00,13.3,78,12.8
6/15/2025 3:00,15.25,73,12.2
6/15/2025 4:00,15.45,74.5,12.2
6/15/2025 5:00,15.15,80.5,12.2
6/15/2025 6:00,15.75,82,12.2
6/15/2025 7:00,16.7,80.5,12.3
6/15/2025 8:00,17.55,79,12.4
6/15/2025 14:00,17.8,68,12.8
6/15/2025 15:00,17.2,71,13
6/15/2025 16:00,16.5,75,13.1
6/15/2025 17:00,15.8,78,13.2
6/15/2025 18:00,14.1,87,13.4
6/15/2025 19:00,12.6,96,13.4
6/15/2025 20:00,12.3,96,13.4
6/15/2025 21:00,13.05,99.5,13.35
6/15/2025 22:00,12.6,99.5,13.3
6/15/2025 23:00,12.25,99,13.2
6/16/2025 0:00,11.75,98,13.15
6/16/2025 1:00,12.25,97.5,13.15
6/16/2025 2:00,11.9,96,13.05
6/16/2025 3:00,11.65,94.5,13
6/16/2025 4:00,11.65,94.5,12.95
6/16/2025 5:00,11.95,94.5,12.9
6/16/2025 6:00,12.2,94,12.85
6/16/2025 7:00,11.8,95.5,12.9
6/16/2025 8:00,11.8,93,12.9
6/16/2025 9:00,13.2,83,13.4
6/16/2025 10:00,13.3,79,13.4
6/16/2025 11:00,12.8,80,13.6
6/16/2025 12:00,12.8,78,13.6
6/16/2025 13:00,13.7,74,13.6
6/16/2025 14:00,13.5,72,13.7
6/16/2025 15:00,13.9,68,13.8
6/16/2025 16:00,14.8,66,13.8
6/16/2025 17:00,14.5,69,13.8
6/16/2025 18:00,14.4,70,13.8
6/16/2025 19:00,14.4,69,13.8
6/16/2025 20:00,14,74,13.8
6/16/2025 21:00,12.65,79.5,14.45
6/16/2025 22:00,12.6,82,14.35
6/16/2025 23:00,12.2,86.5,14.3
6/17/2025 0:00,12.05,90,14.25
6/17/2025 1:00,11.85,90.5,14.25
6/17/2025 2:00,11.7,91.5,14.25
6/17/2025 3:00,11.7,91.5,14.2
6/17/2025 4:00,12,93.5,14.2
6/17/2025 5:00,12.35,94,14.2
6/17/2025 6:00,12.6,93,14.2
6/17/2025 7:00,12.7,95,14.2
6/17/2025 8:00,12.75,98,14.2
6/17/2025 9:00,13.25,95.5,14.25
6/17/2025 10:00,12.4,96,14.8
6/17/2025 11:00,13.1,89,14.8
6/17/2025 12:00,13.4,90,14.9
6/17/2025 13:00,13.4,91,14.9
6/17/2025 14:00,12.1,91.5,14.7
6/17/2025 15:00,12.05,93,14.75
6/17/2025 16:00,12.15,94,14.8
6/17/2025 17:00,11.85,95.5,14.8
6/17/2025 18:00,10.8,95,14.85
6/17/2025 19:00,10.5,94.5,14.8
6/17/2025 20:00,10.35,93,14.75
6/17/2025 21:00,10.35,92.5,14.7
6/17/2025 22:00,10.05,92.5,14.65
6/17/2025 23:00,9.95,93,14.6
6/18/2025 0:00,9.85,90.5,14.6
6/18/2025 1:00,9.6,90.5,14.55
6/18/2025 2:00,9.5,89.5,14.55
6/18/2025 3:00,9.7,88.5,14.45
6/18/2025 4:00,9.7,90.5,14.45
6/18/2025 5:00,10,85.5,14.45
6/18/2025 6:00,10.4,83.5,14.5
6/18/2025 7:00,10.75,82,14.6
6/18/2025 8:00,10.9,81.5,14.6
6/18/2025 9:00,11.05,81,14.7
6/18/2025 10:00,10.95,80,14.85
6/18/2025 11:00,11.25,78.5,14.95
6/18/2025 12:00,11.6,76,15
6/18/2025 13:00,11.4,88,14.6
6/18/2025 14:00,11.1,83,14.6
6/18/2025 15:00,11.4,79,14.6
6/18/2025 16:00,10.8,81,14.35
6/18/2025 17:00,10.5,84,14.35
6/18/2025 18:00,10.35,84,14.35
6/18/2025 19:00,10.15,83.5,14.35
6/18/2025 20:00,9.7,85.5,14.35
6/18/2025 21:00,9.35,86.5,14.3
6/18/2025 22:00,8.95,89,14.25
6/18/2025 23:00,8.7,90,14.2
6/19/2025 0:00,8.55,88.5,14.2
6/19/2025 1:00,8.45,90.5,14.15
6/19/2025 2:00,8.2,90.5,14.1
6/19/2025 3:00,8,90.5,14.05
6/19/2025 4:00,7.95,90.5,14.05
6/19/2025 5:00,7.8,88.5,14.05
6/19/2025 6:00,7.75,86.5,14.05
6/19/2025 7:00,7.7,85,14.2
6/19/2025 8:00,7.95,80.5,14.3
6/19/2025 9:00,8.1,78,14.4
6/19/2025 10:00,8.2,76.5,14.45
6/19/2025 11:00,7.95,77,14.6
6/19/2025 12:00,8.25,74.5,14.7
6/19/2025 13:00,8.55,70.5,14.7
6/19/2025 14:00,7.8,60,14.8
6/19/2025 15:00,7.2,61,14.8
6/19/2025 16:00,7.1,58,14.7
6/19/2025 17:00,6.7,58,14.6
6/19/2025 18:00,6.4,57,14.6
6/19/2025 19:00,5.75,63,12.4
6/19/2025 20:00,5.35,64,12.4
6/19/2025 21:00,5.1,66,12.4
6/19/2025 22:00,4.95,70,12.4
6/19/2025 23:00,4.3,75.5,12.3
6/20/2025 0:00,4.5,78,12.3
6/20/2025 1:00,4.95,76.5,12.3
6/20/2025 2:00,4.75,80.5,12.3
6/20/2025 3:00,4.55,84.5,12.25
6/20/2025 4:00,5.1,81.5,12.25
6/20/2025 5:00,5.65,77,12.25
6/20/2025 6:00,5.95,74.5,12.25
6/20/2025 7:00,6.25,74,12.25
6/20/2025 8:00,6.35,73.5,12.25
6/20/2025 9:00,6.65,72.5,12.25
6/20/2025 10:00,6.65,72.5,12.3
6/20/2025 11:00,4.5,82,10.2
6/20/2025 12:00,4.4,82,10.2
6/20/2025 13:00,4.5,81,10.1
6/20/2025 14:00,4.4,81,10.1
6/20/2025 15:00,4.2,81,10.1
6/20/2025 16:00,5.1,78,9.1
6/20/2025 17:00,5,77.5,9
6/20/2025 18:00,4.85,78.5,8.85
6/20/2025 19:00,4.65,79,8.75
6/20/2025 20:00,4.5,78.5,8.7
6/20/2025 21:00,4.25,78,8.6
6/20/2025 22:00,4.15,78.5,8.5
6/20/2025 23:00,4.2,78.5,8.45
6/21/2025 0:00,4.15,79,8.35
6/21/2025 1:00,3.85,77,8.3
6/21/2025 2:00,4,76,8.25
6/21/2025 3:00,4.25,74.5,8.25
6/21/2025 4:00,4.4,73,8.2
6/21/2025 5:00,4.55,73,8.2
6/21/2025 6:00,4.8,72.5,8.15
6/21/2025 7:00,5.9,67,7.7
6/21/2025 8:00,6.1,67,7.8
6/21/2025 9:00,6.4,65,7.9
6/21/2025 10:00,6.8,64,8.1
6/21/2025 11:00,7.2,62,8.1
6/21/2025 12:00,7.4,60,8.2
6/21/2025 13:00,7.8,59,8.4
6/21/2025 14:00,6.35,67,8.5
6/21/2025 15:00,6.2,67.5,8.55
6/21/2025 16:00,5.95,68,8.6
6/21/2025 17:00,5.6,69.5,8.65
6/21/2025 18:00,5.3,70.5,8.7
6/21/2025 19:00,5,71,8.7
6/21/2025 20:00,4.7,72.5,8.75
6/21/2025 21:00,4.55,74.5,8.75
6/21/2025 22:00,4.4,76.5,8.75
6/21/2025 23:00,4.35,77,8.7
6/22/2025 0:00,4.3,77.5,8.75
6/22/2025 1:00,4.4,76,8.75
6/22/2025 2:00,4.5,75.5,8.65
6/22/2025 3:00,4.75,73.5,8.6
6/22/2025 4:00,5.25,67.5,8.55
6/22/2025 5:00,5.9,63.5,8.5
6/22/2025 6:00,6.8,60,9
6/22/2025 7:00,7.2,63,9.1
6/22/2025 8:00,6.9,70,9.1
6/22/2025 9:00,7.9,66.5,11.2
6/22/2025 10:00,7.95,67,11.3
6/22/2025 11:00,8,68,11.3
6/22/2025 12:00,7.9,71.5,11.3
6/22/2025 13:00,8.4,66.5,11.3
6/22/2025 14:00,8.2,68.5,11.35
6/22/2025 15:00,8.3,68.5,11.35
6/22/2025 16:00,8.45,68,11.3
6/22/2025 17:00,8.6,68,11.3
6/22/2025 18:00,8.45,68.5,11.3
6/22/2025 19:00,8.25,70.5,11.3
6/22/2025 20:00,7.9,75,11.3
6/22/2025 21:00,7.15,81,11.3
6/22/2025 22:00,6.4,86.5,11.3
6/22/2025 23:00,6.2,87,13.4
6/23/2025 0:00,5.8,89,13.3
6/23/2025 1:00,6,88,13.2
6/23/2025 2:00,6.6,86,13.2
6/23/2025 2:00,6.85,85,11.8
6/23/2025 2:00,6.85,85,11.8
6/23/2025 2:00,7.1,84,10.4
6/23/2025 2:00,7.1,84,10.4
6/23/2025 2:00,8.6,83.5,11.65
6/23/2025 3:00,9.45,82.5,11.65
6/23/2025 4:00,10.55,79.5,11.65
6/23/2025 5:00,11.6,77,11.65
6/23/2025 6:00,13.15,72.5,11.7
6/23/2025 7:00,14.5,67.5,11.8
6/23/2025 8:00,15.65,63,11.95
6/23/2025 9:00,16.45,61.5,12
6/23/2025 10:00,17.2,60.5,12.1
6/23/2025 11:00,18.2,57.5,12.25
6/23/2025 12:00,18.75,56.5,12.3
6/23/2025 13:00,18.85,53,12.4
6/23/2025 14:00,19,52,12.5
6/23/2025 15:00,18.7,58,12.5
6/23/2025 16:00,18.15,61,12.5
6/23/2025 17:00,17.55,63.5,12.5
6/23/2025 18:00,16.95,68,12.5
6/23/2025 19:00,16.15,72,12.5
6/23/2025 20:00,15.15,74.5,12.45
6/23/2025 21:00,13.75,79,12.4
6/23/2025 22:00,12.15,84.5,12.4
6/23/2025 23:00,10.9,88.5,12.4
6/24/2025 0:00,10.5,89,12.35
6/24/2025 1:00,10.5,88.5,12.35
6/24/2025 2:00,10.95,86.5,12.4
6/24/2025 3:00,11.9,86,13.4
6/24/2025 4:00,13,84,13.4
6/24/2025 5:00,13.25,83.5,13
6/24/2025 6:00,14,79,13
6/24/2025 7:00,14.7,75.5,13
6/24/2025 8:00,15.4,71.5,13
6/24/2025 9:00,15.85,69.5,13.05
6/24/2025 10:00,15.85,68,13.05
6/24/2025 11:00,15.65,67.5,13.05
6/24/2025 12:00,15.5,68.5,13.05
6/24/2025 13:00,15.35,71,13
6/24/2025 14:00,15.55,72,13
6/24/2025 15:00,15.95,70.5,13
6/24/2025 16:00,15.65,74.5,12.9
6/24/2025 17:00,14.9,78.5,12.9
6/24/2025 18:00,14.5,80.5,12.9
6/24/2025 19:00,14.1,83,12.85
6/24/2025 20:00,13.55,83.5,12.8
6/24/2025 21:00,12.2,93,12.3
6/24/2025 22:00,11.7,96,12.3
6/24/2025 23:00,11,97,12.65
6/25/2025 0:00,10.8,95,12.6
6/25/2025 1:00,11,93.5,12.6
6/25/2025 2:00,11,93,12.6
6/25/2025 3:00,11.2,90.5,12.6
6/25/2025 4:00,11.45,88,12.6
6/25/2025 5:00,11.75,87,12.6
6/25/2025 6:00,12.1,88,12.9
6/25/2025 7:00,12.4,86,12.9
6/25/2025 8:00,12.6,81,12.9
6/25/2025 9:00,12.9,79,13.1
6/25/2025 10:00,12.75,81,13.25
6/25/2025 11:00,13.2,79,13.3
6/25/2025 12:00,13.5,76.5,13.5
6/25/2025 13:00,13.05,78,13.5
6/25/2025 14:00,12.85,79,13.65
6/25/2025 15:00,12.8,78,13.75
6/25/2025 16:00,13.1,81,13.9
6/25/2025 17:00,13,79,13.9
6/25/2025 18:00,12.4,81,13.5
6/25/2025 19:00,11.95,83,13.5
6/25/2025 20:00,11.8,83.5,13.45
6/25/2025 21:00,11.55,86,13.4
6/25/2025 22:00,11.35,88,13.35
6/25/2025 23:00,11.25,90,13.3
6/26/2025 0:00,11.3,88,12.8
6/26/2025 1:00,11.6,86,12.8
6/26/2025 2:00,11.5,87,12.8
6/26/2025 3:00,10.6,92.5,13.45
6/26/2025 4:00,11.2,90.5,13.45
6/26/2025 5:00,12.05,86.5,13.45
6/26/2025 6:00,12.9,82,13.45
6/26/2025 7:00,13.7,78.5,13.5
6/26/2025 8:00,14,76,13.5
6/26/2025 14:00,16.5,68,14.6
6/26/2025 15:00,17.3,69,14.7
6/26/2025 16:00,16.4,78,14.8
6/26/2025 17:00,15.2,89,14.9
6/26/2025 18:00,14.4,97,14.9
6/26/2025 19:00,14.1,97,14.9
6/26/2025 20:00,13.4,98,14.9
6/26/2025 21:00,14.1,92,13.9
6/26/2025 22:00,13.65,91.5,13.9
6/26/2025 23:00,12.9,97,13.85
6/27/2025 0:00,12.55,95.5,13.85
6/27/2025 1:00,12.4,93.5,13.85
6/27/2025 2:00,11.15,93.5,13.85
6/27/2025 3:00,10.6,92,13.85
6/27/2025 4:00,11.2,90,13.8
6/27/2025 5:00,11.85,84,13.85
6/27/2025 6:00,12.5,83,13.9
6/27/2025 7:00,12.7,81,14
6/27/2025 8:00,13.05,83.5,14.1
6/27/2025 9:00,13.6,79,13.2
6/27/2025 10:00,14.6,73,13.3
6/27/2025 11:00,14,84,13.4
6/27/2025 12:00,14.6,75,13.4
6/27/2025 13:00,15.5,67,13.6
6/27/2025 14:00,15.8,65,13.6
6/27/2025 15:00,15.5,65,13.8
6/27/2025 16:00,15.5,64,13.8
6/27/2025 17:00,15.7,64,13.9
6/27/2025 18:00,15.6,67,13.9
6/27/2025 19:00,14.8,77,14
6/27/2025 20:00,13.7,86,14
6/27/2025 21:00,12.35,86,14.75
6/27/2025 22:00,12.1,85,14.65
6/27/2025 23:00,11.9,85,14.65
6/28/2025 0:00,11.5,84.5,14.6
6/28/2025 1:00,11.45,84,14.55
6/28/2025 2:00,11.15,84.5,14.5
6/28/2025 3:00,11.05,88.5,14.5
6/28/2025 4:00,11.25,90.5,14.5
6/28/2025 5:00,11.9,88.5,14.5
6/28/2025 6:00,12.95,85.5,14.5
6/28/2025 7:00,13.9,84,14.65
6/28/2025 8:00,14.55,82.5,14.8
6/28/2025 9:00,14.3,87.5,15
6/28/2025 10:00,13.9,89,15.9
6/28/2025 11:00,14.6,94,16.1
6/28/2025 12:00,15.1,91,16.3
6/28/2025 13:00,15,81,16.5
6/28/2025 14:00,16.2,66.5,15
6/28/2025 15:00,16.85,60,15.2
6/28/2025 16:00,16.85,62,15.25
6/28/2025 17:00,15.45,71,15.3
6/28/2025 18:00,13.6,80,15.3
6/28/2025 19:00,12.9,82.5,15.25
6/28/2025 20:00,12.7,78.5,15.2
6/28/2025 21:00,12,82,15.05
6/28/2025 22:00,11.25,89.5,15
6/28/2025 23:00,10.8,91,14.9
6/29/2025 0:00,10.3,90,14.8
6/29/2025 1:00,10.4,90,14.75
6/29/2025 2:00,10.1,91.5,14.75
6/29/2025 3:00,10.45,92,14.75
6/29/2025 4:00,10.9,92.5,14.75
6/29/2025 5:00,11.65,87,14.75
6/29/2025 6:00,12.45,79.5,14.8
6/29/2025 7:00,12.8,77,14.85
6/29/2025 8:00,13.45,73.5,14.85
6/29/2025 9:00,13.75,71,14.95
6/29/2025 10:00,13.55,72,15
6/29/2025 11:00,11.75,85.5,15.1
6/29/2025 12:00,12.05,87.5,15.1
6/29/2025 13:00,13.5,81,14.5
6/29/2025 14:00,12.6,81,14.6
6/29/2025 15:00,12.6,85,14.6
6/29/2025 16:00,14.2,78.5,14.6
6/29/2025 17:00,13.85,81,14.7
6/29/2025 18:00,13.5,80.5,14.7
6/29/2025 19:00,12.8,86.5,14.7
6/29/2025 20:00,12.35,90.5,14.7
6/29/2025 21:00,12,92,14.6
6/29/2025 22:00,11.65,93,14.6
6/29/2025 23:00,11.1,94,14.6
6/30/2025 0:00,11,95.5,14.6
6/30/2025 1:00,11.3,96.5,14.6
6/30/2025 2:00,11.65,95.5,14.6
6/30/2025 3:00,11.8,94.5,14.6
6/30/2025 4:00,12,92.5,14.6
6/30/2025 5:00,12.2,91,14.6
6/30/2025 6:00,12.2,91.5,14.65
6/30/2025 7:00,12.55,87,14.7
6/30/2025 8:00,12.85,83,14.75
6/30/2025 9:00,12.55,84.5,14.85
6/30/2025 10:00,12.65,81,14.95
6/30/2025 11:00,12.5,83,14.95
6/30/2025 12:00,12.55,83.5,15
6/30/2025 13:00,12.45,83,15
6/30/2025 14:00,14.5,72,15.6
6/30/2025 15:00,14.4,72,15.4
6/30/2025 16:00,13.8,76,15.4
6/30/2025 17:00,13.2,75,15.3
6/30/2025 18:00,12.4,76,15.2
6/30/2025 19:00,10.25,84,12.45
6/30/2025 20:00,10.05,85,12.4
6/30/2025 21:00,9.75,87.5,12.35
6/30/2025 22:00,9.5,90,12.35
6/30/2025 23:00,9.55,90.5,12.35
7/1/2025 0:00,9.6,93,12.35
7/1/2025 1:00,9.5,96,12.35
7/1/2025 2:00,9.65,96.5,12.3
7/1/2025 3:00,10,94.5,12.3
7/1/2025 4:00,10.6,92,12.25
7/1/2025 5:00,11.15,87.5,12.3
7/1/2025 6:00,11.75,83.5,12.3
7/1/2025 7:00,12.8,78,12.3
7/1/2025 8:00,13.45,75,12.35
7/1/2025 9:00,14.1,73,12.35
7/1/2025 10:00,14.2,74.5,12.35
7/1/2025 11:00,10.2,100,9.8
7/1/2025 12:00,10.8,100,9.9
7/1/2025 13:00,11.1,97,9.9
7/1/2025 14:00,11.6,99,9.9
7/1/2025 15:00,12,95,9.9
7/1/2025 16:00,13.3,76.5,9.2
7/1/2025 17:00,13.6,74,9.25
7/1/2025 18:00,12.75,78,9.25
7/1/2025 19:00,12,82,9.25
7/1/2025 20:00,11.1,85,9.25
7/1/2025 21:00,10.2,88,9.2
7/1/2025 22:00,9.85,91,9.2
7/1/2025 23:00,8.9,91,9.2
7/2/2025 0:00,8.95,91,9.2
7/2/2025 1:00,9.6,89,9.2
7/2/2025 2:00,9.9,88.5,9.25
7/2/2025 3:00,10.35,86.5,9.25
7/2/2025 4:00,10.25,85.5,9.25
7/2/2025 5:00,10.35,87,9.25
7/2/2025 6:00,10.6,88,9.35
7/2/2025 7:00,11.7,82,8.6
7/2/2025 8:00,11.1,87,8.6
7/2/2025 9:00,10.4,96,8.8
7/2/2025 10:00,10.2,97,8.8
7/2/2025 11:00,10.1,98,8.9
7/2/2025 12:00,10.1,98,8.9
7/2/2025 13:00,9.8,98,9
7/2/2025 14:00,10.95,84,9.9
7/2/2025 15:00,10.75,86.5,9.9
7/2/2025 16:00,10.6,88.5,9.9
7/2/2025 17:00,10.25,90,9.85
7/2/2025 18:00,10,91.5,9.85
7/2/2025 19:00,9.7,91,9.85
7/2/2025 20:00,9.2,91.5,9.8
7/2/2025 21:00,8.8,92,9.75
7/2/2025 22:00,8.6,93,9.75
7/2/2025 23:00,8.35,93.5,9.7
7/3/2025 0:00,8.15,93.5,9.7
7/3/2025 1:00,8.35,92.5,9.7
7/3/2025 2:00,8.7,90.5,9.6
7/3/2025 3:00,9.1,87,9.6
7/3/2025 4:00,9.9,80.5,9.6
7/3/2025 5:00,10.55,74,9.6
7/3/2025 6:00,10.6,72,10.4
7/3/2025 7:00,10.9,71,10.4
7/3/2025 8:00,10.9,71,10.5
7/3/2025 9:00,12.65,66,12.8
7/3/2025 10:00,11.65,73.5,12.9
7/3/2025 11:00,11.7,75.5,12.95
7/3/2025 12:00,12.15,72,13
7/3/2025 13:00,11.55,77,13
7/3/2025 14:00,12.2,72,13
7/3/2025 15:00,12.1,70.5,12.95
7/3/2025 16:00,11.15,73,12.95
7/3/2025 17:00,10.9,72.5,12.9
7/3/2025 18:00,10.5,79,12.9
7/3/2025 19:00,10.05,82.5,12.9
7/3/2025 20:00,9.45,86,12.85
7/3/2025 21:00,9.05,90,12.85
7/3/2025 22:00,8.55,91,12.8
7/3/2025 23:00,8.9,95,15.2
7/4/2025 0:00,8.5,97,15.2
7/4/2025 1:00,9.1,96,15.1
7/4/2025 2:00,9,95,15.1
7/4/2025 2:00,8.55,94,14.15
7/4/2025 2:00,8.55,94,14.15
7/4/2025 2:00,8.1,93,13.2
7/4/2025 2:00,8.1,93,13.2
7/4/2025 2:00,8.15,93.5,13.8
7/4/2025 3:00,8.55,91,13.75
7/4/2025 4:00,8.6,90.5,13.75
7/4/2025 5:00,9.2,87.5,13.7
7/4/2025 6:00,9.55,84,13.7
7/4/2025 7:00,9.85,81.5,13.7
7/4/2025 8:00,10.4,77,13.7
7/4/2025 9:00,10.5,75.5,13.75
7/4/2025 10:00,10.9,74,13.85
7/4/2025 11:00,11.35,71.5,13.85
7/4/2025 12:00,11.5,69,13.9
7/4/2025 13:00,11.7,66.5,13.9
7/4/2025 14:00,11.8,66.5,13.85
7/4/2025 15:00,11.55,66.5,13.85
7/4/2025 16:00,11.25,67.5,13.8
7/4/2025 17:00,11.05,68,13.85
7/4/2025 18:00,10.8,69.5,13.85
7/4/2025 19:00,10.55,72.5,13.8
7/4/2025 20:00,9.9,83,13.8
7/4/2025 21:00,8.8,87,13.75
7/4/2025 22:00,8.05,89,13.7
7/4/2025 23:00,7.5,90.5,13.65
7/5/2025 0:00,7.3,90.5,13.65
7/5/2025 1:00,7.6,89.5,13.65
7/5/2025 2:00,8.1,88.5,13.65
7/5/2025 3:00,8.9,84,13.9
7/5/2025 4:00,9.9,79,13.9
7/5/2025 5:00,11.95,74,13.55
7/5/2025 6:00,13.15,66.5,13.55
7/5/2025 7:00,14.45,58.5,13.65
7/5/2025 8:00,15.45,54,13.7
7/5/2025 9:00,16.5,52,13.75
7/5/2025 10:00,17.55,48.5,13.8
7/5/2025 11:00,18.1,43.5,13.9
7/5/2025 12:00,18.75,40,13.95
7/5/2025 13:00,18.95,40.5,14
7/5/2025 14:00,19,41.5,14.05
7/5/2025 15:00,18.65,46.5,14.15
7/5/2025 16:00,17.9,54,14.2
7/5/2025 17:00,17.65,57.5,14.2
7/5/2025 18:00,17,63.5,14.25
7/5/2025 19:00,16.2,65,14.25
7/5/2025 20:00,15.35,66.5,14.25
7/5/2025 21:00,15.1,63,13.8
7/5/2025 22:00,14.6,64,13.8
7/5/2025 23:00,13.4,76.5,14.4
7/6/2025 0:00,12.9,81,14.35
7/6/2025 1:00,13.1,82.5,14.35
7/6/2025 2:00,12.75,83.5,14.35
7/6/2025 3:00,12.65,83,14.3
7/6/2025 4:00,13,81.5,14.25
7/6/2025 5:00,13.45,77.5,14.3
7/6/2025 6:00,13.4,87,14.8
7/6/2025 7:00,13.9,86,14.8
7/6/2025 8:00,14.3,85,14.9
7/6/2025 9:00,15.2,83,14.9
7/6/2025 10:00,14.8,84.5,14
7/6/2025 11:00,14.75,82,14.05
7/6/2025 12:00,14.7,82,14.1
7/6/2025 13:00,15.3,79,14.1
7/6/2025 14:00,15.65,74.5,14.1
7/6/2025 15:00,15.75,74,14.1
7/6/2025 16:00,14.8,80,13.1
7/6/2025 17:00,14.4,84,13.1
7/6/2025 18:00,14.3,84.5,13.35
7/6/2025 19:00,13.75,87,13.35
7/6/2025 20:00,13,91.5,13.35
7/6/2025 21:00,12.4,95,13.35
7/6/2025 22:00,11.7,97,13.35
7/6/2025 23:00,11.35,97.5,13.3
7/7/2025 0:00,11.3,99,13.5
7/7/2025 1:00,11.3,100,13.5
7/7/2025 2:00,10.3,100,13.4
7/7/2025 3:00,10.75,99.5,14.15
7/7/2025 4:00,11.15,99.5,14.15
7/7/2025 5:00,11.7,96,14.15
7/7/2025 6:00,12.75,89.5,14.15
7/7/2025 7:00,14.05,83,14.15
7/7/2025 8:00,15.05,77,14.15
7/7/2025 14:00,16.4,76,15.2
7/7/2025 15:00,16.5,77,15.2
7/7/2025 16:00,16.1,80,15.2
7/7/2025 17:00,16.8,80,15.2
7/7/2025 18:00,17.1,79,15.2
7/7/2025 19:00,16.9,81,15.1
7/7/2025 20:00,15.4,90,15.1
7/7/2025 21:00,13.7,88,14.3
7/7/2025 22:00,12.8,90,14.3
7/7/2025 23:00,12,92.5,14.2
7/8/2025 0:00,11.4,94,14.15
7/8/2025 1:00,11.5,94.5,14.15
7/8/2025 2:00,11.1,95.5,14.15
7/8/2025 3:00,10.85,96,14.15
7/8/2025 4:00,11.9,94.5,14.15
7/8/2025 5:00,13.35,90.5,14.15
7/8/2025 6:00,14.9,85.5,14.15
7/8/2025 7:00,16.25,80,14.15
7/8/2025 8:00,17.3,73.5,14.2
7/8/2025 9:00,17.7,63,13.5
7/8/2025 10:00,18.4,58,13.6
7/8/2025 11:00,18.4,59,13.6
7/8/2025 12:00,18.2,59,13.6
7/8/2025 13:00,19.7,54,13.6
7/8/2025 14:00,19.8,53,13.6
7/8/2025 15:00,19.6,54,13.6
7/8/2025 16:00,19.1,58,13.7
7/8/2025 17:00,18.3,65,13.7
7/8/2025 18:00,17.2,71,13.7
7/8/2025 19:00,16,79,13.7
7/8/2025 20:00,14.5,89,13.7
7/8/2025 21:00,13,89.5,14.25
7/8/2025 22:00,12.05,91,14.25
7/8/2025 23:00,11.55,91.5,14.25
7/9/2025 0:00,11.3,92.5,14.25
7/9/2025 1:00,10.35,95,14.2
7/9/2025 2:00,9.95,96.5,14.2
7/9/2025 3:00,10.7,96.5,14.2
7/9/2025 4:00,11.55,96,14.2
7/9/2025 5:00,12.55,92.5,14.2
7/9/2025 6:00,13.85,86,14.2
7/9/2025 7:00,15.25,77,14.2
7/9/2025 8:00,16.3,68.5,14.2
7/9/2025 9:00,17.05,63.5,14.25
7/9/2025 10:00,16.9,64,14.9
7/9/2025 11:00,17.8,60,14.9
7/9/2025 12:00,18.8,51,15
7/9/2025 13:00,19.5,47,15.1
7/9/2025 14:00,17.35,54.5,14.85
7/9/2025 15:00,17.25,57,14.85
7/9/2025 16:00,16.75,59.5,14.85
7/9/2025 17:00,16.15,61,14.85
7/9/2025 18:00,15.65,64,14.85
7/9/2025 19:00,15.1,72.5,14.85
7/9/2025 20:00,14.45,78,14.8
7/9/2025 21:00,13.6,82,14.75
7/9/2025 22:00,12.8,85,14.7
7/9/2025 23:00,12,87.5,14.65
7/10/2025 0:00,11.95,86,14.6
7/10/2025 1:00,11.65,85,14.6
7/10/2025 2:00,11.65,87,14.55
7/10/2025 3:00,12.2,86,14.55
7/10/2025 4:00,12.8,87.5,14.5
7/10/2025 5:00,13.8,81,14.5
7/10/2025 6:00,14.35,78.5,14.5
7/10/2025 7:00,14.8,78.5,14.55
7/10/2025 8:00,14.85,80.5,14.6
7/10/2025 9:00,15.05,80,14.65
7/10/2025 10:00,15.7,77.5,14.65
7/10/2025 11:00,16.4,75.5,14.7
7/10/2025 12:00,17.3,73.5,14.75
7/10/2025 13:00,16.7,75,14.4
7/10/2025 14:00,16,78,14.4
7/10/2025 15:00,16.4,77,14.4
7/10/2025 16:00,16.65,69.5,15.15
7/10/2025 17:00,16.45,69.5,15.15
7/10/2025 18:00,16.4,70,15.15
7/10/2025 19:00,16.25,73,15.1
7/10/2025 20:00,15.8,78,15.05
7/10/2025 21:00,15,83,15.05
7/10/2025 22:00,14.7,83.5,15
7/10/2025 23:00,14.15,82.5,15
7/11/2025 0:00,13.7,84.5,15
7/11/2025 1:00,13.45,85.5,14.95
7/11/2025 2:00,13.8,85.5,14.9
7/11/2025 3:00,14.3,83,14.9
7/11/2025 4:00,15,82,14.95
7/11/2025 5:00,15.2,82.5,14.95
7/11/2025 6:00,15.45,82.5,14.95
7/11/2025 7:00,15.5,83.5,14.95
7/11/2025 8:00,15.75,86,14.95
7/11/2025 9:00,16.25,84.5,15.05
7/11/2025 10:00,16.95,78,15.05
7/11/2025 11:00,16.85,79,15.1
7/11/2025 12:00,16.6,81.5,15.15
7/11/2025 13:00,17.2,80,15.15
7/11/2025 14:00,18.7,69,16
7/11/2025 15:00,18.1,74,16
7/11/2025 16:00,16.9,81,16
7/11/2025 17:00,16.3,83,15.9
7/11/2025 18:00,15.9,85,15.9
7/11/2025 19:00,15.8,80.5,13.15
7/11/2025 20:00,15.6,80.5,13.1
7/11/2025 21:00,14.75,86,13.05
7/11/2025 22:00,14.35,87.5,12.95
7/11/2025 23:00,13.6,89.5,12.9
7/12/2025 0:00,13.4,88.5,12.9
7/12/2025 1:00,13.45,91.5,12.9
7/12/2025 2:00,13.55,91,12.9
7/12/2025 3:00,13.65,90.5,12.9
7/12/2025 4:00,13.5,90.5,12.9
7/12/2025 5:00,13.5,89.5,12.95
7/12/2025 6:00,13.65,86,13
7/12/2025 7:00,14.15,82,13
7/12/2025 8:00,14.6,79.5,13.15
7/12/2025 9:00,15.05,76.5,13.3
7/12/2025 10:00,15.7,72.5,13.4
7/12/2025 11:00,12.6,78,11.1
7/12/2025 12:00,12.7,78,11.1
7/12/2025 13:00,13.3,76,11.2
7/12/2025 14:00,13.7,76,11.2
7/12/2025 15:00,14,77,11.1
7/12/2025 16:00,16.25,74.5,11.1
7/12/2025 17:00,15.85,76.5,11.15
7/12/2025 18:00,15,82,11.15
7/12/2025 19:00,13.85,88,11.1
7/12/2025 20:00,13.05,92.5,11.05
7/12/2025 21:00,12.6,90.5,11
7/12/2025 22:00,13,87.5,10.9
7/12/2025 23:00,12.95,88,10.9
7/13/2025 0:00,13.2,89.5,10.9
7/13/2025 1:00,13.35,90,10.9
7/13/2025 2:00,13.9,90,10.95
7/13/2025 3:00,14.45,89.5,11
7/13/2025 4:00,15.2,88,11
7/13/2025 5:00,15.35,87,11
7/13/2025 6:00,16.2,83,11.05
7/13/2025 7:00,21.9,61,10.9
7/13/2025 8:00,23.4,55,11
7/13/2025 9:00,24.4,50,11.1
7/13/2025 10:00,24.5,49,11.1
7/13/2025 11:00,24.4,49,11.1
7/13/2025 12:00,23.4,49,11.2
7/13/2025 13:00,24,44,11.2
7/13/2025 14:00,16.75,73.5,11.15
7/13/2025 15:00,15.7,77,11.15
7/13/2025 16:00,15.05,80,11.1
7/13/2025 17:00,14.4,81.5,11.05
7/13/2025 18:00,13.6,83,11.05
7/13/2025 19:00,13,84.5,10.95
7/13/2025 20:00,12.55,86,10.85
7/13/2025 21:00,12.1,87.5,10.85
7/13/2025 22:00,11.5,89.5,10.8
7/13/2025 23:00,11.25,91,10.75
7/14/2025 0:00,11.1,91.5,10.7
7/14/2025 1:00,10.7,92.5,10.7
7/14/2025 2:00,11.1,90.5,10.6
7/14/2025 3:00,11.65,87.5,10.65
7/14/2025 4:00,12.25,83.5,10.65
7/14/2025 5:00,12.85,80,10.65
7/14/2025 6:00,11.2,92,10.4
7/14/2025 7:00,11.6,91,10.4
7/14/2025 8:00,11.7,90,10.4
7/14/2025 9:00,16.4,76.5,12.85
7/14/2025 10:00,17.05,75,12.9
7/14/2025 11:00,17.35,74.5,12.95
7/14/2025 12:00,17.55,73,12.95
7/14/2025 13:00,18.85,67,12.95
7/14/2025 14:00,18.4,68,13
7/14/2025 15:00,17.25,73,13
7/14/2025 16:00,16.3,77.5,13
7/14/2025 17:00,15.6,80.5,13
7/14/2025 18:00,15,82,13
7/14/2025 19:00,14.1,86,13
7/14/2025 20:00,13.1,90,12.95
7/14/2025 21:00,12.2,94,12.9
7/14/2025 22:00,11.55,96.5,12.85
7/14/2025 23:00,12.3,99,15.1
7/15/2025 0:00,12,99,15.1
7/15/2025 1:00,11.3,99,15.1
7/15/2025 2:00,11.1,99,15.1
7/15/2025 2:00,11.5,98,14.55
7/15/2025 2:00,11.5,98,14.55
7/15/2025 2:00,11.9,97,14
7/15/2025 2:00,11.9,97,14
7/15/2025 2:00,12.85,97,14.45
7/15/2025 3:00,13.65,94.5,14.45
7/15/2025 4:00,14.75,89,14.4
7/15/2025 5:00,16.3,81.5,14.4
7/15/2025 6:00,17.95,74,14.5
7/15/2025 7:00,19.45,68,14.5
7/15/2025 8:00,20.9,61.5,14.65
7/15/2025 9:00,22.35,54,14.8
7/15/2025 10:00,23.2,49,14.95
7/15/2025 11:00,24,44.5,15
7/15/2025 12:00,24.5,41.5,15.15
7/15/2025 13:00,24.3,41,15.15
7/15/2025 14:00,23.9,41.5,15.2
7/15/2025 15:00,23.35,42,15.2
7/15/2025 16:00,22.5,44,15.1
7/15/2025 17:00,21.65,47,15.1
7/15/2025 18:00,20.7,50.5,15.05
7/15/2025 19:00,19.55,53,15
7/15/2025 20:00,18.15,57.5,15
7/15/2025 21:00,16.4,64,15
7/15/2025 22:00,15.3,66.5,15
7/15/2025 23:00,14.45,72,14.95
7/16/2025 0:00,14,77.5,14.95
7/16/2025 1:00,14,78.5,14.95
7/16/2025 2:00,14.55,76,14.95
7/16/2025 3:00,16,90,15.5
7/16/2025 4:00,17.5,86,15.5
7/16/2025 5:00,18.45,81,15.65
7/16/2025 6:00,20.45,72,15.7
7/16/2025 7:00,22.55,64,15.7
7/16/2025 8:00,24.35,56.5,15.8
7/16/2025 9:00,25.95,48.5,15.85
7/16/2025 10:00,27.45,41.5,15.9
7/16/2025 11:00,28.3,40.5,15.9
7/16/2025 12:00,28,43,16
7/16/2025 13:00,27.5,41.5,16.05
7/16/2025 14:00,27.05,43,16.15
7/16/2025 15:00,26.5,43,16.2
7/16/2025 16:00,25.6,46.5,16.3
7/16/2025 17:00,24.8,51.5,16.35
7/16/2025 18:00,23.75,54.5,16.35
7/16/2025 19:00,22.6,59.5,16.35
7/16/2025 20:00,21.25,62,16.35
7/16/2025 21:00,19.4,69,16.2
7/16/2025 22:00,18.2,74,16.2
7/16/2025 23:00,18.75,85,16.55
7/17/2025 0:00,18.3,85.5,16.5
7/17/2025 1:00,17.75,87,16.5
7/17/2025 2:00,17.6,86.5,16.45
7/17/2025 3:00,18.05,85.5,16.4
7/17/2025 4:00,19.05,82,16.4
7/17/2025 5:00,20.8,78,16.4
7/17/2025 6:00,21.8,76,16.8
7/17/2025 7:00,23.1,67,16.8
7/17/2025 8:00,24.5,58,16.9
7/17/2025 9:00,25.9,49,17
7/17/2025 10:00,26.15,54.5,16.15
7/17/2025 11:00,27,51.5,16.25
7/17/2025 12:00,27.75,48.5,16.4
7/17/2025 13:00,28,46,16.45
7/17/2025 14:00,28.05,46.5,16.5
7/17/2025 15:00,28.2,45.5,16.55
7/17/2025 16:00,23.9,65,15.4
7/17/2025 17:00,23.6,66,15.5
7/17/2025 18:00,22.3,72,15.3
7/17/2025 19:00,21.35,76.5,15.3
7/17/2025 20:00,20.2,80.5,15.3
7/17/2025 21:00,19,84,15.3
7/17/2025 22:00,18.45,87,15.25
7/17/2025 23:00,18,88.5,15.2
7/18/2025 0:00,17.5,94,14.9
7/18/2025 1:00,16.9,95,14.9
7/18/2025 2:00,16.3,96,14.9
7/18/2025 3:00,15.7,98,15.65
7/18/2025 4:00,16.2,97.5,15.6
7/18/2025 5:00,16.95,94,15.55
7/18/2025 6:00,18.15,87,15.55
7/18/2025 7:00,19.4,81.5,15.6
7/18/2025 8:00,20.9,73.5,15.6
7/18/2025 14:00,24.4,69,16.4
7/18/2025 15:00,25,62,16.4
7/18/2025 16:00,23.7,65,16.4
7/18/2025 17:00,23,70,16.4
7/18/2025 18:00,22.5,74,16.4
7/18/2025 19:00,20.8,82,16.3
7/18/2025 20:00,18.9,90,16.3
7/18/2025 21:00,18.1,94,15.7
7/18/2025 22:00,17.5,95.5,15.65
7/18/2025 23:00,17.4,96,15.65
7/19/2025 0:00,17,97,15.6
7/19/2025 1:00,16.75,99,15.6
7/19/2025 2:00,16.65,99,15.55
7/19/2025 3:00,16.2,98,15.5
7/19/2025 4:00,16.8,97.5,15.45
7/19/2025 5:00,17.55,99.5,15.45
7/19/2025 6:00,18.45,95,15.45
7/19/2025 7:00,19.55,88.5,15.5
7/19/2025 8:00,21.4,79.5,15.5
7/19/2025 9:00,22.3,74,14.9
7/19/2025 10:00,23,69,15
7/19/2025 11:00,23.4,67,15
7/19/2025 12:00,23.4,68,15.1
7/19/2025 13:00,25.2,60,15.1
7/19/2025 14:00,25.1,62,15.1
7/19/2025 15:00,24.9,64,15.2
7/19/2025 16:00,23.2,73,15.2
7/19/2025 17:00,23.1,73,15.3
7/19/2025 18:00,22.6,77,15.3
7/19/2025 19:00,22.1,81,15.3
7/19/2025 20:00,20.7,88,15.3
7/19/2025 21:00,19.3,87,15.5
7/19/2025 22:00,18.5,89,15.5
7/19/2025 23:00,18.1,89.5,15.45
7/20/2025 0:00,17.65,91.5,15.4
7/20/2025 1:00,17.35,88.5,15.35
7/20/2025 2:00,17.25,87.5,15.35
7/20/2025 3:00,17.4,87,15.3
7/20/2025 4:00,18.35,85,15.3
7/20/2025 5:00,19.35,83.5,15.25
7/20/2025 6:00,20.7,77.5,15.3
7/20/2025 7:00,22.1,70,15.4
7/20/2025 8:00,23.35,64.5,15.5
7/20/2025 9:00,24.55,61,15.65
7/20/2025 10:00,25.1,55,16.1
7/20/2025 11:00,26.8,49,16.2
7/20/2025 12:00,28.2,45,16.4
7/20/2025 13:00,29,44,16.5
7/20/2025 14:00,25.55,47.5,16.65
7/20/2025 15:00,24.95,49,16.75
7/20/2025 16:00,25.05,50.5,16.8
7/20/2025 17:00,24.7,52.5,16.8
7/20/2025 18:00,24.15,56,16.85
7/20/2025 19:00,23.1,60,16.8
7/20/2025 20:00,21.85,66,16.75
7/20/2025 21:00,20.65,71.5,16.65
7/20/2025 22:00,20.1,71.5,16.6
7/20/2025 23:00,19.6,72.5,16.5
7/21/2025 0:00,19.15,75,16.45
7/21/2025 1:00,18.2,82,16.45
7/21/2025 2:00,18.35,82.5,16.4
7/21/2025 3:00,18.85,81.5,16.35
7/21/2025 4:00,19.9,78,16.35
7/21/2025 5:00,21.45,72,16.35
7/21/2025 6:00,22.85,66,16.35
7/21/2025 7:00,24.35,60,16.4
7/21/2025 8:00,26,53,16.45
7/21/2025 9:00,27.35,45.5,16.55
7/21/2025 10:00,28.2,38.5,16.7
7/21/2025 11:00,28.65,35.5,16.8
7/21/2025 12:00,28.65,37.5,16.85
7/21/2025 13:00,26.4,64,16.9
7/21/2025 14:00,26.7,54,16.9
7/21/2025 15:00,26.5,57,17
7/21/2025 16:00,24.45,58.5,17.2
7/21/2025 17:00,23.6,63.5,17.2
7/21/2025 18:00,22.7,70,17.2
7/21/2025 19:00,21.45,77,17.2
7/21/2025 20:00,20.15,85.5,17.2
7/21/2025 21:00,19.05,88.5,17.1
7/21/2025 22:00,18.15,91,17.05
7/21/2025 23:00,17.75,91,17
7/22/2025 0:00,17.3,90.5,17
7/22/2025 1:00,16.5,93.5,16.95
7/22/2025 2:00,16.65,92,16.9
7/22/2025 3:00,17.35,90,16.9
7/22/2025 4:00,18.85,86,16.9
7/22/2025 5:00,20.5,80.5,16.9
7/22/2025 6:00,21.9,74.5,17
7/22/2025 7:00,23.05,67,17.05
7/22/2025 8:00,23.9,62,17.2
7/22/2025 9:00,24.5,57.5,17.25
7/22/2025 10:00,24.65,57,17.35
7/22/2025 11:00,24.55,58,17.55
7/22/2025 12:00,24.55,56.5,17.7
7/22/2025 13:00,24.85,55,17.75
7/22/2025 14:00,22.4,58,18.1
7/22/2025 15:00,21.5,61,18.2
7/22/2025 16:00,20.5,66,18.3
7/22/2025 17:00,19.4,71,18.3
7/22/2025 18:00,18.1,75,18.3
7/22/2025 19:00,13.6,89,15.8
7/22/2025 20:00,12.9,90.5,15.75
7/22/2025 21:00,12.15,92.5,15.7
7/22/2025 22:00,11.6,94,15.6
7/22/2025 23:00,11.3,94.5,15.5
7/23/2025 0:00,11.05,96.5,15.4
7/23/2025 1:00,10.75,97,15.4
7/23/2025 2:00,10.9,95.5,15.35
7/23/2025 3:00,11.05,94.5,15.35
7/23/2025 4:00,11.2,93.5,15.4
7/23/2025 5:00,11.35,92.5,15.4
7/23/2025 6:00,11.55,91.5,15.4
7/23/2025 7:00,11.7,90.5,15.4
7/23/2025 8:00,11.95,88,15.4
7/23/2025 9:00,12.4,85,15.4
7/23/2025 10:00,12.7,82,15.4
7/23/2025 11:00,8.9,90,13.2
7/23/2025 12:00,8.8,89,13.2
7/23/2025 13:00,8.4,86,13.2
7/23/2025 14:00,8.4,85,13.2
7/23/2025 15:00,8.2,85,13.3
7/23/2025 16:00,8.85,81,14.1
7/23/2025 17:00,8.6,80,14.15
7/23/2025 18:00,8.35,78,14.15
7/23/2025 19:00,8,78,14.1
7/23/2025 20:00,7.55,80,14.1
7/23/2025 21:00,7.25,80.5,14.05
7/23/2025 22:00,7.05,81,13.9
7/23/2025 23:00,6.75,83,13.9
7/24/2025 0:00,6.35,86,13.85
7/24/2025 1:00,6.35,87,13.8
7/24/2025 2:00,6.95,86.5,13.8
7/24/2025 3:00,7.65,84,13.75
7/24/2025 4:00,8.35,82.5,13.75
7/24/2025 5:00,9,80.5,13.75
7/24/2025 6:00,10,78.5,13.75
7/24/2025 7:00,11.1,64,14.6
7/24/2025 8:00,12.6,62,14.7
7/24/2025 9:00,14.1,61,14.9
7/24/2025 10:00,15.5,59,15.1
7/24/2025 11:00,17.1,55,15.2
7/24/2025 12:00,18.2,51,15.4
7/24/2025 13:00,18.8,52,15.4
7/24/2025 14:00,15.2,73.5,14.5
7/24/2025 15:00,15.5,71.5,14.55
7/24/2025 16:00,15.5,70,14.5
7/24/2025 17:00,14.8,73,14.5
7/24/2025 18:00,13.8,78,14.45
7/24/2025 19:00,12.8,84.5,14.45
7/24/2025 20:00,12.35,84,14.45
7/24/2025 21:00,12,84.5,14.35
7/24/2025 22:00,11.1,87,14.3
7/24/2025 23:00,10.6,90,14.25
7/25/2025 0:00,11.15,87,14.2
7/25/2025 1:00,11.4,87,14.2
7/25/2025 2:00,11.65,85,14.2
7/25/2025 3:00,11.65,86.5,14.25
7/25/2025 4:00,11.8,87,14.25
7/25/2025 5:00,12.5,85,14.25
7/25/2025 6:00,10.6,95,13.7
7/25/2025 7:00,11.6,95,13.6
7/25/2025 8:00,12.1,94,13.6
7/25/2025 9:00,15.05,90,15.7
7/25/2025 10:00,15.75,83.5,15.7
7/25/2025 11:00,16.3,80.5,15.6
7/25/2025 12:00,16.6,78.5,15.6
7/25/2025 13:00,17,78,15.55
7/25/2025 14:00,17.45,75.5,15.55
7/25/2025 15:00,16.6,82.5,15.55
7/25/2025 16:00,16.2,84,15.55
7/25/2025 17:00,15.4,87,15.55
7/25/2025 18:00,14.35,93.5,15.5
7/25/2025 19:00,13.95,95.5,15.4
7/25/2025 20:00,13.6,97,15.4
7/25/2025 21:00,13.3,98.5,15.4
7/25/2025 22:00,13.1,99,15.35
7/25/2025 23:00,14,98,17.8
7/26/2025 0:00,13.7,98,17.8
7/26/2025 1:00,13.9,99,17.7
7/26/2025 2:00,13.9,99,17.7
7/26/2025 2:00,13.75,96.5,17.15
7/26/2025 2:00,13.75,96.5,17.15
7/26/2025 2:00,13.6,94,16.6
7/26/2025 2:00,13.6,94,16.6
7/26/2025 2:00,14.4,91,16.85
7/26/2025 3:00,14.8,90.5,16.85
7/26/2025 4:00,15.35,87.5,16.85
7/26/2025 5:00,15.55,85.5,16.85
7/26/2025 6:00,15.2,89,16.85
7/26/2025 7:00,16.45,83,16.85
7/26/2025 8:00,17.25,77,16.9
7/26/2025 9:00,17.9,73.5,17
7/26/2025 10:00,18.05,73,17
7/26/2025 11:00,17.5,78,17
7/26/2025 12:00,17.15,82,17.1
7/26/2025 13:00,17.25,80,17.15
7/26/2025 14:00,17.05,81.5,17.2
7/26/2025 15:00,16.85,77.5,17.2
7/26/2025 16:00,16.8,73.5,17.2
7/26/2025 17:00,16.25,73.5,17.25
7/26/2025 18:00,15.55,76,17.25
7/26/2025 19:00,15.2,78.5,17.25
7/26/2025 20:00,14.7,81,17.2
7/26/2025 21:00,14.1,84.5,17.2
7/26/2025 22:00,13.3,87.5,17.15
7/26/2025 23:00,13.25,87,17.15
7/27/2025 0:00,12.9,87,17.1
7/27/2025 1:00,12.1,90.5,17.1
7/27/2025 2:00,12.35,91,17.05
7/27/2025 3:00,12.2,96,17.1
7/27/2025 4:00,13.3,95,17.1
7/27/2025 5:00,15.65,80.5,16.75
7/27/2025 6:00,16.6,73.5,16.75
7/27/2025 7:00,17.25,68.5,16.8
7/27/2025 8:00,18.25,63.5,16.8
7/27/2025 9:00,18.9,60.5,16.9
7/27/2025 10:00,19.2,58,16.95
7/27/2025 11:00,18.95,59.5,17
7/27/2025 12:00,18,66.5,17.05
7/27/2025 13:00,17.1,75,17.05
7/27/2025 14:00,16.8,77.5,17.1
7/27/2025 15:00,16.3,86,17.1
7/27/2025 16:00,16.3,86.5,17.1
7/27/2025 17:00,16.25,86,17.1
7/27/2025 18:00,16.15,86.5,17.1
7/27/2025 19:00,15.9,87,17.1
7/27/2025 20:00,15.7,88,17.1
7/27/2025 21:00,15.6,81,16.6
7/27/2025 22:00,15.6,80,16.6
7/27/2025 23:00,15.6,82.5,16.65
7/28/2025 0:00,15.45,83.5,16.65
7/28/2025 1:00,15.2,84,16.6
7/28/2025 2:00,15.1,85.5,16.55
7/28/2025 3:00,15.1,87,16.55
7/28/2025 4:00,15.55,86.5,16.55
7/28/2025 5:00,15.9,83.5,16.5
7/28/2025 6:00,16.2,80,16.5
7/28/2025 7:00,16.6,78,16.6
7/28/2025 8:00,17.1,75,16.6
7/28/2025 9:00,17.4,73,16.7
7/28/2025 10:00,17.45,74.5,16.55
7/28/2025 11:00,17.6,73.5,16.6
7/28/2025 12:00,17.7,72.5,16.65
7/28/2025 13:00,17.6,75,16.7
7/28/2025 14:00,17.85,70.5,16.7
7/28/2025 15:00,18,69,16.7
7/28/2025 16:00,16.7,76,16.5
7/28/2025 17:00,16.3,77,16.5
7/28/2025 18:00,16.35,74.5,16.5
7/28/2025 19:00,15.95,77,16.5
7/28/2025 20:00,15.3,83.5,16.5
7/28/2025 21:00,15.1,86.5,16.45
7/28/2025 22:00,14.65,90,16.4
7/28/2025 23:00,14.5,92.5,16.35
7/29/2025 0:00,14,89,16.2
7/29/2025 1:00,14.2,87,16.1
7/29/2025 2:00,14,90,16.1
7/29/2025 3:00,13.25,89,16.3
7/29/2025 4:00,13.35,89.5,16.3
7/29/2025 5:00,14.1,90,16.25
7/29/2025 6:00,14.75,85.5,16.25
7/29/2025 7:00,15.85,79.5,16.25
7/29/2025 8:00,16.9,73.5,16.25
7/29/2025 14:00,21.9,47,16.8
7/29/2025 15:00,21.1,54,16.8
7/29/2025 16:00,20.2,64,16.9
7/29/2025 17:00,19.5,68,16.9
7/29/2025 18:00,18.5,72,16.9
7/29/2025 19:00,17.4,78,16.9
7/29/2025 20:00,16.5,78,16.9
7/29/2025 21:00,15.55,84.5,16.35
7/29/2025 22:00,15.3,85,16.35
7/29/2025 23:00,15,85.5,16.35
7/30/2025 0:00,14.7,86.5,16.35
7/30/2025 1:00,15.55,81.5,16.35
7/30/2025 2:00,15.15,83.5,16.3
7/30/2025 3:00,14.95,84.5,16.3
7/30/2025 4:00,14.85,85,16.25
7/30/2025 5:00,15.3,83,16.25
7/30/2025 6:00,16.1,79,16.25
7/30/2025 7:00,17.1,73.5,16.25
7/30/2025 8:00,18.3,68.5,16.35
7/30/2025 9:00,18.4,70,16
7/30/2025 10:00,18.9,67,16.1
7/30/2025 11:00,18.6,71,16.1
7/30/2025 12:00,18,75,16.2
7/30/2025 13:00,17.4,82,16.2
7/30/2025 14:00,16.8,90,16.3
7/30/2025 15:00,16.7,93,16.4
7/30/2025 16:00,16.9,91,16.4
7/30/2025 17:00,17.3,87,16.5
7/30/2025 18:00,17.1,87,16.5
7/30/2025 19:00,16.8,89,16.5
7/30/2025 20:00,16.3,91,16.4
7/30/2025 21:00,15.75,91.5,16.3
7/30/2025 22:00,15.4,92.5,16.25
7/30/2025 23:00,15.15,93.5,16.15
7/31/2025 0:00,14.75,95.5,16.05
7/31/2025 1:00,14.75,95.5,16.05
7/31/2025 2:00,14.55,96,16.05
7/31/2025 3:00,14.45,96,15.95
7/31/2025 4:00,14.7,96,15.95
7/31/2025 5:00,15.15,94.5,15.95
7/31/2025 6:00,15.8,91.5,15.95
7/31/2025 7:00,16.7,87.5,16.05
7/31/2025 8:00,17.9,82,16.1
7/31/2025 9:00,18.65,79.5,16.25
7/31/2025 10:00,19.2,80,16.2
7/31/2025 11:00,18.5,82,16.4
7/31/2025 12:00,20.4,77,16.5
7/31/2025 13:00,20.8,93,16.5
7/31/2025 14:00,20.35,86.5,16.9
7/31/2025 15:00,20.65,82.5,17
7/31/2025 16:00,20.85,80,17.05
7/31/2025 17:00,20.95,79,17.15
7/31/2025 18:00,20.55,83,17.15
7/31/2025 19:00,19.8,90.5,17.1
7/31/2025 20:00,18.95,92.5,17
7/31/2025 21:00,18.45,94.5,16.85
7/31/2025 22:00,17.75,94.5,16.75
7/31/2025 23:00,17.65,93.5,16.65
8/1/2025 0:00,17.55,92.5,16.6
8/1/2025 1:00,17.9,93,16.55
8/1/2025 2:00,17.8,92,16.5
8/1/2025 3:00,17.8,92,16.5
8/1/2025 4:00,18.2,91,16.45
8/1/2025 5:00,19.15,90,16.45
8/1/2025 6:00,20.6,84.5,16.45
8/1/2025 7:00,22.1,79.5,16.45
8/1/2025 8:00,23.35,68.5,16.45
8/1/2025 9:00,24.25,62,16.45
8/1/2025 10:00,25.05,58.5,16.55
8/1/2025 11:00,25.35,55.5,16.55
8/1/2025 12:00,25.3,55.5,16.55
8/1/2025 13:00,25.6,61,17.2
8/1/2025 14:00,25.8,60,17.2
8/1/2025 15:00,26,63,17.2
8/1/2025 16:00,26.2,57.5,17.2
8/1/2025 17:00,25.35,65.5,17.2
8/1/2025 18:00,24.35,72.5,17.2
8/1/2025 19:00,22.85,80.5,17.2
8/1/2025 20:00,21.25,85,17.15
8/1/2025 21:00,19.9,87,17.15
8/1/2025 22:00,18.95,88,17.1
8/1/2025 23:00,18.35,88.5,17.1
8/2/2025 0:00,17.85,89.5,17.1
8/2/2025 1:00,17.35,90,17.1
8/2/2025 2:00,17.3,91,17
8/2/2025 3:00,17.75,91,17
8/2/2025 4:00,19,89.5,17
8/2/2025 5:00,20.3,88.5,17
8/2/2025 6:00,21.35,84,17
8/2/2025 7:00,22.2,78.5,17
8/2/2025 8:00,22.95,74.5,16.95
8/2/2025 9:00,23.3,71.5,16.95
8/2/2025 10:00,23,72,16.95
8/2/2025 11:00,22.25,75,17
8/2/2025 12:00,22.5,73.5,17
8/2/2025 13:00,22.4,75,17
8/2/2025 14:00,21.5,78,17.1
8/2/2025 15:00,20.5,85,17.1
8/2/2025 16:00,19.6,86,17.1
8/2/2025 17:00,18.4,87,17.1
8/2/2025 18:00,17.8,86,17.1
8/2/2025 19:00,15.1,94,15
8/2/2025 20:00,14.5,96,15
8/2/2025 21:00,13.55,96.5,14.95
8/2/2025 22:00,12.8,96.5,14.95
8/2/2025 23:00,12.5,95.5,14.95
8/3/2025 0:00,12.35,95,14.95
8/3/2025 1:00,11.95,96.5,14.95
8/3/2025 2:00,11.9,96,14.9
8/3/2025 3:00,12,95.5,14.9
8/3/2025 4:00,12.3,94,14.9
8/3/2025 5:00,12.8,92,14.9
8/3/2025 6:00,13.65,90.5,14.9
8/3/2025 7:00,14.5,87.5,14.9
8/3/2025 8:00,15.7,84,14.95
8/3/2025 9:00,16.85,81.5,15.05
8/3/2025 10:00,17.9,80,15.05
8/3/2025 11:00,11.4,90,13.1
8/3/2025 12:00,11.6,92,13.1
8/3/2025 13:00,11.7,92,13.1
8/3/2025 14:00,12.1,92,13.1
8/3/2025 15:00,12.8,91,13.1
8/3/2025 16:00,13.05,89.5,13
8/3/2025 17:00,12.65,92,13
8/3/2025 18:00,12.55,93.5,13
8/3/2025 19:00,12.25,93.5,13
8/3/2025 20:00,12.25,93.5,13.05
8/3/2025 21:00,12.25,93.5,13.05
8/3/2025 22:00,12.65,93,13
8/3/2025 23:00,12.9,92.5,13
8/4/2025 0:00,12.75,93.5,13
8/4/2025 1:00,12.55,94,13
8/4/2025 2:00,12.95,94,13
8/4/2025 3:00,13.25,96.5,13
8/4/2025 4:00,13.65,96.5,13.05
8/4/2025 5:00,14.4,95,13.05
8/4/2025 6:00,15.7,92.5,13.05
8/4/2025 7:00,17.8,89,13.3
8/4/2025 8:00,20.6,73,13.3
8/4/2025 9:00,22.4,62,13.4
8/4/2025 10:00,23.2,57,13.4
8/4/2025 11:00,23.9,53,13.4
8/4/2025 12:00,24.4,48,13.4
8/4/2025 13:00,24.4,49,13.4
8/4/2025 14:00,22.15,60.5,13.2
8/4/2025 15:00,21.9,58.5,13.2
8/4/2025 16:00,21.5,59.5,13.2
8/4/2025 17:00,20.8,63.5,13.15
8/4/2025 18:00,19.8,68,13.15
8/4/2025 19:00,18.7,72.5,13.15
8/4/2025 20:00,17.8,76.5,13.15
8/4/2025 21:00,17.3,77.5,13.15
8/4/2025 22:00,17.1,78.5,13.1
8/4/2025 23:00,17,78,13.1
8/5/2025 0:00,16.85,79.5,13.1
8/5/2025 1:00,16.8,80.5,13.1
8/5/2025 2:00,17.15,79.5,13.05
8/5/2025 3:00,17.8,78.5,13.05
8/5/2025 4:00,18.6,78,13.05
8/5/2025 5:00,19.7,73.5,13.05
8/5/2025 6:00,19.1,82,12.8
8/5/2025 7:00,19.8,83,12.9
8/5/2025 8:00,20.2,84,12.9
8/5/2025 9:00,22.4,71,15
8/5/2025 10:00,22.7,71.5,15.05
8/5/2025 11:00,22.95,70.5,15.15
8/5/2025 12:00,23.25,68,15.2
8/5/2025 13:00,23.8,64,15.2
8/5/2025 14:00,23.25,64,15.25
8/5/2025 15:00,23.15,64,15.35
8/5/2025 16:00,22.65,64.5,15.35
8/5/2025 17:00,21.75,65,15.35
8/5/2025 18:00,20.95,68.5,15.35
8/5/2025 19:00,20.15,70,15.35
8/5/2025 20:00,19.15,72,15.25
8/5/2025 21:00,18.15,76,15.2
8/5/2025 22:00,17.6,79.5,15.2
8/5/2025 23:00,17.2,85,16.9
8/6/2025 0:00,16.1,90,16.9
8/6/2025 1:00,16.2,87,16.8
8/6/2025 2:00,16.1,88,16.8
8/6/2025 2:00,16.45,78,17.1
8/6/2025 2:00,16.45,78,17.1
8/6/2025 2:00,16.8,68,17.4
8/6/2025 2:00,16.8,68,17.4
8/6/2025 2:00,16.3,69,17.25
8/6/2025 3:00,16.35,68.5,17.25
8/6/2025 4:00,16.65,67.5,17.25
8/6/2025 5:00,17.15,63.5,17.25
8/6/2025 6:00,17.85,58.5,17.25
8/6/2025 7:00,18.75,54,17.3
8/6/2025 8:00,19.55,50.5,17.35
8/6/2025 9:00,20.15,48,17.5
8/6/2025 10:00,20.55,46,17.65
8/6/2025 11:00,19.35,53,17.7
8/6/2025 12:00,19.4,52.5,17.75
8/6/2025 13:00,20.5,48,17.8
8/6/2025 14:00,19.4,53,17.8
8/6/2025 15:00,18.05,63.5,17.8
8/6/2025 16:00,17.65,64,17.85
8/6/2025 17:00,17.85,63,17.85
8/6/2025 18:00,17,71,17.85
8/6/2025 19:00,16.1,79,17.85
8/6/2025 20:00,14.95,86.5,17.8
8/6/2025 21:00,14.25,90.5,17.75
8/6/2025 22:00,13.85,93,17.75
8/6/2025 23:00,13.8,90,17.7
8/7/2025 0:00,13.45,92,17.65
8/7/2025 1:00,13.25,92,17.6
8/7/2025 2:00,13.25,91.5,17.55
8/7/2025 3:00,14,86,17.3
8/7/2025 4:00,14.2,84,17.2
8/7/2025 5:00,14.1,76,17.2
8/7/2025 6:00,13.75,77.5,17.2
8/7/2025 7:00,13.1,88.5,17.3
8/7/2025 8:00,14.15,83,17.4
8/7/2025 9:00,14.05,79.5,17.45
8/7/2025 10:00,13.3,87.5,17.5
8/7/2025 11:00,13.4,87.5,17.55
8/7/2025 12:00,14.85,79,17.6
8/7/2025 13:00,14.95,75,17.65
8/7/2025 14:00,15.15,72.5,17.7
8/7/2025 15:00,15.5,66,17.75
8/7/2025 16:00,15.15,71.5,17.75
8/7/2025 17:00,14.85,74.5,17.7
8/7/2025 18:00,14.6,77,17.7
8/7/2025 19:00,14.35,78.5,17.7
8/7/2025 20:00,13.85,79.5,17.7
8/7/2025 21:00,14.6,73,17.5
8/7/2025 22:00,14.9,68,17.5
8/7/2025 23:00,14.75,62.5,17.6
8/8/2025 0:00,14.4,63.5,17.5
8/8/2025 1:00,14.15,73.5,17.45
8/8/2025 2:00,13.85,77,17.45
8/8/2025 3:00,13.4,78,17.45
8/8/2025 4:00,13.5,79,17.4
8/8/2025 5:00,14.4,78.5,17.4
8/8/2025 6:00,15,73,17.4
8/8/2025 7:00,16,69,17.4
8/8/2025 8:00,17.2,66,17.5
8/8/2025 9:00,18.5,61,17.5
8/8/2025 10:00,18.55,57.5,17.5
8/8/2025 11:00,19.5,48.5,17.55
8/8/2025 12:00,19.25,49,17.6
8/8/2025 13:00,17.7,60,17.6
8/8/2025 14:00,18.05,56.5,17.65
8/8/2025 15:00,16.85,68.5,17.65
8/8/2025 16:00,14.5,81,17.4
8/8/2025 17:00,14.4,92,17.4
8/8/2025 18:00,13,94,17.25
8/8/2025 19:00,12.55,93,17.2
8/8/2025 20:00,12.1,95,17.15
8/8/2025 21:00,12.2,91,17.15
8/8/2025 22:00,12.5,86.5,17.15
8/8/2025 23:00,12.25,88,17.05
8/9/2025 0:00,12.5,94,16.9
8/9/2025 1:00,12.7,95,16.8
8/9/2025 2:00,12.8,95,16.8
8/9/2025 3:00,13.1,91.5,16.75
8/9/2025 4:00,13.2,91,16.65
8/9/2025 5:00,13.35,89,16.65
8/9/2025 6:00,14.2,84.5,16.65
8/9/2025 7:00,15.05,79.5,16.65
8/9/2025 8:00,15.95,75,16.7
8/9/2025 14:00,12.3,88,16.7
8/9/2025 15:00,12.4,88,16.7
8/9/2025 16:00,13.4,88,16.6
8/9/2025 17:00,12.9,88,16.6
8/9/2025 18:00,13.1,87,16.6
8/9/2025 19:00,11.5,89,16.6
8/9/2025 20:00,11.1,93,16.6
8/9/2025 21:00,12.4,81,16.7
8/9/2025 22:00,12.3,87,16.7
8/9/2025 23:00,12.15,90.5,16.65
8/10/2025 0:00,12.2,89.5,16.6
8/10/2025 1:00,12.15,89.5,16.6
8/10/2025 2:00,12,89,16.55
8/10/2025 3:00,11.95,88.5,16.55
8/10/2025 4:00,11.7,89,16.55
8/10/2025 5:00,11.9,89,16.55
8/10/2025 6:00,12.2,87,16.55
8/10/2025 7:00,12.5,86,16.55
8/10/2025 8:00,12.95,82.5,16.55
8/10/2025 9:00,13.2,79,16.6
8/10/2025 10:00,14.5,74,16.6
8/10/2025 11:00,14.9,68,16.6
8/10/2025 12:00,15.4,64,16.6
8/10/2025 13:00,15.3,71,16.6
8/10/2025 14:00,16,64,16.7
8/10/2025 15:00,15.1,72,16.7
8/10/2025 16:00,15.1,72,16.7
8/10/2025 17:00,14.3,79,16.7
8/10/2025 18:00,13.9,80,16.7
8/10/2025 19:00,13.7,81,16.7
8/10/2025 20:00,13.4,80,16.6
8/10/2025 21:00,13.1,81.5,16.95
8/10/2025 22:00,12.85,81,16.85
8/10/2025 23:00,12.9,80,16.85
8/11/2025 0:00,12.7,80,16.85
8/11/2025 1:00,12.25,84.5,16.8
8/11/2025 2:00,11.95,85,16.8
8/11/2025 3:00,11.6,86.5,16.75
8/11/2025 4:00,11.95,84.5,16.7
8/11/2025 5:00,12.55,85,16.7
8/11/2025 6:00,13.45,76,16.7
8/11/2025 7:00,14.35,74.5,16.7
8/11/2025 8:00,15,76,16.7
8/11/2025 9:00,15.75,73.5,16.7
8/11/2025 10:00,17.3,61,17
8/11/2025 11:00,18.4,46,17.1
8/11/2025 12:00,19.2,40,17.1
8/11/2025 13:00,17.9,55,17.1
8/11/2025 14:00,17.05,59.5,17.35
8/11/2025 15:00,15.95,64,17.35
8/11/2025 16:00,14.2,82,17.35
8/11/2025 17:00,14.2,81.5,17.3
8/11/2025 18:00,13.85,83.5,17.3
8/11/2025 19:00,13.35,84,17.25
8/11/2025 20:00,12.55,85,17.25
8/11/2025 21:00,11.95,85,17.25
8/11/2025 22:00,11.65,86,17.2
8/11/2025 23:00,11.55,86.5,17.15
8/12/2025 0:00,11.9,86,17.1
8/12/2025 1:00,11.1,91,17.1
8/12/2025 2:00,10.55,93,17
8/12/2025 3:00,10.7,91,17
8/12/2025 4:00,11.05,90.5,16.9
8/12/2025 5:00,12.05,88.5,16.9
8/12/2025 6:00,12.5,87,16.85
8/12/2025 7:00,13.1,81.5,16.75
8/12/2025 8:00,13.7,77.5,16.8
8/12/2025 9:00,13.7,76.5,16.75
8/12/2025 10:00,14.1,75,16.7
8/12/2025 11:00,14.5,72,16.7
8/12/2025 12:00,14.8,70.5,16.7
8/12/2025 13:00,15.4,74,17.5
8/12/2025 14:00,13.7,78,17.5
8/12/2025 15:00,12.7,91,17.5
8/12/2025 16:00,14.4,79,17.25
8/12/2025 17:00,13.95,81.5,17.2
8/12/2025 18:00,13.5,84,17.2
8/12/2025 19:00,12.85,87,17.2
8/12/2025 20:00,11.75,89.5,17.15
8/12/2025 21:00,11.25,90.5,17.15
8/12/2025 22:00,10.85,92.5,17.1
8/12/2025 23:00,10.4,94.5,17.05
8/13/2025 0:00,10.1,95,17
8/13/2025 1:00,9.9,94,16.95
8/13/2025 2:00,9.95,92,16.9
8/13/2025 3:00,10.2,93.5,16.9
8/13/2025 4:00,10.65,91.5,16.9
8/13/2025 5:00,11.75,90,16.9
8/13/2025 6:00,12.65,87,16.9
8/13/2025 7:00,14,79.5,16.95
8/13/2025 8:00,15.2,71.5,17
8/13/2025 9:00,16.2,65,17.1
8/13/2025 10:00,17.05,58,17.15
8/13/2025 11:00,18.05,51,17.2
8/13/2025 12:00,18.25,49,17.2
8/13/2025 13:00,17.3,57.5,17.2
8/13/2025 14:00,18.8,45,17.1
8/13/2025 15:00,19.2,44,17
8/13/2025 16:00,19.1,46,17
8/13/2025 17:00,18.4,55,17
8/13/2025 18:00,17,66,17
8/13/2025 19:00,13.8,78.5,15.8
8/13/2025 20:00,13.35,79,15.7
8/13/2025 21:00,12.85,82,15.65
8/13/2025 22:00,12.35,85.5,15.6
8/13/2025 23:00,12.55,84.5,15.6
8/14/2025 0:00,12.75,83.5,15.55
8/14/2025 1:00,12.75,82.5,15.45
8/14/2025 2:00,12.8,83.5,15.45
8/14/2025 3:00,12.75,83.5,15.4
8/14/2025 4:00,12.75,83.5,15.4
8/14/2025 5:00,13.3,82,15.4
8/14/2025 6:00,14.1,80.5,15.4
8/14/2025 7:00,14.65,78,15.45
8/14/2025 8:00,14.9,77,15.55
8/14/2025 9:00,15.15,77,15.6
8/14/2025 10:00,15.95,73,15.75
8/14/2025 11:00,15.4,78,14.6
8/14/2025 12:00,15.1,80,14.6
8/14/2025 13:00,15,91,14.6
8/14/2025 14:00,15.1,88,14.6
8/14/2025 15:00,15.1,86,14.6
8/14/2025 16:00,16.75,72.5,14.65
8/14/2025 17:00,16.1,75,14.65
8/14/2025 18:00,15.05,79,14.65
8/14/2025 19:00,14.15,80.5,14.6
8/14/2025 20:00,13.35,84,14.55
8/14/2025 21:00,12.85,86.5,14.5
8/14/2025 22:00,12.15,89.5,14.5
8/14/2025 23:00,11.9,92,14.5
8/15/2025 0:00,12.25,94,14.5
8/15/2025 1:00,12.35,94,14.5
8/15/2025 2:00,12.25,94.5,14.45
8/15/2025 3:00,12.4,95,14.4
8/15/2025 4:00,13.25,94,14.4
8/15/2025 5:00,14.25,89.5,14.4
8/15/2025 6:00,15.3,85,14.45
8/15/2025 7:00,19.2,69,14.8
8/15/2025 8:00,20.3,64,14.9
8/15/2025 9:00,20.8,62,15
8/15/2025 10:00,21.6,58,15.1
8/15/2025 11:00,22.5,54,15.1
8/15/2025 12:00,22.5,56,15.2
8/15/2025 13:00,22.3,56,15.2
8/15/2025 14:00,17.9,74.5,14.75
8/15/2025 15:00,16.95,81.5,14.75
8/15/2025 16:00,16.45,85,14.75
8/15/2025 17:00,16.15,86,14.7
8/15/2025 18:00,16.25,86.5,14.7
8/15/2025 19:00,16.35,85.5,14.7
8/15/2025 20:00,16.2,87,14.65
8/15/2025 21:00,15.65,91,14.65
8/15/2025 22:00,15.55,91,14.6
8/15/2025 23:00,15,93.5,14.6
8/16/2025 0:00,14.2,96,14.6
8/16/2025 1:00,13.75,96.5,14.6
8/16/2025 2:00,13.5,96.5,14.55
8/16/2025 3:00,13.55,95.5,14.5
8/16/2025 4:00,13.75,93,14.5
8/16/2025 5:00,14.25,89.5,14.5
8/16/2025 6:00,10.8,91,14
8/16/2025 7:00,10.8,88,14.1
8/16/2025 8:00,11.2,82,14.1
8/16/2025 9:00,11.6,81.5,15.4
8/16/2025 10:00,11.7,79.5,15.5
8/16/2025 11:00,11.55,77,15.55
8/16/2025 12:00,11.35,79.5,15.6
8/16/2025 13:00,11.75,77,15.65
8/16/2025 14:00,11.55,77.5,15.65
8/16/2025 15:00,11.35,78.5,15.65
8/16/2025 16:00,11,81,15.6
8/16/2025 17:00,10.6,84,15.55
8/16/2025 18:00,10.15,87.5,15.5
8/16/2025 19:00,9.75,90.5,15.5
8/16/2025 20:00,9.85,88,15.5
8/16/2025 21:00,9.85,86.5,15.4
8/16/2025 22:00,9.5,88,15.35
8/16/2025 23:00,9.9,92,16.5
8/17/2025 0:00,9.7,92,16.5
8/17/2025 1:00,8.8,92,16.4
8/17/2025 2:00,9.3,87,16.4
8/17/2025 2:00,9.65,88,16.95
8/17/2025 2:00,9.65,88,16.95
8/17/2025 2:00,10,89,17.5
8/17/2025 2:00,10,89,17.5
8/17/2025 2:00,10.5,87,17.45
8/17/2025 3:00,10.5,89,17.45
8/17/2025 4:00,11.15,86,17.45
8/17/2025 5:00,11.7,85,17.45
8/17/2025 6:00,11.55,89.5,17.45
8/17/2025 7:00,11.95,88,17.45
8/17/2025 8:00,12.15,88,17.45
8/17/2025 9:00,12.45,85.5,17.45
8/17/2025 10:00,12.65,83,17.4
8/17/2025 11:00,12.55,84.5,17.4
8/17/2025 12:00,13,78.5,17.4
8/17/2025 13:00,13.05,79.5,17.4
8/17/2025 14:00,12.55,85.5,17.35
8/17/2025 15:00,12.2,89,17.3
8/17/2025 16:00,11.9,91.5,17.3
8/17/2025 17:00,11.75,93,17.25
8/17/2025 18:00,11.7,96,17.2
8/17/2025 19:00,11.7,97,17.15
8/17/2025 20:00,11.75,96.5,17.1
8/17/2025 21:00,11.85,97.5,17.1
8/17/2025 22:00,12.15,97.5,17
8/17/2025 23:00,12.25,98,17
8/18/2025 0:00,12.4,97.5,17
8/18/2025 1:00,12.5,95.5,16.95
8/18/2025 2:00,12.65,97,16.95
8/18/2025 3:00,12.7,95,16.9
8/18/2025 4:00,12.2,93,16.9
8/18/2025 5:00,12.25,90.5,16.55
8/18/2025 6:00,12.3,90,16.55
8/18/2025 7:00,12.4,90,16.55
8/18/2025 8:00,12.35,93,16.55
8/18/2025 9:00,12.4,92.5,16.55
8/18/2025 10:00,12.6,91,16.55
8/18/2025 11:00,12.8,90,16.55
8/18/2025 12:00,12.9,88.5,16.55
8/18/2025 13:00,12.7,90,16.55
8/18/2025 14:00,12.4,89,16.55
8/18/2025 15:00,12.3,87,16.55
8/18/2025 16:00,11.75,89.5,16.55
8/18/2025 17:00,11.2,89.5,16.55
8/18/2025 18:00,10.8,86.5,16.55
8/18/2025 19:00,10.75,85,16.55
8/18/2025 20:00,10.7,89,16.5
8/18/2025 21:00,10.4,85,16.2
8/18/2025 22:00,10.6,82,16.2
8/18/2025 23:00,10.75,79,15.95
8/19/2025 0:00,10.6,76.5,15.9
8/19/2025 1:00,10.45,78.5,15.9
8/19/2025 2:00,10.2,82,15.9
8/19/2025 3:00,10.05,82.5,15.85
8/19/2025 4:00,10,85.5,15.85
8/19/2025 5:00,10.3,84.5,15.85
8/19/2025 6:00,10.2,81,15.6
8/19/2025 7:00,10.4,81,15.6
8/19/2025 8:00,10.9,79,15.6
8/19/2025 9:00,10.8,84,15.6
8/19/2025 10:00,11.45,80,15.5
8/19/2025 11:00,12.4,74.5,15.5
8/19/2025 12:00,11.75,79.5,15.5
8/19/2025 13:00,12.5,72.5,15.5
8/19/2025 14:00,12.2,72.5,15.5
8/19/2025 15:00,11.8,75,15.5
8/19/2025 16:00,11.6,77,15.4
8/19/2025 17:00,11,81,15.4
8/19/2025 18:00,11.4,79,15.5
8/19/2025 19:00,11.15,77.5,15.5
8/19/2025 20:00,10.8,80,15.45
8/19/2025 21:00,10.5,82,15.45
8/19/2025 22:00,10.1,86,15.35
8/19/2025 23:00,9.85,89.5,15.35
8/20/2025 0:00,9.1,92,15.4
8/20/2025 1:00,8.7,90,15.4
8/20/2025 2:00,8.4,90,15.4
8/20/2025 3:00,7.7,92,15.45
8/20/2025 4:00,7.5,93.5,15.45
8/20/2025 5:00,7.95,93.5,15.45
8/20/2025 6:00,9,91,15.45
8/20/2025 7:00,10.55,82.5,15.45
8/20/2025 8:00,11.8,77.5,15.45
8/20/2025 14:00,13.4,67,15.6
8/20/2025 15:00,13.9,66,15.6
8/20/2025 16:00,13.3,67,15.6
8/20/2025 17:00,12.2,72,15.6
8/20/2025 18:00,11.4,75,15.6
8/20/2025 19:00,10.2,82,15.6
8/20/2025 20:00,9.8,84,15.6
8/20/2025 21:00,9.5,86,15.45
8/20/2025 22:00,9.15,88.5,15.35
8/20/2025 23:00,8.8,91.5,15.35
8/21/2025 0:00,8.65,91.5,15.35
8/21/2025 1:00,8.5,91.5,15.35
8/21/2025 2:00,8.35,91,15.35
8/21/2025 3:00,8.05,92,15.3
8/21/2025 4:00,7.7,92,15.3
8/21/2025 5:00,7.9,93,15.3
8/21/2025 6:00,8.75,90.5,15.3
8/21/2025 7:00,9.75,86.5,15.3
8/21/2025 8:00,10.75,83,15.3
8/21/2025 9:00,10.4,85,15.2
8/21/2025 10:00,11.1,79,15.3
8/21/2025 11:00,11.7,76,15.4
8/21/2025 12:00,11,81,15.4
8/21/2025 13:00,12.3,72,15.4
8/21/2025 14:00,11.1,78,15.4
8/21/2025 15:00,10.7,86,15.4
8/21/2025 16:00,10.7,85,15.4
8/21/2025 17:00,10.1,86,15.4
8/21/2025 18:00,9.8,87,15.4
8/21/2025 19:00,9.1,91,15.4
8/21/2025 20:00,9,93,15.3
8/21/2025 21:00,8.75,91.5,15.45
8/21/2025 22:00,8.55,93,15.45
8/21/2025 23:00,8.6,92.5,15.35
8/22/2025 0:00,8.35,93,15.35
8/22/2025 1:00,8.6,91,15.35
8/22/2025 2:00,8.45,90.5,15.3
8/22/2025 3:00,7.8,92.5,15.3
8/22/2025 4:00,7.65,95,15.25
8/22/2025 5:00,7.75,89.5,15.25
8/22/2025 6:00,8.15,89.5,15.25
8/22/2025 7:00,8.45,87,15.25
8/22/2025 8:00,9,84,15.3
8/22/2025 9:00,9.55,82.5,15.3
8/22/2025 10:00,9,81,15.4
8/22/2025 11:00,9.4,83,15.4
8/22/2025 12:00,9.4,77,15.4
8/22/2025 13:00,9.6,88,15.4
8/22/2025 14:00,10.55,78,15.7
8/22/2025 15:00,10.2,81.5,15.7
8/22/2025 16:00,10.25,84,15.7
8/22/2025 17:00,10.45,83.5,15.65
8/22/2025 18:00,10.25,83,15.65
8/22/2025 19:00,9.75,85.5,15.65
8/22/2025 20:00,9.85,87,15.6
8/22/2025 21:00,9.8,89,15.6
8/22/2025 22:00,9.65,92.5,15.55
8/22/2025 23:00,9.4,92.5,15.5
8/23/2025 0:00,9.35,92.5,15.5
8/23/2025 1:00,9.2,94,15.5
8/23/2025 2:00,9.45,94.5,15.45
8/23/2025 3:00,9.75,93.5,15.45
8/23/2025 4:00,9.95,94.5,15.45
8/23/2025 5:00,10.1,94.5,15.5
8/23/2025 6:00,10.35,94,15.5
8/23/2025 7:00,10.5,95.5,15.5
8/23/2025 8:00,10.65,95,15.55
8/23/2025 9:00,10.8,94.5,15.55
8/23/2025 10:00,10.95,93.5,15.55
8/23/2025 11:00,11.2,90.5,15.65
8/23/2025 12:00,11.55,85.5,15.65
8/23/2025 13:00,12.3,92,16.1
8/23/2025 14:00,12,91,16.1
8/23/2025 15:00,11.7,90,16.2
8/23/2025 16:00,10.25,91,14.55
8/23/2025 17:00,10.05,94,14.55
8/23/2025 18:00,9.8,97,14.55
8/23/2025 19:00,9.7,98,14.55
8/23/2025 20:00,9.85,96,14.45
8/23/2025 21:00,9.3,96,14.45
8/23/2025 22:00,8.95,96.5,14.4
8/23/2025 23:00,8.8,98.5,14.35
8/24/2025 0:00,8.85,97.5,14.35
8/24/2025 1:00,9.3,96,14.3
8/24/2025 2:00,8.9,97.5,14.3
8/24/2025 3:00,8.2,97,14.3
8/24/2025 4:00,8.65,93.5,14.3
8/24/2025 5:00,9,97.5,14.3
8/24/2025 6:00,9.8,94,14.3
8/24/2025 7:00,10.55,91,14.35
8/24/2025 8:00,11.45,85,14.35
8/24/2025 9:00,12.2,78,14.35
8/24/2025 10:00,13.05,73.5,14.4
8/24/2025 11:00,13.05,70.5,14.4
8/24/2025 12:00,12.85,71.5,14.4
8/24/2025 13:00,12.95,70,14.45
8/24/2025 14:00,12.2,72,13
8/24/2025 15:00,12,72,13.1
8/24/2025 16:00,11.8,74,13.1
8/24/2025 17:00,11.3,78,13.1
8/24/2025 18:00,10.5,85,13.1
8/24/2025 19:00,8.9,90,12.5
8/24/2025 20:00,8.65,90,12.5
8/24/2025 21:00,8.4,91,12.5
8/24/2025 22:00,8,91.5,12.5
8/24/2025 23:00,7.8,92,12.5
8/25/2025 0:00,7.6,93,12.5
8/25/2025 1:00,8.2,93.5,12.5
8/25/2025 2:00,7.8,93.5,12.5
8/25/2025 3:00,7.85,93.5,12.5
8/25/2025 4:00,8.35,92,12.5
8/25/2025 5:00,8.7,90,12.5
8/25/2025 6:00,9.25,89,12.55
8/25/2025 7:00,9.45,88.5,12.6
8/25/2025 8:00,9.8,88,12.6
8/25/2025 9:00,10.5,83.5,12.65
8/25/2025 10:00,11.1,76.5,12.8
8/25/2025 11:00,10.6,74,12.4
8/25/2025 12:00,10.5,75,12.5
8/25/2025 13:00,9.9,81,12.5
8/25/2025 14:00,9.9,80,12.5
8/25/2025 15:00,9.6,83,12.4
8/25/2025 16:00,10.2,84,13.45
8/25/2025 17:00,9.8,86.5,13.5
8/25/2025 18:00,9.2,91.5,13.45
8/25/2025 19:00,9,92.5,13.4
8/25/2025 20:00,8.85,93,13.35
8/25/2025 21:00,8.9,92.5,13.25
8/25/2025 22:00,8.85,92.5,13.25
8/25/2025 23:00,9,92,13.2
8/26/2025 0:00,9.1,91.5,13.1
8/26/2025 1:00,9.15,91,13.05
8/26/2025 2:00,9,90,13
8/26/2025 3:00,9.05,89.5,12.95
8/26/2025 4:00,9.3,89.5,12.9
8/26/2025 5:00,9.25,89.5,12.85
8/26/2025 6:00,9.25,89,12.85
8/26/2025 7:00,9.6,92,13.7
8/26/2025 8:00,9.6,90,13.7
8/26/2025 9:00,9,92,13.7
8/26/2025 10:00,9.1,90,13.8
8/26/2025 11:00,9.1,86,13.8
8/26/2025 12:00,9.4,80,13.8
8/26/2025 13:00,9.1,81,13.8
8/26/2025 14:00,8.7,86,12.85
8/26/2025 15:00,8.55,85.5,12.85
8/26/2025 16:00,8.15,89,12.85
8/26/2025 17:00,8.05,87.5,12.85
8/26/2025 18:00,7.9,87.5,12.85
8/26/2025 19:00,7.95,87.5,12.85
8/26/2025 20:00,7.8,89,12.85
8/26/2025 21:00,7.75,89,12.85
8/26/2025 22:00,7.75,90,12.85
8/26/2025 23:00,7.8,90,12.85
8/27/2025 0:00,7.9,88,12.8
8/27/2025 1:00,7.9,89,12.75
8/27/2025 2:00,7.8,89.5,12.65
8/27/2025 3:00,7.8,88.5,12.6
8/27/2025 4:00,7.75,89,12.5
8/27/2025 5:00,7.65,87.5,12.45
8/27/2025 6:00,8.6,78,11.8
8/27/2025 7:00,8.8,78,11.8
8/27/2025 8:00,8.7,79,11.8
8/27/2025 9:00,9.7,76,12.65
8/27/2025 10:00,10.1,73.5,12.7
8/27/2025 11:00,10.1,73.5,12.7
8/27/2025 12:00,10.05,75,12.7
8/27/2025 13:00,10.2,77,12.7
8/27/2025 14:00,10,78.5,12.75
8/27/2025 15:00,10.15,77,12.75
8/27/2025 16:00,9.95,79.5,12.75
8/27/2025 17:00,9.7,83.5,12.75
8/27/2025 18:00,9.5,86.5,12.75
8/27/2025 19:00,9.15,89.5,12.75
8/27/2025 20:00,9,90.5,12.75
8/27/2025 21:00,8.95,90.5,12.75
8/27/2025 22:00,9,90,12.7
8/27/2025 23:00,9.3,92,13.6
8/28/2025 0:00,9.2,94,13.6
8/28/2025 1:00,8.8,98,13.6
8/28/2025 2:00,8.8,99,13.6
8/28/2025 2:00,9.6,98,14.35
8/28/2025 2:00,9.6,98,14.35
8/28/2025 2:00,10.4,97,15.1
8/28/2025 2:00,10.4,97,15.1
8/28/2025 2:00,9.8,95.5,14.9
8/28/2025 3:00,9.95,96,14.85
8/28/2025 4:00,9.95,95,14.85
8/28/2025 5:00,10.3,89,14.8
8/28/2025 6:00,10.7,87,14.8
8/28/2025 7:00,11.35,82.5,14.75
8/28/2025 8:00,12.05,78,14.7
8/28/2025 9:00,12.95,73.5,14.65
8/28/2025 10:00,13.7,70,14.65
8/28/2025 11:00,14.25,65.5,14.65
8/28/2025 12:00,14.85,63,14.65
8/28/2025 13:00,15.5,60.5,14.65
8/28/2025 14:00,15.65,60.5,14.65
8/28/2025 15:00,15.3,63,14.65
8/28/2025 16:00,14.55,66.5,14.65
8/28/2025 17:00,13.35,72.5,14.6
8/28/2025 18:00,11.8,78.5,14.6
8/28/2025 19:00,9.95,83,14.6
8/28/2025 20:00,9.2,86.5,14.55
8/28/2025 21:00,8.85,89.5,14.55
8/28/2025 22:00,8.9,90,14.5
8/28/2025 23:00,8.9,90.5,14.5
8/29/2025 0:00,8.9,90.5,14.5
8/29/2025 1:00,8.4,90.5,14.5
8/29/2025 2:00,8.25,90.5,14.45
8/29/2025 3:00,10,90,14.1
8/29/2025 4:00,10.1,89,14.1
8/29/2025 5:00,12.45,83,14.65
8/29/2025 6:00,13.65,81,14.65
8/29/2025 7:00,15.2,77,14.65
8/29/2025 8:00,16.8,69.5,14.65
8/29/2025 9:00,18.1,64,14.7
8/29/2025 10:00,19.25,60.5,14.7
8/29/2025 11:00,20.15,57,14.7
8/29/2025 12:00,20.85,54,14.7
8/29/2025 13:00,21.15,52.5,14.7
8/29/2025 14:00,21,56,14.7
8/29/2025 15:00,20.85,56,14.7
8/29/2025 16:00,19.95,60.5,14.7
8/29/2025 17:00,18.85,64.5,14.7
8/29/2025 18:00,17.25,69,14.7
8/29/2025 19:00,16.05,72.5,14.7
8/29/2025 20:00,15.3,75,14.7
8/29/2025 21:00,16.3,69,15.3
8/29/2025 22:00,16.3,69,15.3
8/29/2025 23:00,15.8,75,15.25
8/30/2025 0:00,15.6,76,15.2
8/30/2025 1:00,15.5,80,15.2
8/30/2025 2:00,15.2,80.5,15.2
8/30/2025 3:00,14.65,81.5,15.15
8/30/2025 4:00,14.5,80.5,15.15
8/30/2025 5:00,14.6,80,15.15
8/30/2025 6:00,14.8,90,15.1
8/30/2025 7:00,16,84,15.1
8/30/2025 8:00,17.2,78,15.1
8/30/2025 9:00,18.6,70,15.2
8/30/2025 10:00,18.9,69,15.25
8/30/2025 11:00,19.55,65.5,15.35
8/30/2025 12:00,19.95,65.5,15.4
8/30/2025 13:00,19.45,69.5,15.4
8/30/2025 14:00,18.9,73,15.4
8/30/2025 15:00,19.15,72,15.35
8/30/2025 16:00,18.9,79,15.3
8/30/2025 17:00,18.3,82,15.2
8/30/2025 18:00,17.1,81.5,15.05
8/30/2025 19:00,15.7,84.5,15.05
8/30/2025 20:00,14.95,87.5,15.05
8/30/2025 21:00,14.55,88,15.05
8/30/2025 22:00,14.05,89,15
8/30/2025 23:00,13.15,91,15
8/31/2025 0:00,14,85,14.8
8/31/2025 1:00,13.8,85,14.8
8/31/2025 2:00,13.7,81,14.7
8/31/2025 3:00,13.75,82,14.8
8/31/2025 4:00,13.35,85.5,14.75
8/31/2025 5:00,13.3,88.5,14.75
8/31/2025 6:00,13.95,83.5,14.75
8/31/2025 7:00,15.2,77,14.75
8/31/2025 8:00,16.05,72,14.75
8/31/2025 14:00,16.5,83,14.9
8/31/2025 15:00,16.9,83,14.9
8/31/2025 16:00,16.5,85,14.9
8/31/2025 17:00,16,88,14.9
8/31/2025 18:00,15.1,90,14.9
8/31/2025 19:00,14.9,93,14.9
8/31/2025 20:00,14.4,94,14.9
8/31/2025 21:00,14.3,93,14.75
8/31/2025 22:00,13.8,93.5,14.75
8/31/2025 23:00,13.05,95,14.75
9/1/2025 0:00,12.6,95.5,14.75
9/1/2025 1:00,12.1,97.5,14.75
9/1/2025 2:00,12.45,98,14.7
9/1/2025 3:00,12.05,96.5,14.7
9/1/2025 4:00,11.9,95.5,14.7
9/1/2025 5:00,12.65,94,14.7
9/1/2025 6:00,13.2,92.5,14.7
9/1/2025 7:00,13.95,96,14.7
9/1/2025 8:00,14.85,90.5,14.75
9/1/2025 9:00,18.8,76,14.6
9/1/2025 10:00,19.1,77,14.6
9/1/2025 11:00,17.5,81,14.6
9/1/2025 12:00,18.2,75,14.6
9/1/2025 13:00,17.5,76,14.6
9/1/2025 14:00,16.8,79,14.6
9/1/2025 15:00,15.6,97,14.6
9/1/2025 16:00,15.7,98,14.6
9/1/2025 17:00,15.9,98,14.6
9/1/2025 18:00,15.7,97,14.6
9/1/2025 19:00,15.4,97,14.6
9/1/2025 20:00,15.1,97,14.6
9/1/2025 21:00,16.25,83,14.7
9/1/2025 22:00,15.85,84.5,14.65
9/1/2025 23:00,15.95,83.5,14.6
9/2/2025 0:00,15.85,83,14.6
9/2/2025 1:00,15.35,89,14.6
9/2/2025 2:00,14.3,92,14.5
9/2/2025 3:00,13.45,96.5,14.5
9/2/2025 4:00,12.95,96.5,14.5
9/2/2025 5:00,12.9,94,14.5
9/2/2025 6:00,13.4,93,14.5
9/2/2025 7:00,14.5,93,14.55
9/2/2025 8:00,16.15,87,14.6
9/2/2025 9:00,17.8,78.5,14.7
9/2/2025 10:00,17.6,83,14.9
9/2/2025 11:00,20.1,68,14.9
9/2/2025 12:00,21.6,47,14.9
9/2/2025 13:00,21.6,44,14.9
9/2/2025 14:00,19.3,69.5,14.55
9/2/2025 15:00,19.75,67,14.55
9/2/2025 16:00,18.6,73,14.55
9/2/2025 17:00,17.75,75.5,14.55
9/2/2025 18:00,16.6,78,14.55
9/2/2025 19:00,16.05,77,14.5
9/2/2025 20:00,15.55,76,14.5
9/2/2025 21:00,15.35,75,14.5
9/2/2025 22:00,15,76.5,14.45
9/2/2025 23:00,14.75,77.5,14.35
9/3/2025 0:00,14.6,78.5,14.35
9/3/2025 1:00,14.45,81,14.35
9/3/2025 2:00,14.35,81.5,14.35
9/3/2025 3:00,14.45,81,14.35
9/3/2025 4:00,14.45,81.5,14.35
9/3/2025 5:00,14.7,80.5,14.35
9/3/2025 6:00,15.4,80,14.35
9/3/2025 7:00,16.4,74,14.35
9/3/2025 8:00,17.1,73,14.35
9/3/2025 9:00,17.65,70,14.4
9/3/2025 10:00,17.95,66.5,14.4
9/3/2025 11:00,17.35,71,14.5
9/3/2025 12:00,17.25,72.5,14.55
9/3/2025 13:00,16.1,84,14.4
9/3/2025 14:00,15,94,14.4
9/3/2025 15:00,14.7,95,14.4
9/3/2025 16:00,16.2,81.5,14.1
9/3/2025 17:00,15.65,81,14.05
9/3/2025 18:00,15.1,83.5,14.05
9/3/2025 19:00,14.85,84.5,14.05
9/3/2025 20:00,14.5,85.5,14
9/3/2025 21:00,14.15,85.5,14
9/3/2025 22:00,13.6,86,14
9/3/2025 23:00,13,87.5,14
9/4/2025 0:00,12.55,91,14
9/4/2025 1:00,12.65,92,14
9/4/2025 2:00,12.35,92,13.95
9/4/2025 3:00,11.85,92,13.95
9/4/2025 4:00,12,93.5,13.95
9/4/2025 5:00,12.4,93,13.95
9/4/2025 6:00,13.5,90,13.95
9/4/2025 7:00,14.8,83,13.95
9/4/2025 8:00,16.35,73,14
9/4/2025 9:00,17.15,66.5,14
9/4/2025 10:00,17.7,63.5,14
9/4/2025 11:00,18.5,61,14
9/4/2025 12:00,19.5,60,14.05
9/4/2025 13:00,19.55,62,14.05
9/4/2025 14:00,20,56,13.6
9/4/2025 15:00,19.4,58,13.6
9/4/2025 16:00,18.9,59,13.6
9/4/2025 17:00,17.8,63,13.6
9/4/2025 18:00,17.3,66,13.6
9/4/2025 19:00,15,75,12.85
9/4/2025 20:00,14.55,77.5,12.85
9/4/2025 21:00,14.1,79.5,12.85
9/4/2025 22:00,13.9,81.5,12.85
9/4/2025 23:00,13.8,82.5,12.8
9/5/2025 0:00,13.8,83,12.8
9/5/2025 1:00,13.75,90,12.8
9/5/2025 2:00,13.7,90.5,12.7
9/5/2025 3:00,13.45,91.5,12.7
9/5/2025 4:00,13.3,92.5,12.7
9/5/2025 5:00,13.85,91.5,12.7
9/5/2025 6:00,15,89,12.7
9/5/2025 7:00,16.2,85,12.7
9/5/2025 8:00,16.8,80,12.75
9/5/2025 9:00,17.3,78.5,12.75
9/5/2025 10:00,17.6,75,12.8
9/5/2025 11:00,16.9,87,12.1
9/5/2025 12:00,16.9,90,12.1
9/5/2025 13:00,15.1,97,12.1
9/5/2025 14:00,15.1,97,12.1
9/5/2025 15:00,15.5,93,12.1
9/5/2025 16:00,16,84,12.15
9/5/2025 17:00,15.4,84.5,12.15
9/5/2025 18:00,14.6,87,12.15
9/5/2025 19:00,13.5,91.5,12.15
9/5/2025 20:00,13.1,89.5,12.15
9/5/2025 21:00,12.65,89,12.15
9/5/2025 22:00,12.4,89,12.1
9/5/2025 23:00,12.1,89.5,12.1
9/6/2025 0:00,11.95,90.5,12.1
9/6/2025 1:00,11.25,94.5,12.1
9/6/2025 2:00,11.35,94.5,12.05
9/6/2025 3:00,11.8,93.5,12.05
9/6/2025 4:00,12.05,93,12.05
9/6/2025 5:00,12.6,92,12
9/6/2025 6:00,13.3,92,12
9/6/2025 7:00,14.4,89,12.1
9/6/2025 8:00,15,86,12.2
9/6/2025 9:00,15.6,82,12.2
9/6/2025 10:00,16,80,12.2
9/6/2025 11:00,16.5,77,12.3
9/6/2025 12:00,16.2,78,12.3
9/6/2025 13:00,15.3,86,12.3
9/6/2025 14:00,13.9,88,12.1
9/6/2025 15:00,13.5,91,12.1
9/6/2025 16:00,13,94.5,12.1
9/6/2025 17:00,12.5,95.5,12.05
9/6/2025 18:00,12.2,95.5,12.05
9/6/2025 19:00,11.5,97.5,12.05
9/6/2025 20:00,11.1,97,12.05
9/6/2025 21:00,10.4,96.5,12.05
9/6/2025 22:00,10.05,96.5,12
9/6/2025 23:00,9.8,98,12
9/7/2025 0:00,9.65,99,12
9/7/2025 1:00,8.75,98.5,12
9/7/2025 2:00,8.75,98.5,12
9/7/2025 3:00,8.85,99,12
9/7/2025 4:00,9.1,98,12
9/7/2025 5:00,9.45,97.5,12
9/7/2025 6:00,10.2,95,11.9
9/7/2025 7:00,10.3,94,11.9
9/7/2025 8:00,10.4,94,11.9
9/7/2025 9:00,13.65,83.5,12.7
9/7/2025 10:00,14.45,81,12.75
9/7/2025 11:00,15.05,78,12.75
9/7/2025 12:00,15.5,76.5,12.75
9/7/2025 13:00,15.55,76.5,12.75
9/7/2025 14:00,15.4,79,12.8
9/7/2025 15:00,15.2,79.5,12.8
9/7/2025 16:00,14.6,79,12.75
9/7/2025 17:00,13.65,82,12.7
9/7/2025 18:00,12.9,82.5,12.7
9/7/2025 19:00,12.65,83,12.7
9/7/2025 20:00,12.3,84.5,12.7
9/7/2025 21:00,11.95,86,12.7
9/7/2025 22:00,11.75,87.5,12.65
9/7/2025 23:00,13.1,92,13.4
9/8/2025 0:00,13,93,13.4
9/8/2025 1:00,12.9,94,13.4
9/8/2025 2:00,12.4,95,13.4
9/8/2025 2:00,12.65,93.5,13.75
9/8/2025 2:00,12.65,93.5,13.75
9/8/2025 2:00,12.9,92,14.1
9/8/2025 2:00,12.9,92,14.1
9/8/2025 2:00,13,95.5,14.35
9/8/2025 3:00,12.6,97.5,14.35
9/8/2025 4:00,12.45,99.5,14.35
9/8/2025 5:00,12.95,100,14.3
9/8/2025 6:00,13.5,98.5,14.3
9/8/2025 7:00,14.3,96.5,14.3
9/8/2025 8:00,15.55,90.5,14.3
9/8/2025 9:00,16.9,83.5,14.3
9/8/2025 10:00,17.75,79.5,14.3
9/8/2025 11:00,18.45,77,14.3
9/8/2025 12:00,18.95,75,14.3
9/8/2025 13:00,19.45,71.5,14.3
9/8/2025 14:00,19.8,70,14.3
9/8/2025 15:00,19.75,69.5,14.3
9/8/2025 16:00,19.2,73.5,14.3
9/8/2025 17:00,17.7,80,14.3
9/8/2025 18:00,16.05,85,14.3
9/8/2025 19:00,15.4,86.5,14.3
9/8/2025 20:00,15.1,85,14.25
9/8/2025 21:00,14.75,85,14.25
9/8/2025 22:00,14.35,85.5,14.25
9/8/2025 23:00,13.9,88,14.25
9/9/2025 0:00,13.3,90,14.25
9/9/2025 1:00,13,91.5,14.25
9/9/2025 2:00,12.95,90.5,14.25
9/9/2025 3:00,12.9,88,14.4
9/9/2025 4:00,13,88,14.4
9/9/2025 5:00,13.55,81,14.75
9/9/2025 6:00,14.5,79,14.75
9/9/2025 7:00,15.85,77,14.75
9/9/2025 8:00,17.2,70,14.85
9/9/2025 9:00,18.2,65,14.85
9/9/2025 10:00,18.6,63.5,14.95
9/9/2025 11:00,18.3,67,15
9/9/2025 12:00,18.1,68.5,15.05
9/9/2025 13:00,18.3,72,15.1
9/9/2025 14:00,17.75,78.5,15.1
9/9/2025 15:00,17.2,80.5,15.1
9/9/2025 16:00,16.45,82.5,15.15
9/9/2025 17:00,15.25,90.5,15.15
9/9/2025 18:00,13.75,92,15.15
9/9/2025 19:00,13.3,92.5,15.15
9/9/2025 20:00,13,93,15.1
9/9/2025 21:00,12.9,96,15.3
9/9/2025 22:00,12.9,95,15.2
9/9/2025 23:00,13.65,86,15.6
9/10/2025 0:00,13.6,85.5,15.55
9/10/2025 1:00,13.1,87,15.55
9/10/2025 2:00,13.1,85,15.55
9/10/2025 3:00,13.35,84,15.55
9/10/2025 4:00,13.55,83.5,15.55
9/10/2025 5:00,14.1,83.5,15.55
9/10/2025 6:00,16.1,76,15.9
9/10/2025 7:00,17.3,74,15.9
9/10/2025 8:00,18.4,71,15.9
9/10/2025 9:00,19.4,64,16
9/10/2025 10:00,20.5,60.5,15.8
9/10/2025 11:00,21.4,54.5,15.85
9/10/2025 12:00,22.25,49.5,15.85
9/10/2025 13:00,22.55,45,15.85
9/10/2025 14:00,22.35,45.5,15.8
9/10/2025 15:00,21.55,49.5,15.8
9/10/2025 16:00,21.2,53,15.6
9/10/2025 17:00,19.8,56,15.5
9/10/2025 18:00,18.3,59.5,15.35
9/10/2025 19:00,16.95,61.5,15.3
9/10/2025 20:00,16.25,63,15.25
9/10/2025 21:00,15.55,66.5,15.25
9/10/2025 22:00,14.9,70.5,15.25
9/10/2025 23:00,14.5,73,15.2
9/11/2025 0:00,13.5,77,14.9
9/11/2025 1:00,14.9,72,14.9
9/11/2025 2:00,14.7,73,14.9
9/11/2025 3:00,13.75,85.5,15.45
9/11/2025 4:00,13.55,84.5,15.4
9/11/2025 5:00,13,87,15.4
9/11/2025 6:00,12.75,91.5,15.4
9/11/2025 7:00,13.45,93.5,15.4
9/11/2025 8:00,15.3,89.5,15.4
9/11/2025 14:00,19.6,46,15.9
9/11/2025 15:00,15.2,79,15.8
9/11/2025 16:00,13.8,96,15.8
9/11/2025 17:00,13.3,93,15.8
9/11/2025 18:00,13.1,96,15.7
9/11/2025 19:00,12.9,96,15.6
9/11/2025 20:00,11.9,95,15.6
9/11/2025 21:00,12.7,91,15.2
9/11/2025 22:00,12.4,93.5,15.1
9/11/2025 23:00,12.35,95,15.1
9/12/2025 0:00,12.2,95,15.1
9/12/2025 1:00,12.05,90.5,15.05
9/12/2025 2:00,11.65,91,15
9/12/2025 3:00,11.6,89.5,14.95
9/12/2025 4:00,11.35,90,14.9
9/12/2025 5:00,11.05,91.5,14.9
9/12/2025 6:00,11.55,89.5,14.9
9/12/2025 7:00,12.95,87,14.9
9/12/2025 8:00,14.8,77,14.9
9/12/2025 9:00,16.5,75,14.6
9/12/2025 10:00,17.8,69,14.7
9/12/2025 11:00,19.1,59,14.7
9/12/2025 12:00,20.2,47,14.7
9/12/2025 13:00,19.8,43,14.7
9/12/2025 14:00,19.5,46,14.7
9/12/2025 15:00,16.2,64,14.7
9/12/2025 16:00,14.2,82,14.7
9/12/2025 17:00,14.1,86,14.7
9/12/2025 18:00,12.8,93,14.7
9/12/2025 19:00,12.1,93,14.6
9/12/2025 20:00,11.4,93,14.6
9/12/2025 21:00,12.85,77.5,14.85
9/12/2025 22:00,12.55,77.5,14.8
9/12/2025 23:00,12.2,78,14.75
9/13/2025 0:00,11.45,79.5,14.75
9/13/2025 1:00,11.7,84,14.75
9/13/2025 2:00,11.1,84.5,14.75
9/13/2025 3:00,10.85,84.5,14.7
9/13/2025 4:00,10.8,81,14.7
9/13/2025 5:00,10.35,82.5,14.65
9/13/2025 6:00,11.2,82.5,14.65
9/13/2025 7:00,12.15,83,14.65
9/13/2025 8:00,13.65,78,14.65
9/13/2025 9:00,15.2,66.5,14.65
9/13/2025 10:00,16.5,53,15.1
9/13/2025 11:00,17.5,48,15.1
9/13/2025 12:00,18.4,43,15.1
9/13/2025 13:00,16.8,63,15.1
9/13/2025 14:00,15.65,68,14.85
9/13/2025 15:00,16.25,59.5,14.85
9/13/2025 16:00,15.75,61.5,14.85
9/13/2025 17:00,14.3,71.5,14.85
9/13/2025 18:00,13.45,73.5,14.85
9/13/2025 19:00,12.9,74.5,14.85
9/13/2025 20:00,12.15,76.5,14.75
9/13/2025 21:00,11.8,78.5,14.75
9/13/2025 22:00,11.7,79.5,14.75
9/13/2025 23:00,11.8,79,14.65
9/14/2025 0:00,11.65,79.5,14.65
9/14/2025 1:00,11.55,79,14.65
9/14/2025 2:00,11.3,80.5,14.65
9/14/2025 3:00,11.3,80,14.65
9/14/2025 4:00,11.1,79.5,14.65
9/14/2025 5:00,11.5,78.5,14.55
9/14/2025 6:00,12.5,76.5,14.55
9/14/2025 7:00,13.25,78,14.55
9/14/2025 8:00,14.35,76,14.55
9/14/2025 9:00,15.55,68,14.6
9/14/2025 10:00,16.45,61.5,14.65
9/14/2025 11:00,17.05,55.5,14.65
9/14/2025 12:00,17.65,51.5,14.65
9/14/2025 13:00,17.1,54,14.4
9/14/2025 14:00,17.2,53,14.4
9/14/2025 15:00,17.1,57,14.3
9/14/2025 16:00,14.6,71,13.6
9/14/2025 17:00,13.15,77.5,13.55
9/14/2025 18:00,12,81.5,13.55
9/14/2025 19:00,11.5,84,13.55
9/14/2025 20:00,11,85.5,13.55
9/14/2025 21:00,10.45,87.5,13.5
9/14/2025 22:00,9.85,89.5,13.45
9/14/2025 23:00,9.5,90,13.45
9/15/2025 0:00,9.1,91,13.45
9/15/2025 1:00,8.65,93.5,13.4
9/15/2025 2:00,8.3,93.5,13.35
9/15/2025 3:00,8.4,91.5,13.3
9/15/2025 4:00,8.2,91.5,13.25
9/15/2025 5:00,8.85,90.5,13.25
9/15/2025 6:00,9.8,87.5,13.25
9/15/2025 7:00,11.15,82.5,13.25
9/15/2025 8:00,12.65,79,13.25
9/15/2025 9:00,14.15,71,13.25
9/15/2025 10:00,15.15,65.5,13.3
9/15/2025 11:00,15.85,62,13.3
9/15/2025 12:00,16.1,58.5,13.3
9/15/2025 13:00,16.05,53.5,13.3
9/15/2025 14:00,15.4,58,12.7
9/15/2025 15:00,14.9,60,12.6
9/15/2025 16:00,13.5,71,12.6
9/15/2025 17:00,11.9,79,12.6
9/15/2025 18:00,11.3,81,12.6
9/15/2025 19:00,10.25,86.5,12.15
9/15/2025 20:00,10.2,86,12.05
9/15/2025 21:00,10.25,85,12.05
9/15/2025 22:00,10.1,86.5,12.05
9/15/2025 23:00,9.9,89.5,12
9/16/2025 0:00,9.75,92.5,12
9/16/2025 1:00,10.1,92,12
9/16/2025 2:00,10.1,94,12
9/16/2025 3:00,10.1,96,12
9/16/2025 4:00,10.1,96.5,12
9/16/2025 5:00,10.2,97,12
9/16/2025 6:00,10.3,97.5,12
9/16/2025 7:00,10.5,97.5,12
9/16/2025 8:00,10.6,98,12
9/16/2025 9:00,10.8,98,12
9/16/2025 10:00,10.9,97,12
9/16/2025 11:00,10.6,97,11.7
9/16/2025 12:00,10.6,98,11.7
9/16/2025 13:00,10.7,98,11.7
9/16/2025 14:00,10.6,99,11.7
9/16/2025 15:00,10.6,99,11.6
9/16/2025 16:00,11.5,86.5,11.35
9/16/2025 17:00,11,88.5,11.35
9/16/2025 18:00,10.65,89.5,11.35
9/16/2025 19:00,10.15,91,11.35
9/16/2025 20:00,10.4,90.5,11.35
9/16/2025 21:00,10,89.5,11.35
9/16/2025 22:00,9.65,89,11.35
9/16/2025 23:00,9.65,88,11.25
9/17/2025 0:00,10.05,88,11.25
9/17/2025 1:00,10.2,92,11.25
9/17/2025 2:00,10.25,92.5,11.25
9/17/2025 3:00,10.35,92,11.25
9/17/2025 4:00,10.35,93.5,11.25
9/17/2025 5:00,10.45,93.5,11.3
9/17/2025 6:00,10.6,97,11.3
9/17/2025 7:00,11.2,95,11.1
9/17/2025 8:00,12.1,91,11.1
9/17/2025 9:00,12.8,88,11.1
9/17/2025 10:00,13.1,86,11.2
9/17/2025 11:00,13.9,82,11.2
9/17/2025 12:00,14.6,73,11.2
9/17/2025 13:00,13.7,81,11.2
9/17/2025 14:00,12.35,89,11.4
9/17/2025 15:00,12.2,90.5,11.4
9/17/2025 16:00,11.1,93,11.35
9/17/2025 17:00,10.6,94.5,11.35
9/17/2025 18:00,10.45,95,11.35
9/17/2025 19:00,10.1,95.5,11.35
9/17/2025 20:00,9.8,97,11.35
9/17/2025 21:00,9.65,98,11.35
9/17/2025 22:00,9.6,98,11.35
9/17/2025 23:00,9.4,98.5,11.35
9/18/2025 0:00,8.8,99,11.35
9/18/2025 1:00,9.8,98,11.35
9/18/2025 2:00,9.75,94,11.35
9/18/2025 3:00,9.4,98,11.35
9/18/2025 4:00,9.45,98,11.35
9/18/2025 5:00,9.85,97,11.35
9/18/2025 6:00,10.1,97,11.6
9/18/2025 7:00,9.8,99,11.6
9/18/2025 8:00,9.6,91,11.6
9/18/2025 9:00,9.65,82.5,11.85
9/18/2025 10:00,9.75,80,11.85
9/18/2025 11:00,9.65,79.5,11.85
9/18/2025 12:00,9.55,80,11.85
9/18/2025 13:00,10.2,78,11.85
9/18/2025 14:00,10.2,77,11.85
9/18/2025 15:00,10,77,11.85
9/18/2025 16:00,9.35,81,11.85
9/18/2025 17:00,8.8,84.5,11.8
9/18/2025 18:00,8.2,86.5,11.8
9/18/2025 19:00,7.8,86.5,11.8
9/18/2025 20:00,7.5,87,11.8
9/18/2025 21:00,7.6,86.5,11.75
9/18/2025 22:00,7.45,87,11.75
9/18/2025 23:00,5.5,92,11.9
9/19/2025 0:00,5.6,92,11.9
9/19/2025 1:00,5.5,94,11.9
9/19/2025 2:00,5.5,94,11.9
9/19/2025 2:00,5.65,96.5,12.55
9/19/2025 2:00,5.65,96.5,12.55
9/19/2025 2:00,5.8,99,13.2
9/19/2025 2:00,5.8,99,13.2
9/19/2025 2:00,5.9,99,13.2
9/19/2025 3:00,6,98.5,13.2
9/19/2025 4:00,6.2,98,13.2
9/19/2025 5:00,6.35,97,13.2
9/19/2025 6:00,7.4,94,13.2
9/19/2025 7:00,8.4,86.5,13.2
9/19/2025 8:00,9.35,71.5,13.2
9/19/2025 9:00,10.1,63.5,13.2
9/19/2025 10:00,10.65,59.5,13.2
9/19/2025 11:00,11,57,13.2
9/19/2025 12:00,11.35,55,13.2
9/19/2025 13:00,11.4,56.5,13.2
9/19/2025 14:00,11.45,56,13.2
9/19/2025 15:00,11.05,58.5,13.2
9/19/2025 16:00,10.1,69,13.2
9/19/2025 17:00,8.6,77.5,13.2
9/19/2025 18:00,7.9,83.5,13.2
9/19/2025 19:00,8.25,83.5,13.2
9/19/2025 20:00,8,82,13.2
9/19/2025 21:00,7.95,78.5,13.2
9/19/2025 22:00,7.95,78.5,13.2
9/19/2025 23:00,7.85,79.5,13.2
9/20/2025 0:00,8.05,78,13.2
9/20/2025 1:00,7.35,80,13.2
9/20/2025 2:00,7.4,81,13.2
9/20/2025 3:00,8.8,94,13.3
9/20/2025 4:00,9.2,88,13.3
9/20/2025 5:00,9.65,89.5,13.6
9/20/2025 6:00,10.15,90,13.6
9/20/2025 7:00,10.45,90,13.6
9/20/2025 8:00,11.25,84.5,13.6
9/20/2025 9:00,11.8,82.5,13.65
9/20/2025 10:00,12.2,79.5,13.65
9/20/2025 11:00,12.7,76.5,13.65
9/20/2025 12:00,11.8,83,13.65
9/20/2025 13:00,11.7,84,13.65
9/20/2025 14:00,11.5,86.5,13.65
9/20/2025 15:00,11.5,86,13.65
9/20/2025 16:00,11.25,85.5,13.65
9/20/2025 17:00,10.15,92,13.6
9/20/2025 18:00,10.25,90.5,13.6
9/20/2025 19:00,9.5,88.5,13.6
9/20/2025 20:00,9.4,90,13.55
9/20/2025 21:00,9.7,90,13.9
9/20/2025 22:00,9.8,91,13.9
9/20/2025 23:00,9.85,91,14
9/21/2025 0:00,9.75,91,13.95
9/21/2025 1:00,8.8,89,13.9
9/21/2025 2:00,8.5,89,13.9
9/21/2025 3:00,8.45,88.5,13.9
9/21/2025 4:00,8.65,88,13.9
9/21/2025 5:00,8.8,90.5,13.9
9/21/2025 6:00,8.6,95,13.9
9/21/2025 7:00,8.7,94,13.9
9/21/2025 8:00,9.9,90,13.9
9/21/2025 9:00,10.9,91,13.9
9/21/2025 10:00,10.75,79.5,14.4
9/21/2025 11:00,10.15,84,14.4
9/21/2025 12:00,10.2,79,14.4
9/21/2025 13:00,10.05,83,14.4
9/21/2025 14:00,9.85,83,14.45
9/21/2025 15:00,9.6,80,14.45
9/21/2025 16:00,9.3,90,14.9
9/21/2025 17:00,9,91,14.9
9/21/2025 18:00,8.9,89,14.5
9/21/2025 19:00,8.3,91,14.5
9/21/2025 20:00,8.55,89.5,14.5
9/21/2025 21:00,8.1,88,14.5
9/21/2025 22:00,7.85,89.5,14.4
9/21/2025 23:00,8.05,86.5,14.35
9/22/2025 0:00,8,81,13.9
9/22/2025 1:00,8.8,71,13.9
9/22/2025 2:00,8,75,13.9
9/22/2025 3:00,6.45,84.5,14.25
9/22/2025 4:00,6.2,86.5,14.2
9/22/2025 5:00,5.7,90.5,14.2
9/22/2025 6:00,6.1,90.5,14.2
9/22/2025 7:00,6.3,89,14.2
9/22/2025 8:00,6.6,89,14.25
9/22/2025 14:00,7.1,87,14.8
9/22/2025 15:00,8.1,82,14.8
9/22/2025 16:00,8.4,76,14.8
9/22/2025 17:00,7.9,77,14.7
9/22/2025 18:00,6.6,84,14.7
9/22/2025 19:00,6.4,85,14.6
9/22/2025 20:00,6.1,87,14.6
9/22/2025 21:00,6.35,91,14.2
9/22/2025 22:00,5.55,93.5,14.1
9/22/2025 23:00,5.35,93,14.05
9/23/2025 0:00,5.2,92.5,14
9/23/2025 1:00,4.6,93,14
9/23/2025 2:00,4.75,95,14
9/23/2025 3:00,4.9,93,14
9/23/2025 4:00,4.25,95.5,13.95
9/23/2025 5:00,4.05,97,13.95
9/23/2025 6:00,4.2,97,13.95
9/23/2025 7:00,5.75,93.5,13.95
9/23/2025 8:00,7.3,90,13.95
9/23/2025 9:00,9.4,76,13.6
9/23/2025 10:00,10,71,13.6
9/23/2025 11:00,10.7,68,13.7
9/23/2025 12:00,10.8,69,13.7
9/23/2025 13:00,11.2,66,13.7
9/23/2025 14:00,10.9,69,13.7
9/23/2025 15:00,10.4,72,13.7
9/23/2025 16:00,10.3,74,13.7
9/23/2025 17:00,10,75,13.6
9/23/2025 18:00,9.7,76,13.6
9/23/2025 19:00,8.9,80,13.6
9/23/2025 20:00,8.9,85,13.6
9/23/2025 21:00,8.4,83,13.6
9/23/2025 22:00,8.65,80.5,13.5
9/23/2025 23:00,8.75,77.5,13.45
9/24/2025 0:00,9.1,74,13.4
9/24/2025 1:00,8.8,79,13.4
9/24/2025 2:00,8.85,79,13.4
9/24/2025 3:00,8.85,78,13.4
9/24/2025 4:00,9,77.5,13.35
9/24/2025 5:00,9.1,76,13.3
9/24/2025 6:00,9.2,77.5,13.3
9/24/2025 7:00,9.45,78,13.3
9/24/2025 8:00,9.95,75.5,13.3
9/24/2025 9:00,10.75,71,13.25
9/24/2025 10:00,11.1,70,13.2
9/24/2025 11:00,11.5,68,13.2
9/24/2025 12:00,11.8,69,13.2
9/24/2025 13:00,11.9,70,13.2
9/24/2025 14:00,11,78.5,12.55
9/24/2025 15:00,10.5,84,12.55
9/24/2025 16:00,10.85,82,12.55
9/24/2025 17:00,10.6,82,12.55
9/24/2025 18:00,10.35,85,12.55
9/24/2025 19:00,10.35,85,12.55
9/24/2025 20:00,10.35,83.5,12.55
9/24/2025 21:00,10.6,81,12.55
9/24/2025 22:00,10.75,79.5,12.45
9/24/2025 23:00,10.4,82.5,12.45
9/25/2025 0:00,10.1,82.5,12.45
9/25/2025 1:00,9.3,85.5,12.45
9/25/2025 2:00,8.8,87,12.45
9/25/2025 3:00,8.5,88,12.45
9/25/2025 4:00,8.5,86,12.45
9/25/2025 5:00,8.35,86.5,12.45
9/25/2025 6:00,8.35,86.5,12.4
9/25/2025 7:00,8.4,86.5,12.35
9/25/2025 8:00,8.85,86.5,12.35
9/25/2025 9:00,9.85,83.5,12.35
9/25/2025 10:00,10.8,81,12.35
9/25/2025 11:00,11.4,79.5,12.35
9/25/2025 12:00,11.75,76,12.35
9/25/2025 13:00,11.4,92,11.8
9/25/2025 14:00,11.1,91,11.8
9/25/2025 15:00,11,93,11.8
9/25/2025 16:00,10.4,92.5,10.55
9/25/2025 17:00,10,98,10.55
9/25/2025 18:00,10.1,97.5,10.55
9/25/2025 19:00,10.25,96,10.55
9/25/2025 20:00,10.35,94.5,10.5
9/25/2025 21:00,10.1,95,10.45
9/25/2025 22:00,10.2,93.5,10.4
9/25/2025 23:00,10.15,93,10.4
9/26/2025 0:00,10.25,93,10.4
9/26/2025 1:00,10.5,91,10.35
9/26/2025 2:00,10.45,92.5,10.35
9/26/2025 3:00,10.45,91,10.35
9/26/2025 4:00,10.5,92,10.3
9/26/2025 5:00,10.5,92,10.25
9/26/2025 6:00,10.6,94,10.25
9/26/2025 7:00,10.55,95,10.25
9/26/2025 8:00,10.75,94,10.25
9/26/2025 9:00,10.8,95,10.3
9/26/2025 10:00,10.95,93,10.3
9/26/2025 11:00,10.9,92.5,10.3
9/26/2025 12:00,11.05,91.5,10.3
9/26/2025 13:00,11.3,92.5,10.3
9/26/2025 14:00,10.7,98,8.9
9/26/2025 15:00,10.8,98,8.9
9/26/2025 16:00,10.8,98,8.9
9/26/2025 17:00,10.8,98,8.9
9/26/2025 18:00,10.7,98,8.9
9/26/2025 19:00,9.8,94.5,9.8
9/26/2025 20:00,9.75,95,9.75
9/26/2025 21:00,9.85,94,9.75
9/26/2025 22:00,9.75,93,9.75
9/26/2025 23:00,10.1,91,9.75
9/27/2025 0:00,10.3,89.5,9.75
9/27/2025 1:00,10.4,88,9.75
9/27/2025 2:00,10.35,84.5,9.75
9/27/2025 3:00,10.25,83,9.75
9/27/2025 4:00,9.95,82,9.75
9/27/2025 5:00,9.9,81,9.75
9/27/2025 6:00,10.05,78.5,9.75
9/27/2025 7:00,10.6,74,9.75
9/27/2025 8:00,11.45,70,9.75
9/27/2025 9:00,12.15,64,9.75
9/27/2025 10:00,12.55,61,9.75
9/27/2025 11:00,11.6,69,10.6
9/27/2025 12:00,11.5,68,10.6
9/27/2025 13:00,11.8,68,10.6
9/27/2025 14:00,11.6,69,10.6
9/27/2025 15:00,11.1,70,10.6
9/27/2025 16:00,9.25,80,11
9/27/2025 17:00,8.7,81,10.95
9/27/2025 18:00,8.3,82,10.95
9/27/2025 19:00,7.95,82,10.95
9/27/2025 20:00,7.7,82.5,10.95
9/27/2025 21:00,7.45,83.5,10.9
9/27/2025 22:00,7.25,83.5,10.85
9/27/2025 23:00,7.05,83.5,10.85
9/28/2025 0:00,6.7,85,10.85
9/28/2025 1:00,5.6,87.5,10.85
9/28/2025 2:00,5.7,86.5,10.85
9/28/2025 3:00,5.8,87,10.85
9/28/2025 4:00,5.65,88,10.85
9/28/2025 5:00,5.7,88.5,10.85
9/28/2025 6:00,6.55,86,10.85
9/28/2025 7:00,6.2,94,11.1
9/28/2025 8:00,7.4,88,11.1
9/28/2025 9:00,8.6,83,11.1
9/28/2025 10:00,9.8,76,11.1
9/28/2025 11:00,10.3,73,11.1
9/28/2025 12:00,10.4,72,11.1
9/28/2025 13:00,10.6,74,11.1
9/28/2025 14:00,10.35,76.5,10.85
9/28/2025 15:00,9.25,79.5,10.8
9/28/2025 16:00,8.3,82.5,10.75
9/28/2025 17:00,8,83,10.75
9/28/2025 18:00,7.85,83.5,10.75
9/28/2025 19:00,7.5,86,10.75
9/28/2025 20:00,7.45,87,10.75
9/28/2025 21:00,7.35,86.5,10.75
9/28/2025 22:00,7.15,88,10.8
9/28/2025 23:00,6.9,88,10.85
9/29/2025 0:00,6.9,87.5,10.85
9/29/2025 1:00,6.55,87,10.85
9/29/2025 2:00,6.7,86,10.85
9/29/2025 3:00,6.95,85.5,10.85
9/29/2025 4:00,7.1,85,10.9
9/29/2025 5:00,7.25,85,10.9
9/29/2025 6:00,9.6,73,10.6
9/29/2025 7:00,10.1,74,10.6
9/29/2025 8:00,10.5,75,10.6
9/29/2025 9:00,11.75,66.5,9.7
9/29/2025 10:00,12.5,64,9.75
9/29/2025 11:00,12.7,63.5,9.8
9/29/2025 12:00,12.65,67,9.85
9/29/2025 13:00,13.45,64,9.85
9/29/2025 14:00,12.75,66,9.9
9/29/2025 15:00,11.65,69.5,9.9
9/29/2025 16:00,10.8,71.5,9.85
9/29/2025 17:00,10.5,72,9.85
9/29/2025 18:00,10.5,73,9.85
9/29/2025 19:00,10.35,73.5,9.85
9/29/2025 20:00,10.1,79,9.8
9/29/2025 21:00,9.75,87.5,9.8
9/29/2025 22:00,9.25,85,9.8
9/29/2025 23:00,9,97,8.9
9/30/2025 0:00,9.1,94,8.9
9/30/2025 1:00,8.9,98,8.9
9/30/2025 2:00,8.7,97,8.9
9/30/2025 2:00,8.7,93,10.6
9/30/2025 2:00,8.7,93,10.6
9/30/2025 2:00,8.7,89,12.3
9/30/2025 2:00,8.7,89,12.3
9/30/2025 2:00,8.4,90,11.45
9/30/2025 3:00,8.15,91,11.45
9/30/2025 4:00,7.9,92.5,11.45
9/30/2025 5:00,7.7,93.5,11.45
9/30/2025 6:00,8.1,92.5,11.45
9/30/2025 7:00,9.4,89.5,11.45
9/30/2025 8:00,10.5,85.5,11.4
9/30/2025 9:00,11.35,80.5,11.4
9/30/2025 10:00,12.2,75.5,11.4
9/30/2025 11:00,12.8,73,11.35
9/30/2025 12:00,13.15,71.5,11.35
9/30/2025 13:00,13.3,72,11.35
9/30/2025 14:00,13.1,72.5,11.35
9/30/2025 15:00,12.25,76.5,11.35
9/30/2025 16:00,10.65,83.5,11.3
9/30/2025 17:00,9.6,87.5,11.25
9/30/2025 18:00,9.6,87,11.25
9/30/2025 19:00,9.1,87.5,11.25
9/30/2025 20:00,9,88.5,11.2
9/30/2025 21:00,9.35,89.5,11.2
9/30/2025 22:00,9.15,91,11.2
9/30/2025 23:00,9.05,92.5,11.2
10/1/2025 0:00,8.95,91.5,11.2
10/1/2025 1:00,8.85,92,11.2
10/1/2025 2:00,8.7,92,11.15
10/1/2025 3:00,6.8,91,10.1
10/1/2025 4:00,6.8,91,10.1
10/1/2025 5:00,7.45,90,11.15
10/1/2025 6:00,7.4,90.5,11.15
10/1/2025 7:00,8.2,89,11.15
10/1/2025 8:00,9.45,84,11.15
10/1/2025 9:00,10.7,78,11.15
10/1/2025 10:00,11.9,70.5,11.15
10/1/2025 11:00,12.7,66,11.15
10/1/2025 12:00,13.2,65,11.15
10/1/2025 13:00,13.65,61,11.15
10/1/2025 14:00,13.5,60.5,11.15
10/1/2025 15:00,12.85,64,11.15
10/1/2025 16:00,11.85,62.5,11.1
10/1/2025 17:00,10.7,64,11.1
10/1/2025 18:00,10.2,66,11.1
10/1/2025 19:00,9.65,68.5,11.1
10/1/2025 20:00,9.2,71.5,11.1
10/1/2025 21:00,10.1,63,12.1
10/1/2025 22:00,9.9,63,12.1
10/1/2025 23:00,9.55,63,11.45
10/2/2025 0:00,9.3,64,11.45
10/2/2025 1:00,8.95,66,11.45
10/2/2025 2:00,8.9,67,11.4
10/2/2025 3:00,8.8,69,11.4
10/2/2025 4:00,8.85,70,11.35
10/2/2025 5:00,8.9,70,11.35
10/2/2025 6:00,8.7,76,10.8
10/2/2025 7:00,9.8,75,10.8
10/2/2025 8:00,10.6,73,10.8
10/2/2025 9:00,12.3,61,10.9
10/2/2025 10:00,13.75,64,11.55
10/2/2025 11:00,14.15,64.5,11.6
10/2/2025 12:00,14.5,64.5,11.6
10/2/2025 13:00,14.05,69,11.6
10/2/2025 14:00,13.7,72.5,11.6
10/2/2025 15:00,13.05,80,11.6
10/2/2025 16:00,11.4,98,12.3
10/2/2025 17:00,11.5,95,12.3
10/2/2025 18:00,12.2,85.5,12.2
10/2/2025 19:00,12.3,83.5,12.2
10/2/2025 20:00,12.3,82,12.15
10/2/2025 21:00,12.1,84.5,12.1
10/2/2025 22:00,11.65,86.5,12.05
10/2/2025 23:00,11.1,89,12.05
10/3/2025 0:00,10.8,94,11.9
10/3/2025 1:00,10.9,94,11.9
10/3/2025 2:00,10.8,91,11.9
10/3/2025 3:00,11.4,74,12.3
10/3/2025 4:00,11.3,74.5,12.3
10/3/2025 5:00,11.25,74.5,12.3
10/3/2025 6:00,11.7,74.5,12.3
10/3/2025 7:00,12.1,74.5,12.3
10/3/2025 8:00,12.9,70.5,12.3
10/3/2025 14:00,12.6,61,12.8
10/3/2025 15:00,12.6,60,12.8
10/3/2025 16:00,12.9,57,12.7
10/3/2025 17:00,12.9,55,12.7
10/3/2025 18:00,13.6,54,12.7
10/3/2025 19:00,13.4,53,12.7
10/3/2025 20:00,12.8,56,12.6
10/3/2025 21:00,12.95,54.5,12.15
10/3/2025 22:00,12.5,58.5,12.15
10/3/2025 23:00,10.7,74,12.15
10/4/2025 0:00,10.1,81.5,12.15
10/4/2025 1:00,10.15,80,12.15
10/4/2025 2:00,10.05,80,12.15
10/4/2025 3:00,9.25,86.5,12.15
10/4/2025 4:00,8.9,89,12.1
10/4/2025 5:00,9.15,84.5,12.1
10/4/2025 6:00,10.05,73.5,12.1
10/4/2025 7:00,10.65,67.5,12.1
10/4/2025 8:00,11.3,63,12.1
10/4/2025 9:00,12.4,49,11.7
10/4/2025 10:00,13.3,46,11.7
10/4/2025 11:00,13.9,41,11.7
10/4/2025 12:00,14.5,42,11.7
10/4/2025 13:00,14.7,43,11.7
10/4/2025 14:00,14.5,45,11.7
10/4/2025 15:00,13.7,48,11.7
10/4/2025 16:00,12.9,51,11.7
10/4/2025 17:00,12.3,52,11.7
10/4/2025 18:00,12,54,11.7
10/4/2025 19:00,11.6,55,11.7
10/4/2025 20:00,12,54,11.7
10/4/2025 21:00,10.15,59.5,11.45
10/4/2025 22:00,9.75,58.5,11.35
10/4/2025 23:00,9.7,59.5,11.35
10/5/2025 0:00,10.45,58.5,11.35
10/5/2025 1:00,10.4,59.5,11.35
10/5/2025 2:00,10,62,11.35
10/5/2025 3:00,9.7,65,11.35
10/5/2025 4:00,9.75,66.5,11.35
10/5/2025 5:00,9.4,68.5,11.35
10/5/2025 6:00,9.35,72.5,11.35
10/5/2025 7:00,9.8,72.5,11.35
10/5/2025 8:00,11.05,71,11.35
10/5/2025 9:00,12.2,65.5,11.35
10/5/2025 10:00,11.6,60,11.1
10/5/2025 11:00,12.9,54,11.1
10/5/2025 12:00,13.8,54,11.1
10/5/2025 13:00,13.9,51,11.1
10/5/2025 14:00,12.15,58,10.6
10/5/2025 15:00,12.05,60,10.65
10/5/2025 16:00,11.6,61.5,10.6
10/5/2025 17:00,11.2,63,10.6
10/5/2025 18:00,11,71,10.55
10/5/2025 19:00,10.65,72.5,10.55
10/5/2025 20:00,10.7,71,10.55
10/5/2025 21:00,10.8,70.5,10.5
10/5/2025 22:00,10.35,79,10.5
10/5/2025 23:00,10.25,80.5,10.45
10/6/2025 0:00,9.95,83,10.45
10/6/2025 1:00,10.2,83,10.45
10/6/2025 2:00,10,84,10.45
10/6/2025 3:00,10.2,83.5,10.35
10/6/2025 4:00,9.9,85.5,10.35
10/6/2025 5:00,9.45,86,10.25
10/6/2025 6:00,9.7,85,10.25
10/6/2025 7:00,9.5,88,10.25
10/6/2025 8:00,10.25,88,10.25
10/6/2025 9:00,11.25,78.5,10.25
10/6/2025 10:00,12,73,10.3
10/6/2025 11:00,12.8,66.5,10.3
10/6/2025 12:00,12.3,68.5,10.3
10/6/2025 13:00,11.3,76,10
10/6/2025 14:00,11.5,70,10
10/6/2025 15:00,11,76,10
10/6/2025 16:00,8.7,86.5,9.2
10/6/2025 17:00,8.45,88,9.2
10/6/2025 18:00,8.4,87,9.2
10/6/2025 19:00,8.5,82,9.2
10/6/2025 20:00,8.3,81.5,9.15
10/6/2025 21:00,8.15,81.5,9.15
10/6/2025 22:00,7.6,86,9.15
10/6/2025 23:00,7.15,90.5,9.1
10/7/2025 0:00,7.1,88.5,9.1
10/7/2025 1:00,7.2,85.5,9.1
10/7/2025 2:00,7.35,83,9.05
10/7/2025 3:00,7.15,85,9
10/7/2025 4:00,6.45,96,9.05
10/7/2025 5:00,6.65,94.5,9
10/7/2025 6:00,7,96.5,9
10/7/2025 7:00,8.5,93.5,9
10/7/2025 8:00,9.6,89,9
10/7/2025 9:00,10.4,85,9
10/7/2025 10:00,10.95,83.5,9
10/7/2025 11:00,11.25,84,9.05
10/7/2025 12:00,10.85,90.5,9.05
10/7/2025 13:00,11,91,9.05
10/7/2025 14:00,10.6,85,8.2
10/7/2025 15:00,9.5,96,8.2
10/7/2025 16:00,9.5,97,8.2
10/7/2025 17:00,9.8,93,8.2
10/7/2025 18:00,10.2,94,8.2
10/7/2025 19:00,9.95,88,9.2
10/7/2025 20:00,9.7,89.5,9.2
10/7/2025 21:00,9.55,90.5,9.2
10/7/2025 22:00,9.35,92,9.2
10/7/2025 23:00,9.1,92,9.15
10/8/2025 0:00,8.8,92,9.15
10/8/2025 1:00,8.55,92.5,9.15
10/8/2025 2:00,8.05,92.5,9.15
10/8/2025 3:00,7.6,93.5,9.1
10/8/2025 4:00,7.35,94,9.1
10/8/2025 5:00,7.25,93.5,9.15
10/8/2025 6:00,7.2,92,9.15
10/8/2025 7:00,7.55,91,9.15
10/8/2025 8:00,8.25,86.5,9.15
10/8/2025 9:00,8.95,80,9.2
10/8/2025 10:00,9.25,79,9.2
10/8/2025 11:00,8.8,94,10.1
10/8/2025 12:00,8,87,10.1
10/8/2025 13:00,7.9,86,10.1
10/8/2025 14:00,7.9,87,10.1
10/8/2025 15:00,7.9,89,10.1
10/8/2025 16:00,8.4,95,10.15
10/8/2025 17:00,8.35,95,10.15
10/8/2025 18:00,8.25,95,10.15
10/8/2025 19:00,8.2,94.5,10.15
10/8/2025 20:00,8.15,95,10.15
10/8/2025 21:00,8.05,96,10.15
10/8/2025 22:00,7.85,97,10.15
10/8/2025 23:00,7.7,98,10.15
10/9/2025 0:00,7.95,98,10.15
10/9/2025 1:00,7.9,97.5,10.15
10/9/2025 2:00,7.65,96,10.15
10/9/2025 3:00,7.25,94.5,10.1
10/9/2025 4:00,6.6,92,10.1
10/9/2025 5:00,6.3,92,10.1
10/9/2025 6:00,6.2,92,10.1
10/9/2025 7:00,6.2,87,10.1
10/9/2025 8:00,6.8,82,10.1
10/9/2025 9:00,7.5,76,10.1
10/9/2025 10:00,7.9,74,10.1
10/9/2025 11:00,8.2,71,10.1
10/9/2025 12:00,7.8,69,10.1
10/9/2025 13:00,8.1,68,10.1
10/9/2025 14:00,7.05,76,10.1
10/9/2025 15:00,6.35,79.5,10.1
10/9/2025 16:00,6.4,79.5,10.05
10/9/2025 17:00,6.45,80,10.05
10/9/2025 18:00,6.75,81,10.05
10/9/2025 19:00,6.6,83,10.05
10/9/2025 20:00,6.45,83.5,10.05
10/9/2025 21:00,6.35,83.5,10.1
10/9/2025 22:00,6.2,83.5,10.1
10/9/2025 23:00,6.2,84,10.1
10/10/2025 0:00,6.1,85,10.1
10/10/2025 1:00,6,85,10.1
10/10/2025 2:00,5.95,85,10.1
10/10/2025 3:00,5.85,86,10.1
10/10/2025 4:00,5.65,90,10.05
10/10/2025 5:00,5.65,90,10.1
10/10/2025 6:00,5.4,83,10
10/10/2025 7:00,5.7,81,10
10/10/2025 8:00,6,81,10
10/10/2025 9:00,6.05,89.5,9.1
10/10/2025 10:00,6.7,85,9.1
10/10/2025 11:00,6.8,83,9.1
10/10/2025 12:00,6,89.5,9.1
10/10/2025 13:00,5.55,92,9.1
10/10/2025 14:00,5.45,92.5,9.05
10/10/2025 15:00,5.1,92.5,9.05
10/10/2025 16:00,4.9,92,9.05
10/10/2025 17:00,5.25,91,9.05
10/10/2025 18:00,5,91.5,9.05
10/10/2025 19:00,4.55,90.5,9.05
10/10/2025 20:00,4.1,92,9.05
10/10/2025 21:00,3.85,92.5,9.05
10/10/2025 22:00,3.4,92.5,9.05
10/10/2025 23:00,1.9,99,8.2
10/11/2025 0:00,1.9,99,8.2
10/11/2025 1:00,3.3,98,8.2
10/11/2025 2:00,3.7,99,8.2
10/11/2025 2:00,4.3,99,9.7
10/11/2025 2:00,4.3,99,9.7
10/11/2025 2:00,4.9,99,11.2
10/11/2025 2:00,4.9,99,11.2
10/11/2025 2:00,6.15,95,10.35
10/11/2025 3:00,5.95,97.5,10.35
10/11/2025 4:00,6.35,94.5,10.35
10/11/2025 5:00,5.75,94,10.35
10/11/2025 6:00,5.9,97,10.35
10/11/2025 7:00,5.95,98,10.35
10/11/2025 8:00,6.55,94.5,10.35
10/11/2025 9:00,7.15,94,10.35
10/11/2025 10:00,7.15,94.5,10.35
10/11/2025 11:00,7.2,89,10.35
10/11/2025 12:00,7.25,91.5,10.35
10/11/2025 13:00,7,87,10.35
10/11/2025 14:00,6.45,92,10.35
10/11/2025 15:00,6.15,91,10.35
10/11/2025 16:00,5.2,94,10.35
10/11/2025 17:00,5.15,96,10.35
10/11/2025 18:00,5.2,94.5,10.35
10/11/2025 19:00,5.2,95,10.35
10/11/2025 20:00,4.95,95.5,10.35
10/11/2025 21:00,5.1,96,10.35
10/11/2025 22:00,4.45,97.5,10.3
10/11/2025 23:00,4.75,97,10.3
10/12/2025 0:00,5.6,96,10.3
10/12/2025 1:00,5.95,92.5,10.3
10/12/2025 2:00,5.55,95,10.3
10/12/2025 3:00,5.6,94,9.4
10/12/2025 4:00,5.5,95,9.4
10/12/2025 5:00,6.8,88.5,10.25
10/12/2025 6:00,6.35,91,10.25
10/12/2025 7:00,6.75,90.5,10.25
10/12/2025 8:00,7.3,88,10.25
10/12/2025 9:00,7.95,84.5,10.25
10/12/2025 10:00,8,80,10.25
10/12/2025 11:00,8.15,77.5,10.2
10/12/2025 12:00,8.6,68,10.2
10/12/2025 13:00,8.25,69.5,10.2
10/12/2025 14:00,8.15,70,10.15
10/12/2025 15:00,7.75,71,10.15
10/12/2025 16:00,7.1,74,10.15
10/12/2025 17:00,7,76,10.15
10/12/2025 18:00,6.55,79,10.15
10/12/2025 19:00,6.35,79,10.15
10/12/2025 20:00,6.55,78,10.1
10/12/2025 21:00,7.8,82,10.9
10/12/2025 22:00,8.1,77,10.8
10/12/2025 23:00,7.7,78.5,10.6
10/13/2025 0:00,7.4,78,10.6
10/13/2025 1:00,7.45,79,10.6
10/13/2025 2:00,7.5,82.5,10.55
10/13/2025 3:00,7.55,86,10.5
10/13/2025 4:00,7.6,88,10.45
10/13/2025 5:00,7.3,96,10.4
10/13/2025 6:00,6.4,96,10.2
10/13/2025 7:00,6.4,95,10.2
10/13/2025 8:00,7.1,96,10.2
10/13/2025 9:00,8.4,95,10.2
10/13/2025 10:00,10.1,98,10.7
10/13/2025 11:00,10.3,97.5,10.7
10/13/2025 12:00,10.5,94,10.7
10/13/2025 13:00,10.5,97,10.7
10/13/2025 14:00,10.8,98,10.7
10/13/2025 15:00,10.95,98,10.65
10/13/2025 16:00,11.1,99,11.2
10/13/2025 17:00,11.2,99,11.2
10/13/2025 18:00,11.35,94,11.05
10/13/2025 19:00,11.05,97,11.05
10/13/2025 20:00,11.1,97,11.05
10/13/2025 21:00,11.1,97,11.05
10/13/2025 22:00,11.15,97,11.05
10/13/2025 23:00,11.15,97.5,11.05
10/14/2025 0:00,11.4,92,11
10/14/2025 1:00,11.4,91,11
10/14/2025 2:00,11.1,95,10.9
10/14/2025 3:00,10.2,95.5,11.35
10/14/2025 4:00,10.1,95.5,11.35
10/14/2025 5:00,10.05,95.5,11.35
10/14/2025 6:00,10.25,95.5,11.35
10/14/2025 7:00,10.15,97,11.35
10/14/2025 8:00,10.75,95.5,11.35
10/14/2025 14:00,12.2,89,11.7
10/14/2025 15:00,11.9,91,11.7
10/14/2025 16:00,11.4,93,11.6
10/14/2025 17:00,10.8,95,11.6
10/14/2025 18:00,10.9,96,11.6
10/14/2025 19:00,10.6,96,11.6
10/14/2025 20:00,10.4,96,11.6
10/14/2025 21:00,10.45,94,11.35
10/14/2025 22:00,10.25,91,11.35
10/14/2025 23:00,10,88.5,11.35
10/15/2025 0:00,10.35,89.5,11.35
10/15/2025 1:00,10.1,91,11.35
10/15/2025 2:00,9.85,91,11.3
10/15/2025 3:00,9.8,90,11.3
10/15/2025 4:00,9.45,91.5,11.25
10/15/2025 5:00,9.25,90,11.3
10/15/2025 6:00,9.35,89.5,11.3
10/15/2025 7:00,9.5,88,11.3
10/15/2025 8:00,9.85,88,11.3
10/15/2025 9:00,10.7,88,11.2
10/15/2025 10:00,10.9,88,11.3
10/15/2025 11:00,11.1,86,11.3
10/15/2025 12:00,12.2,79,11.3
10/15/2025 13:00,12,81,11.3
10/15/2025 14:00,11.7,84,11.3
10/15/2025 15:00,11.6,84,11.2
10/15/2025 16:00,11.3,86,11.2
10/15/2025 17:00,11.2,92,11.2
10/15/2025 18:00,10.9,94,11.2
10/15/2025 19:00,10.7,97,11.1
10/15/2025 20:00,10.7,92,11.1
10/15/2025 21:00,10,92.5,10.45
10/15/2025 22:00,10,90,10.45
10/15/2025 23:00,9.65,87,10.35
10/16/2025 0:00,9.05,82.5,10.3
10/16/2025 1:00,8.5,78,10.3
10/16/2025 2:00,8.2,76.5,10.25
10/16/2025 3:00,7.65,78,10.2
10/16/2025 4:00,7.7,69,10.2
10/16/2025 5:00,7.05,67,10.2
10/16/2025 6:00,6.75,71.5,10.15
10/16/2025 7:00,6,76,10.1
10/16/2025 8:00,6.25,73,10.1
10/16/2025 9:00,6.4,72,10.1
10/16/2025 10:00,5.6,80,9.6
10/16/2025 11:00,5.5,82,9.5
10/16/2025 12:00,5.2,89,9.5
10/16/2025 13:00,5.1,90,9.4
10/16/2025 14:00,4.7,90,9.15
10/16/2025 15:00,4.85,87,9.15
10/16/2025 16:00,4.45,86,9.15
10/16/2025 17:00,4.05,92,9.15
10/16/2025 18:00,4.15,89.5,9.1
10/16/2025 19:00,3.9,91.5,9.05
10/16/2025 20:00,3.85,91.5,9.05
10/16/2025 21:00,3.75,90.5,9.05
10/16/2025 22:00,3.6,90.5,9
10/16/2025 23:00,3.6,90.5,9
10/17/2025 0:00,3.15,91.5,9
10/17/2025 1:00,2.85,94.5,8.95
10/17/2025 2:00,3.55,86,8.9
10/17/2025 3:00,3.55,89,8.9
10/17/2025 4:00,3.15,92,8.9
10/17/2025 5:00,3.4,85,8.9
10/17/2025 6:00,3.25,91.5,8.9
10/17/2025 7:00,3.35,92.5,8.95
10/17/2025 8:00,3.65,89.5,8.95
10/17/2025 9:00,4.55,85.5,9
10/17/2025 10:00,4.75,82,9
10/17/2025 11:00,4.9,83.5,9.05
10/17/2025 12:00,4.7,83,9.1
10/17/2025 13:00,4,90,9.1
10/17/2025 14:00,4.5,91,9.2
10/17/2025 15:00,3.9,92,9.2
10/17/2025 16:00,3.2,91,9.05
10/17/2025 17:00,2.7,94,9.05
10/17/2025 18:00,3.05,89.5,9.05
10/17/2025 19:00,2.95,91.5,9.05
10/17/2025 20:00,2.8,92,9.05
10/17/2025 21:00,3.1,92,9.05
10/17/2025 22:00,3.2,95,9.05
10/17/2025 23:00,3.6,93.5,9.05
10/18/2025 0:00,3.6,95,9.05
10/18/2025 1:00,3.75,95,9.05
10/18/2025 2:00,3.8,96.5,9.05
10/18/2025 3:00,4,97.5,9
10/18/2025 4:00,4.45,98,9
10/18/2025 5:00,4.75,98,9
10/18/2025 6:00,5.45,96.5,9
10/18/2025 7:00,5.6,97,9
10/18/2025 8:00,5.7,96.5,9
10/18/2025 9:00,5.65,97,9
10/18/2025 10:00,5.8,96,9.05
10/18/2025 11:00,5.7,95.5,9.1
10/18/2025 12:00,6.05,94,9.1
10/18/2025 13:00,5.8,96.5,9.1
10/18/2025 14:00,3.5,98,9
10/18/2025 15:00,3.2,99,9
10/18/2025 16:00,3.2,98,9
10/18/2025 17:00,3.1,98,9
10/18/2025 18:00,3.8,93,9
10/18/2025 19:00,2.9,86.5,9.2
10/18/2025 20:00,2.8,86,9.2
10/18/2025 21:00,2.25,85,9.25
10/18/2025 22:00,2.2,85,9.25
10/18/2025 23:00,1.8,85.5,9.25
10/19/2025 0:00,1.4,89,9.25
10/19/2025 1:00,1.5,91,9.25
10/19/2025 2:00,1.5,91,9.25
10/19/2025 3:00,1.45,91.5,9.25
10/19/2025 4:00,1.55,92,9.25
10/19/2025 5:00,1.1,91,9.25
10/19/2025 6:00,0.85,92,9.25
10/19/2025 7:00,1.1,93,9.25
10/19/2025 8:00,1.25,89,9.25
10/19/2025 9:00,1.65,87.5,9.25
10/19/2025 10:00,1.45,90.5,9.25
10/19/2025 11:00,1.6,84,9.4
10/19/2025 12:00,2.1,81,9.4
10/19/2025 13:00,2.2,82,9.4
10/19/2025 14:00,2.1,78,9.4
10/19/2025 15:00,1.6,79,9.4
10/19/2025 16:00,0.8,88.5,9.45
10/19/2025 17:00,0.75,87.5,9.45
10/19/2025 18:00,0.25,91,9.45
10/19/2025 19:00,0.05,90,9.45
10/19/2025 20:00,0.35,85.5,9.45
10/19/2025 21:00,0,88.5,9.45
10/19/2025 22:00,-0.05,86.5,9.4
10/19/2025 23:00,-0.3,88.5,9.4
10/20/2025 0:00,-0.4,88,9.4
10/20/2025 1:00,-0.8,85.5,9.4
10/20/2025 2:00,-0.85,87,9.4
10/20/2025 3:00,-0.75,85.5,9.4
10/20/2025 4:00,-0.6,86.5,9.4
10/20/2025 5:00,-0.65,85,9.4
10/20/2025 6:00,-0.6,86,9.4
10/20/2025 7:00,-2.4,91,9.4
10/20/2025 8:00,-1.5,87,9.4
10/20/2025 9:00,-0.9,79,9.4
10/20/2025 10:00,-0.2,74,9.4
10/20/2025 11:00,0.2,71,9.4
10/20/2025 12:00,0.2,73,9.4
10/20/2025 13:00,-0.4,74,9.4
10/20/2025 14:00,0.25,80,9.4
10/20/2025 15:00,0.1,80,9.4
10/20/2025 16:00,0.2,79.5,9.4
10/20/2025 17:00,0.05,82.5,9.35
10/20/2025 18:00,-0.3,82,9.35
10/20/2025 19:00,-0.55,84,9.35
10/20/2025 20:00,-0.35,83,9.35
10/20/2025 21:00,-0.45,83,9.3
10/20/2025 22:00,-0.6,84,9.3
10/20/2025 23:00,-0.7,84.5,9.3
10/21/2025 0:00,-0.8,84.5,9.3
10/21/2025 1:00,-1,85.5,9.3
10/21/2025 2:00,-1.05,87,9.3
10/21/2025 3:00,-1.05,87,9.3
10/21/2025 4:00,-1.25,87.5,9.3
10/21/2025 5:00,-1.4,87,9.3
10/21/2025 6:00,1.1,85,9.4
10/21/2025 7:00,1.2,85,9.4
10/21/2025 8:00,1.3,83,9.4
10/21/2025 9:00,0.15,87,9.45
10/21/2025 10:00,0.45,86,9.45
10/21/2025 11:00,0.6,84.5,9.5
10/21/2025 12:00,-0.05,88.5,9.5
10/21/2025 13:00,0,89,9.5
10/21/2025 14:00,-1.25,92.5,9.5
10/21/2025 15:00,-1.45,90.5,9.5
10/21/2025 16:00,-1.95,91.5,9.5
10/21/2025 17:00,-2.3,89,9.5
10/21/2025 18:00,-2.1,87.5,9.5
10/21/2025 19:00,-2.55,89.5,9.5
10/21/2025 20:00,-2.85,89,9.5
10/21/2025 21:00,-3.1,87,9.5
10/21/2025 22:00,-2.65,87,9.45
10/21/2025 23:00,-4.6,84,9.5
10/22/2025 0:00,-4.3,82,9.5
10/22/2025 1:00,-3.8,81,9.5
10/22/2025 2:00,-3.2,79,9.5
10/22/2025 2:00,-1.45,79,10.35
10/22/2025 2:00,-1.45,79,10.35
10/22/2025 2:00,0.3,79,11.2
10/22/2025 2:00,0.3,79,11.2
10/22/2025 2:00,2.4,78,10.35
10/22/2025 3:00,2.5,79,10.4
10/22/2025 4:00,2.35,84,10.4
10/22/2025 5:00,2.2,88.5,10.4
10/22/2025 6:00,2.7,86.5,10.4
10/22/2025 7:00,2.75,89.5,10.4
10/22/2025 8:00,3,90,10.4
10/22/2025 9:00,3.45,90,10.45
10/22/2025 10:00,3.55,91,10.45
10/22/2025 11:00,3.7,93,10.45
10/22/2025 12:00,3.9,96,10.45
10/22/2025 13:00,3.65,98,10.45
10/22/2025 14:00,3.65,98,10.45
10/22/2025 15:00,3.55,98,10.45
10/22/2025 16:00,3.55,98,10.45
10/22/2025 17:00,3.5,98.5,10.45
10/22/2025 18:00,4.2,95.5,10.45
10/22/2025 19:00,4.1,96.5,10.45
10/22/2025 20:00,4.25,96,10.45
10/22/2025 21:00,4.1,97.5,10.5
10/22/2025 22:00,4.25,96,10.5
10/22/2025 23:00,3.65,97,10.5
10/23/2025 0:00,4.1,96,10.5
10/23/2025 1:00,3.8,96.5,10.5
10/23/2025 2:00,3.7,97,10.5
10/23/2025 3:00,5,95,9.6
10/23/2025 4:00,4.6,93,9.6
10/23/2025 5:00,6.85,96,9.75
10/23/2025 6:00,7.25,95,9.75
10/23/2025 7:00,7.05,95,9.75
10/23/2025 8:00,7.1,94.5,9.75
10/23/2025 9:00,7.55,91.5,9.75
10/23/2025 10:00,7.9,93.5,9.75
10/23/2025 11:00,8.35,95,9.75
10/23/2025 12:00,9.05,97.5,9.75
10/23/2025 13:00,9.1,97.5,9.75
10/23/2025 14:00,8.65,98.5,9.75
10/23/2025 15:00,7.75,99,9.85
10/23/2025 16:00,7.15,98.5,9.85
10/23/2025 17:00,7.1,98,9.85
10/23/2025 18:00,7.15,97,9.85
10/23/2025 19:00,6.8,97,9.85
10/23/2025 20:00,7.4,95,9.85
10/23/2025 21:00,7.2,99,10
10/23/2025 22:00,7.2,97,9.9
10/23/2025 23:00,6.8,97,9.7
10/24/2025 0:00,6.6,97.5,9.7
10/24/2025 1:00,6.35,98.5,9.7
10/24/2025 2:00,6.2,98,9.75
10/24/2025 3:00,6.25,97.5,9.75
10/24/2025 4:00,6.15,97,9.75
10/24/2025 5:00,6.15,97.5,9.75
10/24/2025 6:00,5.9,96,9.6
10/24/2025 7:00,6.2,96,9.6
10/24/2025 8:00,6.6,97,9.6
10/24/2025 9:00,7,97,9.6
10/24/2025 10:00,7,94,10.1
10/24/2025 11:00,7.6,92,10.1
10/24/2025 12:00,8.55,91.5,10.1
10/24/2025 13:00,9.05,91,10.1
10/24/2025 14:00,9.5,89.5,10.1
10/24/2025 15:00,9.3,91.5,10.15
10/24/2025 16:00,9.9,90,10.7
10/24/2025 17:00,9.7,93,10.8
10/24/2025 18:00,8.4,96.5,10.95
10/24/2025 19:00,8.5,97,10.95
10/24/2025 20:00,8.55,97.5,11
10/24/2025 21:00,8.6,97,11.05
10/24/2025 22:00,8.55,97.5,11.05
10/24/2025 23:00,8.55,97.5,11.05
10/25/2025 0:00,8.5,97,11.2
10/25/2025 1:00,8.4,97,11.2
10/25/2025 2:00,8.1,97,11.1
10/25/2025 3:00,7.85,95,11.5
10/25/2025 4:00,7.3,97.5,11.5
10/25/2025 5:00,6.85,97.5,11.5
10/25/2025 6:00,7.4,92.5,11.5
10/25/2025 7:00,6.35,93,11.5
10/25/2025 8:00,7.1,91.5,11.5
10/25/2025 14:00,11.5,77,11.9
10/25/2025 15:00,10.2,86,11.9
10/25/2025 16:00,9.1,89,11.9
10/25/2025 17:00,8.3,91,11.9
10/25/2025 18:00,7.1,97,11.9
10/25/2025 19:00,7.1,95,11.9
10/25/2025 20:00,6.8,94,11.9
10/25/2025 21:00,6.15,96,11.55
10/25/2025 22:00,6,97,11.55
10/25/2025 23:00,6,96,11.55
10/26/2025 0:00,6,95,11.55
10/26/2025 1:00,6.35,93.5,11.55
10/26/2025 2:00,6.35,93,11.55
10/26/2025 3:00,6.15,93,11.55
10/26/2025 4:00,5.9,93.5,11.55
10/26/2025 5:00,6.35,93.5,11.55
10/26/2025 6:00,6.4,94.5,11.55
10/26/2025 7:00,6.55,92.5,11.55
10/26/2025 8:00,6.8,94,11.55
10/26/2025 9:00,7.5,97,11.2
10/26/2025 10:00,8.4,93,11.2
10/26/2025 11:00,8.8,92,11.2
10/26/2025 12:00,9.7,92,11.2
10/26/2025 13:00,9.9,89,11.2
10/26/2025 14:00,9.2,94,11.1
10/26/2025 15:00,8.9,97,11.1
10/26/2025 16:00,8.3,96,11.1
10/26/2025 17:00,7.8,95,11.1
10/26/2025 18:00,7.9,97,11.1
10/26/2025 19:00,8,98,11.1
10/26/2025 20:00,7.8,97,11.1
10/26/2025 21:00,7.25,97,10.1
10/26/2025 22:00,7.15,98,10.05
10/26/2025 23:00,7.2,99,10.05
10/27/2025 0:00,6.95,98.5,10.05
10/27/2025 1:00,7,98,10.05
10/27/2025 2:00,6.9,98,10.05
10/27/2025 3:00,7,97,10.05
10/27/2025 4:00,6.85,97.5,10
10/27/2025 5:00,7,96.5,10
10/27/2025 6:00,7.2,93.5,10
10/27/2025 7:00,7,96,10
10/27/2025 8:00,7.2,94.5,10
10/27/2025 9:00,7.45,94,10.05
10/27/2025 10:00,7.4,94,8.9
10/27/2025 11:00,7.5,95,8.9
10/27/2025 12:00,7.8,95,8.9
10/27/2025 13:00,7.7,97,8.9
10/27/2025 14:00,7,92,9.15
10/27/2025 15:00,6.6,96,9.15
10/27/2025 16:00,6.45,96,9.15
10/27/2025 17:00,6.55,93.5,9.15
10/27/2025 18:00,6.8,91.5,9.15
10/27/2025 19:00,6.7,91,9.15
10/27/2025 20:00,6.35,90,9.1
10/27/2025 21:00,6.25,89,9.1
10/27/2025 22:00,6,87.5,9.1
10/27/2025 23:00,5.6,88,9.05
10/28/2025 0:00,5.55,88.5,9.05
10/28/2025 1:00,5.8,88,9.05
10/28/2025 2:00,5.45,89.5,9.05
10/28/2025 3:00,5.15,88.5,9.05
10/28/2025 4:00,4.9,86.5,9.05
10/28/2025 5:00,4.8,85.5,9.1
10/28/2025 6:00,5,84,9.1
10/28/2025 7:00,4.95,84,9.1
10/28/2025 8:00,5.25,82,9.1
10/28/2025 9:00,5.65,81,9.05
10/28/2025 10:00,6.2,78,9.05
10/28/2025 11:00,6.8,73.5,9.05
10/28/2025 12:00,6.6,79.5,9.05
10/28/2025 13:00,6.4,79,9.1
10/28/2025 14:00,5.7,80,9.1
10/28/2025 15:00,4.6,85,9.1
10/28/2025 16:00,4.35,86.5,8.85
10/28/2025 17:00,3.75,88.5,8.85
10/28/2025 18:00,3.2,91.5,8.85
10/28/2025 19:00,3,91,8.85
10/28/2025 20:00,3.15,92.5,8.85
10/28/2025 21:00,3.3,92,8.85
10/28/2025 22:00,3,92.5,8.85
10/28/2025 23:00,2.7,93.5,8.8
10/29/2025 0:00,3.6,91.5,8.8
10/29/2025 1:00,3.65,92,8.8
10/29/2025 2:00,3.4,95.5,8.75
10/29/2025 3:00,3.25,96,8.75
10/29/2025 4:00,2.7,95.5,8.7
10/29/2025 5:00,2.5,95.5,8.7
10/29/2025 6:00,2.8,91,8.7
10/29/2025 7:00,2.25,92.5,8.7
10/29/2025 8:00,2.45,93.5,8.7
10/29/2025 9:00,3.25,91.5,8.65
10/29/2025 10:00,4.05,90,8.65
10/29/2025 11:00,4.5,88.5,8.6
10/29/2025 12:00,4.5,89.5,8.6
10/29/2025 13:00,4.2,90.5,8.6
10/29/2025 14:00,2.3,89,8.4
10/29/2025 15:00,2.1,90,8.4
10/29/2025 16:00,2.1,91,8.4
10/29/2025 17:00,1.7,91,8.4
10/29/2025 18:00,1.5,91,8.4
10/29/2025 19:00,2.6,91.5,8.65
10/29/2025 20:00,2.6,91.5,8.65
10/29/2025 21:00,2.6,91.5,8.65
10/29/2025 22:00,2.45,91,8.65
10/29/2025 23:00,2.2,90.5,8.65
10/30/2025 0:00,1.7,92.5,8.65
10/30/2025 1:00,1.7,93.5,8.65
10/30/2025 2:00,1.3,94.5,8.65
10/30/2025 3:00,1.2,95,8.55
10/30/2025 4:00,1,95,8.5
10/30/2025 5:00,0.7,94.5,8.5
10/30/2025 6:00,0.7,95.5,8.5
10/30/2025 7:00,0.55,95.5,8.5
10/30/2025 8:00,0.55,94.5,8.45
10/30/2025 9:00,0.85,94.5,8.45
10/30/2025 10:00,1.1,95,8.45
10/30/2025 11:00,3.5,93,8.8
10/30/2025 12:00,3.7,91,8.8
10/30/2025 13:00,3.4,92,8.8
10/30/2025 14:00,3.3,91,8.8
10/30/2025 15:00,3.2,90,8.8
10/30/2025 16:00,2.4,94.5,9
10/30/2025 17:00,2.2,95.5,9
10/30/2025 18:00,2.45,94.5,9
10/30/2025 19:00,2.6,94.5,9
10/30/2025 20:00,2.45,95.5,9
10/30/2025 21:00,2.25,95.5,8.9
10/30/2025 22:00,2.25,94.5,8.9
10/30/2025 23:00,2,93,8.9
10/31/2025 0:00,2.35,92.5,8.9
10/31/2025 1:00,2.4,93.5,8.9
10/31/2025 2:00,2.1,94.5,8.9
10/31/2025 3:00,1.9,94.5,8.9
10/31/2025 4:00,1.9,94.5,8.9
10/31/2025 5:00,1.9,94.5,8.9
10/31/2025 6:00,1.9,95,8.9
10/31/2025 7:00,0.4,100,9.1
10/31/2025 8:00,0.6,100,9.1
10/31/2025 9:00,0.7,99,9.1
10/31/2025 10:00,0.9,99,9.1
10/31/2025 11:00,0.9,99,9.1
10/31/2025 12:00,0.9,99,9.1
10/31/2025 13:00,0.7,99,9.1
10/31/2025 14:00,1.95,94,8.9
10/31/2025 15:00,2,93.5,8.85
10/31/2025 16:00,2.1,93.5,8.85
10/31/2025 17:00,2.1,93.5,8.85
10/31/2025 18:00,1.65,95,8.85
10/31/2025 19:00,1.55,95,8.85
10/31/2025 20:00,1.5,95.5,8.85
10/31/2025 21:00,1.6,95,8.85
10/31/2025 22:00,1.4,96,8.85
10/31/2025 23:00,1.25,96.5,8.85
11/1/2025 0:00,1.4,97,8.85
11/1/2025 1:00,1.45,96.5,8.85
11/1/2025 2:00,1.4,96.5,8.85
11/1/2025 3:00,1.25,96,8.85
11/1/2025 4:00,1.25,96,8.85
11/1/2025 5:00,1.35,96.5,8.85
11/1/2025 6:00,1.4,93,8.6
11/1/2025 7:00,0.7,95,8.6
11/1/2025 8:00,0.8,96,8.6
11/1/2025 9:00,-0.7,97.5,7.9
11/1/2025 10:00,-0.55,95.5,7.9
11/1/2025 11:00,-0.5,94.5,7.9
11/1/2025 12:00,-0.1,95.5,7.85
11/1/2025 13:00,-0.6,94.5,7.85
11/1/2025 14:00,-1,92.5,7.85
11/1/2025 15:00,-1.4,93,7.8
11/1/2025 16:00,-1.95,92.5,7.8
11/1/2025 17:00,-2.45,92,7.75
11/1/2025 18:00,-2.3,93.5,7.75
11/1/2025 19:00,-2.25,93,7.75
11/1/2025 20:00,-2.25,92.5,7.75
11/1/2025 21:00,-2.25,92,7.75
11/1/2025 22:00,-2.25,92,7.75
11/1/2025 23:00,-4.1,96,6.8
11/2/2025 0:00,-3.4,96,6.8
11/2/2025 1:00,-3.2,96,6.8
11/2/2025 2:00,-3.4,94,6.8
11/2/2025 2:00,0,85.5,8.15
11/2/2025 2:00,0,85.5,8.15
11/2/2025 2:00,3.4,77,9.5
11/2/2025 2:00,3.4,77,9.5
11/2/2025 2:00,4.75,73,8.4
11/2/2025 3:00,5.2,73.5,8.4
11/2/2025 4:00,5.3,74,8.35
11/2/2025 5:00,4.85,85,8.3
11/2/2025 6:00,5.15,84,8.3
11/2/2025 7:00,5.55,85.5,8.3
11/2/2025 8:00,5.9,87,8.3
11/2/2025 9:00,6,89,8.3
11/2/2025 10:00,5.75,94.5,8.3
11/2/2025 11:00,5.85,95,8.3
11/2/2025 12:00,5.55,94.5,8.3
11/2/2025 13:00,5.7,97,8.3
11/2/2025 14:00,5.6,96.5,8.25
11/2/2025 15:00,5.8,95.5,8.25
11/2/2025 16:00,5.6,95.5,8.25
11/2/2025 17:00,5.1,96.5,8.2
11/2/2025 18:00,5.4,94.5,8.2
11/2/2025 19:00,5.6,95.5,8.2
11/2/2025 20:00,5.35,95,8.15
11/2/2025 21:00,5.2,95,8.15
11/2/2025 22:00,4.85,94.5,8.15
11/2/2025 23:00,4.65,94.5,8.15
11/3/2025 0:00,4.65,94.5,8.15
11/3/2025 1:00,4.7,95.5,8.15
11/3/2025 2:00,4.6,95.5,8.1
11/3/2025 3:00,2.7,97,6.8
11/3/2025 4:00,3.1,93,6.8
11/3/2025 5:00,3.7,92.5,7.9
11/3/2025 6:00,3.75,93.5,7.9
11/3/2025 7:00,3.85,92.5,7.9
11/3/2025 8:00,3.65,91.5,7.9
11/3/2025 9:00,3.75,90,7.9
11/3/2025 10:00,4.5,86,7.85
11/3/2025 11:00,5.15,83.5,7.85
11/3/2025 12:00,5.6,82.5,7.85
11/3/2025 13:00,5.4,83.5,7.85
11/3/2025 14:00,5.35,82.5,7.85
11/3/2025 15:00,5.3,81.5,7.85
11/3/2025 16:00,5.2,82,7.85
11/3/2025 17:00,5.1,86,7.85
11/3/2025 18:00,5.4,83.5,7.85
11/3/2025 19:00,5.6,83,7.85
11/3/2025 20:00,5.25,84,7.85
11/3/2025 21:00,6.8,69,8.9
11/3/2025 22:00,6.4,68,8.9
11/3/2025 23:00,7.55,64.5,8.45
11/4/2025 0:00,7.7,65.5,8.45
11/4/2025 1:00,7.8,69.5,8.45
11/4/2025 2:00,7.95,69,8.5
11/4/2025 3:00,8.6,67.5,8.45
11/4/2025 4:00,9.15,67,8.45
11/4/2025 5:00,8.75,74.5,8.5
11/4/2025 6:00,9,81,8.2
11/4/2025 7:00,9.6,83,8.2
11/4/2025 8:00,10,77,8.3
11/4/2025 9:00,8.9,92,8.3
11/4/2025 10:00,8.5,93,9.3
11/4/2025 11:00,10.05,85,9.35
11/4/2025 12:00,10.6,85.5,9.35
11/4/2025 13:00,10.95,81,9.35
11/4/2025 14:00,10.35,80.5,9.35
11/4/2025 15:00,9.5,78.5,9.35
11/4/2025 16:00,11.4,66,10.4
11/4/2025 17:00,11.4,65,10.4
11/4/2025 18:00,11.6,71,10.3
11/4/2025 19:00,11.4,70.5,10.3
11/4/2025 20:00,11.35,71,10.3
11/4/2025 21:00,11.25,71,10.3
11/4/2025 22:00,11.25,70.5,10.25
11/4/2025 23:00,10.55,76.5,10.25
11/5/2025 0:00,11.6,79,10.2
11/5/2025 1:00,11.2,87,10.2
11/5/2025 2:00,10.7,89,10.2
11/5/2025 3:00,10.6,94.5,10.65
11/5/2025 4:00,10.35,93.5,10.65
11/5/2025 5:00,10.1,97,10.65
11/5/2025 6:00,10.95,95.5,10.65
11/5/2025 7:00,10.9,97.5,10.65
11/5/2025 8:00,10.7,98.5,10.65
11/5/2025 14:00,11.7,95,10.9
11/5/2025 15:00,11.4,98,10.9
11/5/2025 16:00,11,100,10.9
11/5/2025 17:00,10.9,100,10.9
11/5/2025 18:00,11,100,10.9
11/5/2025 19:00,11,100,10.9
11/5/2025 20:00,10.9,99,10.9
11/5/2025 21:00,8.8,96,10.5
11/5/2025 22:00,8.25,97,10.5
11/5/2025 23:00,8.15,96.5,10.5
11/6/2025 0:00,8.5,96.5,10.5
11/6/2025 1:00,8.2,96,10.5
11/6/2025 2:00,7.9,97,10.45
11/6/2025 3:00,7.55,97.5,10.4
11/6/2025 4:00,8.05,95.5,10.4
11/6/2025 5:00,8.25,96,10.4
11/6/2025 6:00,8.65,95,10.4
11/6/2025 7:00,8.8,94,10.4
11/6/2025 8:00,8.9,93,10.4
11/6/2025 9:00,6.7,90,10
11/6/2025 10:00,7.1,91,10
11/6/2025 11:00,7.8,89,10
11/6/2025 12:00,8.5,88,10
11/6/2025 13:00,8.6,88,10
11/6/2025 14:00,8.3,93,10
11/6/2025 15:00,7.7,97,10
11/6/2025 16:00,7.5,97,9.9
11/6/2025 17:00,7.3,97,9.9
11/6/2025 18:00,7.6,94,9.9
11/6/2025 19:00,7.4,96,9.9
11/6/2025 20:00,7.4,96,9.9
11/6/2025 21:00,6.35,94.5,9.05
11/6/2025 22:00,6.4,95,9.05
11/6/2025 23:00,6.5,95.5,9.05
11/7/2025 0:00,6.4,95.5,9.05
11/7/2025 1:00,6.55,95.5,9.05
11/7/2025 2:00,6.6,96.5,9
11/7/2025 3:00,6.7,95.5,9
11/7/2025 4:00,6.95,93.5,9
11/7/2025 5:00,6.9,96.5,8.95
11/7/2025 6:00,6.95,97,8.95
11/7/2025 7:00,6.95,97.5,8.95
11/7/2025 8:00,7.1,97,8.9
11/7/2025 9:00,7.3,96.5,8.9
11/7/2025 10:00,5,99,7.9
11/7/2025 11:00,5.3,94,7.9
11/7/2025 12:00,5.2,98,7.9
11/7/2025 13:00,5.2,99,7.8
11/7/2025 14:00,4.75,94.5,7.9
11/7/2025 15:00,4.45,95.5,7.9
11/7/2025 16:00,3.9,96.5,7.9
11/7/2025 17:00,3.55,97,7.95
11/7/2025 18:00,4.05,96,7.95
11/7/2025 19:00,4,96,7.95
11/7/2025 20:00,4.05,96,7.95
11/7/2025 21:00,3.8,97,7.95
11/7/2025 22:00,3.75,98.5,7.95
11/7/2025 23:00,3.9,96.5,7.95
11/8/2025 0:00,3.65,95.5,7.95
11/8/2025 1:00,3.45,95,7.95
11/8/2025 2:00,3.55,93.5,7.95
11/8/2025 3:00,3.55,93.5,7.95
11/8/2025 4:00,3.45,93.5,7.95
11/8/2025 5:00,3.4,93.5,8
11/8/2025 6:00,3.25,93.5,8
11/8/2025 7:00,2.95,93.5,8
11/8/2025 8:00,2.9,94,8
11/8/2025 9:00,3.5,93,8
11/8/2025 10:00,4,93,8
11/8/2025 11:00,4.35,92.5,8
11/8/2025 12:00,4.45,93,8
11/8/2025 13:00,0.8,91,8.2
11/8/2025 14:00,0.3,94,8.2
11/8/2025 15:00,0.9,92,8.2
11/8/2025 16:00,1.9,91.5,6.7
11/8/2025 17:00,2.25,85,6.7
11/8/2025 18:00,1.85,90,6.7
11/8/2025 19:00,1.55,92,6.75
11/8/2025 20:00,1.05,90.5,6.75
11/8/2025 21:00,1.75,86,6.75
11/8/2025 22:00,1.3,85.5,6.85
11/8/2025 23:00,0.9,82,6.85
11/9/2025 0:00,0.3,84.5,6.85
11/9/2025 1:00,0.1,81.5,6.9
11/9/2025 2:00,0,74.5,6.9
11/9/2025 3:00,-0.1,66,7
11/9/2025 4:00,0.35,67.5,7
11/9/2025 5:00,0.65,68.5,7
11/9/2025 6:00,1.3,74,7.05
11/9/2025 7:00,1.7,73,7.05
11/9/2025 8:00,1.7,77.5,7.05
11/9/2025 9:00,1.9,80.5,7.1
11/9/2025 10:00,1.95,82,7.1
11/9/2025 11:00,2.1,83,7.1
11/9/2025 12:00,1.55,87,7.1
11/9/2025 13:00,1.5,86,7.1
11/9/2025 14:00,1,85,5.8
11/9/2025 15:00,1,83,5.9
11/9/2025 16:00,1.1,88,5.9
11/9/2025 17:00,1.2,83,5.9
11/9/2025 18:00,1.2,87,5.9
11/9/2025 19:00,1.3,74,7.05
11/9/2025 20:00,1.4,82.5,7.05
11/9/2025 21:00,1.3,81.5,7.1
11/9/2025 22:00,1.65,77.5,7.1
11/9/2025 23:00,1.1,80,7.1
11/10/2025 0:00,0.9,85,7.1
11/10/2025 1:00,1.2,84,7.1
11/10/2025 2:00,0.15,80,7.15
11/10/2025 3:00,0.6,79,7.15
11/10/2025 4:00,0.8,79,7.15
11/10/2025 5:00,1.3,79,7.15
11/10/2025 6:00,0.05,84.5,7.15
11/10/2025 7:00,0.3,83.5,7.15
11/10/2025 8:00,0.05,86.5,7.15
11/10/2025 9:00,-0.2,86.5,7.15
11/10/2025 10:00,0.05,83.5,7.15
11/10/2025 11:00,2.1,77,8.1
11/10/2025 12:00,1.8,78,8.1
11/10/2025 13:00,1.1,78,8.1
11/10/2025 14:00,0.9,78,8.1
11/10/2025 15:00,0.7,79,8.1
11/10/2025 16:00,-0.55,86.5,8.25
11/10/2025 17:00,-0.8,87,8.25
11/10/2025 18:00,-1.2,89,8.25
11/10/2025 19:00,-1.25,88,8.25
11/10/2025 20:00,-1.55,88.5,8.25
11/10/2025 21:00,-1.65,88.5,8.25
11/10/2025 22:00,-1.85,87,8.25
11/10/2025 23:00,-1.8,88.5,8.25
11/11/2025 0:00,-2,88,8.25
11/11/2025 1:00,-3.25,87,8.25
11/11/2025 2:00,-2.7,86.5,8.25
11/11/2025 3:00,-2.8,88.5,8.25
11/11/2025 4:00,-2.9,88.5,8.25
11/11/2025 5:00,-3.95,90.5,8.25
11/11/2025 6:00,-3.8,92,8.25
11/11/2025 7:00,-5.4,97,8.4
11/11/2025 8:00,-5.2,97,8.4
11/11/2025 9:00,-5.3,97,8.4
11/11/2025 10:00,-5.2,96,8.4
11/11/2025 11:00,-5,95,8.4
11/11/2025 12:00,-5.3,96,8.4
11/11/2025 13:00,-5.6,97,8.4
11/11/2025 14:00,-3.55,92,8.25
11/11/2025 15:00,-3.45,91,8.25
11/11/2025 16:00,-3.6,91.5,8.25
11/11/2025 17:00,-2.9,88,8.25
11/11/2025 18:00,-3.4,86,8.25
11/11/2025 19:00,-3.6,86,8.25
11/11/2025 20:00,-3.6,85.5,8.25
11/11/2025 21:00,-3.75,84.5,8.25
11/11/2025 22:00,-4.05,83.5,8.2
11/11/2025 23:00,-4.55,81.5,8.2
11/12/2025 0:00,-4.9,81,8.2
11/12/2025 1:00,-5.15,78.5,8.2
11/12/2025 2:00,-5.2,80.5,8.2
11/12/2025 3:00,-5.25,87,8.15
11/12/2025 4:00,-5.5,90.5,8.15
11/12/2025 5:00,-5.3,90.5,8.15
11/12/2025 6:00,-4.4,85,8.1
11/12/2025 7:00,-4.9,88,8.1
11/12/2025 8:00,-4.1,85,8.1
11/12/2025 9:00,-3.75,85.5,7.6
11/12/2025 10:00,-2.7,82,7.6
11/12/2025 11:00,-2.55,83,7.65
11/12/2025 12:00,-2.75,87.5,7.65
11/12/2025 13:00,-2.85,87.5,7.65
11/12/2025 14:00,-3,86,7.65
11/12/2025 15:00,-2.8,85.5,7.65
11/12/2025 16:00,-2.5,85.5,7.6
11/12/2025 17:00,-2.45,86,7.6
11/12/2025 18:00,-1.95,86,7.6
11/12/2025 19:00,-1.85,87,7.6
11/12/2025 20:00,-1.8,85,7.65
11/12/2025 21:00,-1.8,85,7.65
11/12/2025 22:00,-1.45,82,7.65
11/12/2025 23:00,-2.9,86,7.4
11/13/2025 0:00,-2.3,86,7.4
11/13/2025 1:00,-1.8,86,7.4
11/13/2025 2:00,-1.7,86,7.4
11/13/2025 2:00,-1.6,82.5,8.25
11/13/2025 2:00,-1.6,82.5,8.25
11/13/2025 2:00,-1.5,79,9.1
11/13/2025 2:00,-1.5,79,9.1
11/13/2025 2:00,-0.45,80,8.45
11/13/2025 3:00,-0.35,80,8.45
11/13/2025 4:00,-0.1,78,8.45
11/13/2025 5:00,-0.35,80,8.45
11/13/2025 6:00,-0.3,85.5,8.45
11/13/2025 7:00,-0.7,86,8.45
11/13/2025 8:00,-0.3,83.5,8.45
11/13/2025 9:00,-0.5,83.5,8.45
11/13/2025 10:00,0.25,82.5,8.45
11/13/2025 11:00,-0.15,83.5,8.45
11/13/2025 12:00,0.35,88.5,8.45
11/13/2025 13:00,0,90,8.45
11/13/2025 14:00,-0.15,86.5,8.5
11/13/2025 15:00,0.15,87.5,8.5
11/13/2025 16:00,-0.05,89,8.5
11/13/2025 17:00,-0.2,90.5,8.5
11/13/2025 18:00,0.15,90,8.5
11/13/2025 19:00,-0.05,87,8.5
11/13/2025 20:00,-0.45,89,8.55
11/13/2025 21:00,-1.1,90.5,8.6
11/13/2025 22:00,-0.95,89,8.6
11/13/2025 23:00,-0.95,86.5,8.6
11/14/2025 0:00,-0.95,86.5,8.6
11/14/2025 1:00,-1,85.5,8.6
11/14/2025 2:00,-0.9,81,8.65
11/14/2025 3:00,0.1,78,8
11/14/2025 4:00,-0.2,78,8
11/14/2025 5:00,0.55,76,8.5
11/14/2025 6:00,0.55,75.5,8.5
11/14/2025 7:00,0.5,75.5,8.5
11/14/2025 8:00,0.6,69.5,8.5
11/14/2025 9:00,0.55,66,8.5
11/14/2025 10:00,0.4,67,8.5
11/14/2025 11:00,0.2,66,8.5
11/14/2025 12:00,0.1,76.5,8.5
11/14/2025 13:00,-0.15,74.5,8.5
11/14/2025 14:00,0.35,76.5,8.5
11/14/2025 15:00,0.9,75,8.5
11/14/2025 16:00,1.15,68.5,8.5
11/14/2025 17:00,1,69.5,8.5
11/14/2025 18:00,1.35,72.5,8.5
11/14/2025 19:00,1.4,73.5,8.5
11/14/2025 20:00,1.5,73,8.5
11/14/2025 21:00,2.3,73,8.9
11/14/2025 22:00,2,72,8.9
11/14/2025 23:00,1.35,76,8.35
11/15/2025 0:00,1.9,76,8.35
11/15/2025 1:00,1.8,77.5,8.35
11/15/2025 2:00,1.75,78,8.4
11/15/2025 3:00,1.55,78,8.4
11/15/2025 4:00,1.45,81,8.4
11/15/2025 5:00,1.85,84,8.45
11/15/2025 6:00,1.6,86,8
11/15/2025 7:00,1.7,87,8
11/15/2025 8:00,1.7,89,8.1
11/15/2025 9:00,1.9,88,8.1
11/15/2025 10:00,2.35,87.5,9.1
11/15/2025 11:00,2.45,88,9.1
11/15/2025 12:00,2.6,88.5,9.1
11/15/2025 13:00,2.75,89.5,9.1
11/15/2025 14:00,2.65,90.5,9.1
11/15/2025 15:00,3.1,88,9.1
11/15/2025 16:00,3.5,90,10.1
11/15/2025 17:00,3.9,90,10.1
11/15/2025 18:00,4.55,94,9.9
11/15/2025 19:00,4.65,90.5,9.9
11/15/2025 20:00,5.2,89.5,9.9
11/15/2025 21:00,5.3,84.5,9.9
11/15/2025 22:00,4.9,86.5,9.9
11/15/2025 23:00,4.9,90.5,9.9
11/16/2025 0:00,5,87,9.7
11/16/2025 1:00,4.3,86,9.7
11/16/2025 2:00,4.4,93,9.7
11/16/2025 3:00,4,95.5,9.85
11/16/2025 4:00,3.7,95,9.85
11/16/2025 5:00,3.1,90.5,9.85
11/16/2025 6:00,2.95,93,9.85
11/16/2025 7:00,2.9,88.5,9.85
11/16/2025 8:00,2.45,89,9.85
11/16/2025 14:00,2.2,88,10
11/16/2025 15:00,1,89,10
11/16/2025 16:00,0.5,79,10
11/16/2025 17:00,0.6,87,10
11/16/2025 18:00,0.9,92,10
11/16/2025 19:00,0.4,92,10
11/16/2025 20:00,0,88,10
11/16/2025 21:00,-0.95,88,9.9
11/16/2025 22:00,-0.5,84,9.9
11/16/2025 23:00,-0.45,83,9.9
11/17/2025 0:00,0.9,82.5,9.9
11/17/2025 1:00,1,84,9.9
11/17/2025 2:00,1.3,82,9.9
11/17/2025 3:00,1.3,80.5,9.9
11/17/2025 4:00,1.7,81,9.85
11/17/2025 5:00,1.95,83.5,9.85
11/17/2025 6:00,2.25,87,9.85
11/17/2025 7:00,1.55,86.5,9.85
11/17/2025 8:00,2,85,9.85
11/17/2025 9:00,2.3,90,9.6
11/17/2025 10:00,3.2,88,9.6
11/17/2025 11:00,3,86,9.6
11/17/2025 12:00,3.1,88,9.6
11/17/2025 13:00,2.6,89,9.6
11/17/2025 14:00,2.2,90,9.6
11/17/2025 15:00,1.9,90,9.6
11/17/2025 16:00,2,94,9.6
11/17/2025 17:00,1.9,90,9.6
11/17/2025 18:00,2,89,9.6
11/17/2025 19:00,2.3,89,9.6
11/17/2025 20:00,1.5,87,9.6
11/17/2025 21:00,1.3,89,8.9
11/17/2025 22:00,1.75,88,8.9
11/17/2025 23:00,1.2,86,8.9
11/18/2025 0:00,1.05,91.5,8.9
11/18/2025 1:00,0.8,89.5,8.9
11/18/2025 2:00,1.3,91.5,8.9
11/18/2025 3:00,0.95,93,8.9
11/18/2025 4:00,0.95,91.5,8.8
11/18/2025 5:00,0.8,90.5,8.8
11/18/2025 6:00,1,89,8.8
11/18/2025 7:00,0.5,86,8.8
11/18/2025 8:00,0.1,89,8.8
11/18/2025 9:00,0.2,89,8.8
11/18/2025 10:00,0.6,87,8.1
11/18/2025 11:00,0.5,88,8.1
11/18/2025 12:00,0.4,89,8.1
11/18/2025 13:00,0.1,89,8.1
11/18/2025 14:00,-2.1,87.5,7.85
11/18/2025 15:00,-2.3,89.5,7.85
11/18/2025 16:00,-3.55,87,7.8
11/18/2025 17:00,-3.2,86.5,7.7
11/18/2025 18:00,-3.1,87.5,7.7
11/18/2025 19:00,-3.8,88.5,7.7
11/18/2025 20:00,-4.2,86,7.65
11/18/2025 21:00,-4.45,84,7.65
11/18/2025 22:00,-4.4,83,7.65
11/18/2025 23:00,-4.15,82.5,7.6
11/19/2025 0:00,-4.1,83,7.6
11/19/2025 1:00,-3.95,84,7.6
11/19/2025 2:00,-3.8,82.5,7.6
11/19/2025 3:00,-3.9,83.5,7.55
11/19/2025 4:00,-3.8,85,7.55
11/19/2025 5:00,-4,86,7.5
11/19/2025 6:00,-4.25,80,7.5
11/19/2025 7:00,-4.4,87,7.5
11/19/2025 8:00,-4.35,86.5,7.5
11/19/2025 9:00,-4.45,85,7.5
11/19/2025 10:00,-4.4,83,7.5
11/19/2025 11:00,-4.25,82,7.5
11/19/2025 12:00,-4.35,79.5,7.5
11/19/2025 13:00,-7.3,89,7.2
11/19/2025 14:00,-7.1,89,7.2
11/19/2025 15:00,-6.7,90,7.2
11/19/2025 16:00,-5.3,93,6.65
11/19/2025 17:00,-5.35,92.5,6.65
11/19/2025 18:00,-6.05,91.5,6.65
11/19/2025 19:00,-6.25,89,6.65
11/19/2025 20:00,-6.25,90,6.55
11/19/2025 21:00,-6,90.5,6.55
11/19/2025 22:00,-5.75,88.5,6.5
11/19/2025 23:00,-6.05,90.5,6.5
11/20/2025 0:00,-5.95,89,6.5
11/20/2025 1:00,-6.4,89,6.5
11/20/2025 2:00,-6.35,89.5,6.4
11/20/2025 3:00,-6.6,89.5,6.4
11/20/2025 4:00,-7,89,6.4
11/20/2025 5:00,-7.15,90,6.35
11/20/2025 6:00,-7.15,86.5,6.35
11/20/2025 7:00,-7.2,86.5,6.3
11/20/2025 8:00,-7.25,88,6.3
11/20/2025 9:00,-7.45,88.5,6.3
11/20/2025 10:00,-7.25,88,6.3
11/20/2025 11:00,-7.15,89.5,6.25
11/20/2025 12:00,-6.6,88.5,6.25
11/20/2025 13:00,-6.65,87.5,6.25
11/20/2025 14:00,-6.2,91,5.8
11/20/2025 15:00,-6.5,92,5.8
11/20/2025 16:00,-6.1,94,5.8
11/20/2025 17:00,-5.8,95,5.8
11/20/2025 18:00,-6.2,94,5.8
11/20/2025 19:00,-4.85,91,6.45
11/20/2025 20:00,-5.05,91.5,6.45
11/20/2025 21:00,-5.1,90.5,6.45
11/20/2025 22:00,-5.3,91,6.45
11/20/2025 23:00,-5.4,90,6.4
11/21/2025 0:00,-5.35,93,6.4
11/21/2025 1:00,-5.6,93.5,6.4
11/21/2025 2:00,-5.95,89,6.4
11/21/2025 3:00,-5.75,89,6.4
11/21/2025 4:00,-5.45,90,6.4
11/21/2025 5:00,-5.1,91,6.35
11/21/2025 6:00,-5.85,89.5,6.35
11/21/2025 7:00,-5.7,90,6.35
11/21/2025 8:00,-6,89,6.3
11/21/2025 9:00,-6.1,89,6.3
11/21/2025 10:00,-6.25,88,6.3
11/21/2025 11:00,-3.8,85,7.2
11/21/2025 12:00,-5.2,84,7.2
11/21/2025 13:00,-4.6,86,7.2
11/21/2025 14:00,-3.8,79,7.2
11/21/2025 15:00,-2.5,79,7.2
11/21/2025 16:00,-10.75,75.5,7.4
11/21/2025 17:00,-10.7,74.5,7.4
11/21/2025 18:00,-12.15,73,7.4
11/21/2025 19:00,-12.35,72.5,7.4
11/21/2025 20:00,-11.95,74,7.4
11/21/2025 21:00,-11.7,74.5,7.4
11/21/2025 22:00,-11.55,74,7.4
11/21/2025 23:00,-11.55,76,7.4
11/22/2025 0:00,-13,78.5,7.4
11/22/2025 1:00,-11.7,81,7.4
11/22/2025 2:00,-10.9,81,7.4
11/22/2025 3:00,-10.4,79,7.4
11/22/2025 4:00,-10.15,78.5,7.4
11/22/2025 5:00,-10.3,78.5,7.4
11/22/2025 6:00,-12,80.5,7.4
11/22/2025 7:00,-18.5,86,7.6
11/22/2025 8:00,-18.5,87,7.6
11/22/2025 9:00,-18.5,86,7.6
11/22/2025 10:00,-18.5,86,7.6
11/22/2025 11:00,-18.4,86,7.6
11/22/2025 12:00,-17.4,87,7.6
11/22/2025 13:00,-17,87,7.6
11/22/2025 14:00,-11.05,82.5,7.4
11/22/2025 15:00,-11,83,7.4
11/22/2025 16:00,-11.3,84,7.4
11/22/2025 17:00,-11.4,84,7.4
11/22/2025 18:00,-12.4,83,7.4
11/22/2025 19:00,-12.2,84,7.4
11/22/2025 20:00,-11.95,84,7.4
11/22/2025 21:00,-11.95,84.5,7.45
11/22/2025 22:00,-11.9,84,7.45
11/22/2025 23:00,-11.9,84,7.45
11/23/2025 0:00,-13.1,83,7.45
11/23/2025 1:00,-12.9,83,7.45
11/23/2025 2:00,-12.85,84,7.45
11/23/2025 3:00,-12.45,84,7.45
11/23/2025 4:00,-12.2,84,7.45
11/23/2025 5:00,-12.05,84,7.45
11/23/2025 6:00,-6,84,7.2
11/23/2025 7:00,-5.4,84,7.2
11/23/2025 8:00,-5.1,84,7.2
11/23/2025 9:00,-8.45,85,6
11/23/2025 10:00,-8.55,85.5,6
11/23/2025 11:00,-8.45,86,6
11/23/2025 12:00,-9.2,86,6
11/23/2025 13:00,-8.6,86,6
11/23/2025 14:00,-7.85,87.5,6
11/23/2025 15:00,-7.2,89.5,6
11/23/2025 16:00,-7.25,91,5.95
11/23/2025 17:00,-7.15,90.5,5.95
11/23/2025 18:00,-8.75,87,5.95
11/23/2025 19:00,-8,88.5,5.95
11/23/2025 20:00,-7.6,87.5,5.95
11/23/2025 21:00,-7.25,87,5.95
11/23/2025 22:00,-6.95,87,5.9
11/23/2025 23:00,-9.8,91,4.7
11/24/2025 0:00,-11,90,4.7
11/24/2025 1:00,-9.9,91,4.7
11/24/2025 2:00,-9.1,87,4.7
11/24/2025 2:00,-8.6,90,6.3
11/24/2025 2:00,-8.6,90,6.3
11/24/2025 2:00,-8.1,93,7.9
11/24/2025 2:00,-8.1,93,7.9
11/24/2025 2:00,-9.2,88.5,6.65
11/24/2025 3:00,-8.85,89,6.65
11/24/2025 4:00,-8.55,88.5,6.65
11/24/2025 5:00,-8.55,88,6.6
11/24/2025 6:00,-8.35,87,6.6
11/24/2025 7:00,-8.15,86,6.6
11/24/2025 8:00,-7.85,88,6.6
11/24/2025 9:00,-7.55,89,6.55
11/24/2025 10:00,-6.8,88,6.5
11/24/2025 11:00,-5.9,89,6.5
11/24/2025 12:00,-5.85,90,6.5
11/24/2025 13:00,-5.6,88,6.45
11/24/2025 14:00,-5.3,89,6.45
11/24/2025 15:00,-5.2,87,6.45
11/24/2025 16:00,-5.15,86.5,6.45
11/24/2025 17:00,-4.8,83.5,6.4
11/24/2025 18:00,-5.05,89.5,6.4
11/24/2025 19:00,-5.05,87,6.35
11/24/2025 20:00,-4.95,87.5,6.35
11/24/2025 21:00,-4.5,88,6.35
11/24/2025 22:00,-3.8,88,6.35
11/24/2025 23:00,-3.7,85,6.3
11/25/2025 0:00,-2.95,84.5,6.3
11/25/2025 1:00,-2.35,86,6.3
11/25/2025 2:00,-2.15,89.5,6.3
11/25/2025 3:00,-1.2,86,4.8
11/25/2025 4:00,-0.8,83,4.8
11/25/2025 5:00,-1.2,82,6.2
11/25/2025 6:00,-1.35,82,6.2
11/25/2025 7:00,-1.05,83,6.2
11/25/2025 8:00,-0.65,82,6.2
11/25/2025 9:00,0.05,81.5,6.2
11/25/2025 10:00,0.5,85.5,6.2
11/25/2025 11:00,0.55,87.5,6.2
11/25/2025 12:00,0.1,89.5,6.2
11/25/2025 13:00,0.1,87,6.2
11/25/2025 14:00,0,83,6.2
11/25/2025 15:00,-0.3,81,6.15
11/25/2025 16:00,-0.3,80,6.15
11/25/2025 17:00,0.25,83,6.15
11/25/2025 18:00,0.6,84.5,6.15
11/25/2025 19:00,1,85,6.15
11/25/2025 20:00,1.9,84,6.15
11/25/2025 21:00,2.3,85,7.6
11/25/2025 22:00,1.8,88,7.6
11/25/2025 23:00,-1.1,75.5,6.9
11/26/2025 0:00,-1.25,80,6.85
11/26/2025 1:00,-1.5,80,6.85
11/26/2025 2:00,-1.3,79,6.75
11/26/2025 3:00,-1.15,77.5,6.75
11/26/2025 4:00,-0.6,79,6.7
11/26/2025 5:00,0,79.5,6.7
11/26/2025 6:00,-2,68,5.7
11/26/2025 7:00,-2,66,5.7
11/26/2025 8:00,-1.5,65,5.7
11/26/2025 9:00,-1.4,64,5.7
11/26/2025 10:00,0.1,64,6.75
11/26/2025 11:00,-0.7,67.5,6.8
11/26/2025 12:00,0.5,64.5,6.8
11/26/2025 13:00,0.05,63,6.8
11/26/2025 14:00,-0.75,64.5,6.8
11/26/2025 15:00,-1.2,65.5,6.8
11/26/2025 16:00,-1.7,70,7.8
11/26/2025 17:00,-2.5,72,7.8
11/26/2025 18:00,1.45,67.5,8.15
11/26/2025 19:00,1.55,67.5,8.15
11/26/2025 20:00,1.65,68.5,8.15
11/26/2025 21:00,1.55,73.5,8.15
11/26/2025 22:00,1.85,74.5,8.15
11/26/2025 23:00,2.55,70.5,8.15
11/27/2025 0:00,6.4,68,8.5
11/27/2025 1:00,4.8,90,8.5
11/27/2025 2:00,3.7,97,8.5
11/27/2025 3:00,3.25,97.5,8.75
11/27/2025 4:00,3.4,97,8.7
11/27/2025 5:00,3.55,96.5,8.7
11/27/2025 6:00,4.6,92.5,8.7
11/27/2025 7:00,4.3,93.5,8.7
11/27/2025 8:00,4.2,93.5,8.7
11/27/2025 14:00,6.6,92,9
11/27/2025 15:00,6.6,95,9
11/27/2025 16:00,7.1,97,8.9
11/27/2025 17:00,7.2,98,8.9
11/27/2025 18:00,8,94,8.9
11/27/2025 19:00,8.4,96,8.9
11/27/2025 20:00,8.5,99,8.9
11/27/2025 21:00,6.6,98,8.75
11/27/2025 22:00,7.7,93.5,8.75
11/27/2025 23:00,8.55,95.5,8.75
11/28/2025 0:00,9.15,91,8.75
11/28/2025 1:00,8.8,88,8.75
11/28/2025 2:00,8.05,87.5,8.75
11/28/2025 3:00,8.1,84,8.75
11/28/2025 4:00,8.2,83,8.75
11/28/2025 5:00,7.75,83.5,8.75
11/28/2025 6:00,7.5,82.5,8.75
11/28/2025 7:00,7.7,80,8.75
11/28/2025 8:00,7.65,79.5,8.75
11/28/2025 9:00,8.6,68,8.6
11/28/2025 10:00,8.5,68,8.5
11/28/2025 11:00,8.4,69,8.5
11/28/2025 12:00,8.8,68,8.5
11/28/2025 13:00,8.7,67,8.5
11/28/2025 14:00,8.4,66,8.4
11/28/2025 15:00,8.4,65,8.4
11/28/2025 16:00,8.5,63,8.4
11/28/2025 17:00,8.7,60,8.4
11/28/2025 18:00,8.4,71,8.4
11/28/2025 19:00,8.5,69,8.4
11/28/2025 20:00,8.1,73,8.4
11/28/2025 21:00,6.6,73,6.75
11/28/2025 22:00,6.45,72,6.75
11/28/2025 23:00,6.35,73.5,6.7
11/29/2025 0:00,8,60.5,6.7
11/29/2025 1:00,7.35,66.5,6.7
11/29/2025 2:00,6.15,75.5,6.65
11/29/2025 3:00,6.35,76.5,6.6
11/29/2025 4:00,6.25,79,6.6
11/29/2025 5:00,5.85,81,6.6
11/29/2025 6:00,5.8,82,6.55
11/29/2025 7:00,5.4,80,6.55
11/29/2025 8:00,5.35,76,6.55
11/29/2025 9:00,5.1,73.5,6.55
11/29/2025 10:00,5.2,65,4.8
11/29/2025 11:00,5.2,66,4.7
11/29/2025 12:00,4.2,84,4.7
11/29/2025 13:00,3.7,89,4.7
11/29/2025 14:00,3.5,85,4.9
11/29/2025 15:00,3.65,84.5,4.95
11/29/2025 16:00,4,86,4.9
11/29/2025 17:00,2.6,89,4.9
11/29/2025 18:00,2.45,89.5,4.9
11/29/2025 19:00,2.45,81,4.9
11/29/2025 20:00,2.4,82.5,4.9
11/29/2025 21:00,1.7,85.5,5
11/29/2025 22:00,1.55,85.5,5
11/29/2025 23:00,1.05,84,5
11/30/2025 0:00,1.65,83,5.05
11/30/2025 1:00,0.8,82,5.05
11/30/2025 2:00,0.6,83,5.1
11/30/2025 3:00,0.5,82,5.15
11/30/2025 4:00,-0.3,82.5,5.15
11/30/2025 5:00,-0.25,83.5,5.15
11/30/2025 6:00,0.25,82.5,5.2
11/30/2025 7:00,0.35,82,5.2
11/30/2025 8:00,0.15,80,5.2
11/30/2025 9:00,0.2,83.5,5.15
11/30/2025 10:00,0.3,83.5,5.15
11/30/2025 11:00,0.3,84,5.2
11/30/2025 12:00,0.45,84.5,5.2
11/30/2025 13:00,0.5,83,5.8
11/30/2025 14:00,0.2,84,5.8
11/30/2025 15:00,-0.8,85,5.8
11/30/2025 16:00,-1,85,4.95
11/30/2025 17:00,-1.6,81.5,4.95
11/30/2025 18:00,-2.1,83,4.95
11/30/2025 19:00,-2.25,85.5,4.9
11/30/2025 20:00,-3.2,78.5,4.9
11/30/2025 21:00,-3.3,86,4.9
11/30/2025 22:00,-4.15,84.5,4.9
11/30/2025 23:00,-4.75,85.5,4.85
12/1/2025 0:00,-5.45,81.5,4.85
12/1/2025 1:00,-5.45,81,4.85
12/1/2025 2:00,-5.6,78,4.8
12/1/2025 3:00,-5.95,79,4.8
12/1/2025 4:00,-5.75,88.5,4.8
12/1/2025 5:00,-5.95,89,4.8
12/1/2025 6:00,-5.85,91,4.8
12/1/2025 7:00,-6.15,90,4.8
12/1/2025 8:00,-6.65,90,4.8
12/1/2025 9:00,-6.85,90.5,4.75
12/1/2025 10:00,-7.15,89.5,4.7
12/1/2025 11:00,-7.4,88.5,4.7
12/1/2025 12:00,-7.6,88,4.7
12/1/2025 13:00,-7.05,88,4.65
12/1/2025 14:00,-6.1,93,3.7
12/1/2025 15:00,-7.2,94,3.7
12/1/2025 16:00,-7,94,3.6
12/1/2025 17:00,-6.6,95,3.6
12/1/2025 18:00,-7.8,93,3.6
12/1/2025 19:00,-4.8,89.5,5.1
12/1/2025 20:00,-4.7,90,5.05
12/1/2025 21:00,-4.85,89.5,5.05
12/1/2025 22:00,-5,90,5.05
12/1/2025 23:00,-4.75,88.5,5
12/2/2025 0:00,-5.7,90,5
12/2/2025 1:00,-5.25,90.5,5
12/2/2025 2:00,-5.1,90,5
12/2/2025 3:00,-4.95,89,4.95
12/2/2025 4:00,-5.1,86.5,4.95
12/2/2025 5:00,-5.25,87,4.95
12/2/2025 6:00,-5.9,88.5,4.95
12/2/2025 7:00,-5.35,88,4.95
12/2/2025 8:00,-5.2,88,4.95
12/2/2025 9:00,-5.4,85.5,4.95
12/2/2025 10:00,-5.5,86,4.85
12/2/2025 11:00,-2.4,85,6.4
12/2/2025 12:00,-3.7,86,6.4
12/2/2025 13:00,-3.5,86,6.4
12/2/2025 14:00,-3.5,88,6.4
12/2/2025 15:00,-3.8,86,6.4
12/2/2025 16:00,-8.95,87.5,6.6
12/2/2025 17:00,-9.05,84.5,6.6
12/2/2025 18:00,-10.5,87,6.6
12/2/2025 19:00,-10.35,85,6.6
12/2/2025 20:00,-10.4,85,6.6
12/2/2025 21:00,-10.65,85.5,6.6
12/2/2025 22:00,-10.9,86,6.5
12/2/2025 23:00,-11.1,87.5,6.5
12/3/2025 0:00,-9.8,88.5,6.5
12/3/2025 1:00,-9.45,89,6.5
12/3/2025 2:00,-9.25,88,6.5
12/3/2025 3:00,-9.1,88,6.5
12/3/2025 4:00,-9.1,87.5,6.5
12/3/2025 5:00,-8.55,86,6.5
12/3/2025 6:00,-6.45,87.5,6.5
12/3/2025 7:00,-6.3,90,6.7
12/3/2025 8:00,-5.4,91,6.7
12/3/2025 9:00,-4.8,92,6.7
12/3/2025 10:00,-4.4,92,6.7
12/3/2025 11:00,-5.5,92,6.7
12/3/2025 12:00,-5.3,92,6.7
12/3/2025 13:00,-5.2,90,6.7
12/3/2025 14:00,-6.3,89,6.5
12/3/2025 15:00,-6.2,90,6.5
12/3/2025 16:00,-6.25,90,6.45
12/3/2025 17:00,-6.5,89.5,6.45
12/3/2025 18:00,-6.7,90,6.45
12/3/2025 19:00,-7,90,6.45
12/3/2025 20:00,-6.9,89,6.45
12/3/2025 21:00,-6.5,89,6.45
12/3/2025 22:00,-6.15,88.5,6.45
12/3/2025 23:00,-5.55,88,6.45
12/4/2025 0:00,-4.95,89,6.45
12/4/2025 1:00,-4.45,89,6.45
12/4/2025 2:00,-3.95,86.5,6.45
12/4/2025 3:00,-4.15,85.5,6.45
12/4/2025 4:00,-4.4,86.5,6.45
12/4/2025 5:00,-3.75,85.5,6.45
12/4/2025 6:00,-4.3,92,6.2
12/4/2025 7:00,-3.8,92,6.2
12/4/2025 8:00,-2.2,90,6.2
12/4/2025 9:00,-2.65,87,4.5
12/4/2025 10:00,-2.8,81.5,4.5
12/4/2025 11:00,-3.1,80.5,4.5
12/4/2025 12:00,-2.55,84,4.5
12/4/2025 13:00,-2,82,4.5
12/4/2025 14:00,-1.8,80.5,4.5
12/4/2025 15:00,-2.1,82,4.55
12/4/2025 16:00,-2.25,81,4.55
12/4/2025 17:00,-2.3,79,4.5
12/4/2025 18:00,-2.55,86.5,4.5
12/4/2025 19:00,-2.55,85.5,4.5
12/4/2025 20:00,-2.75,85.5,4.5
12/4/2025 21:00,-2.8,85,4.5
12/4/2025 22:00,-3.55,85,4.45
12/4/2025 23:00,-5.8,93,2.6
12/5/2025 0:00,-5.8,97,2.6
12/5/2025 1:00,-6.4,94,2.6
12/5/2025 2:00,-5.8,92,2.6
12/5/2025 2:00,-3,93.5,4.7
12/5/2025 2:00,-3,93.5,4.7
12/5/2025 2:00,-0.2,95,6.8
12/5/2025 2:00,-0.2,95,6.8
12/5/2025 2:00,-0.7,91,5.75
12/5/2025 3:00,-1,91.5,5.75
12/5/2025 4:00,-1.15,92.5,5.75
12/5/2025 5:00,-1.55,93,5.7
12/5/2025 6:00,-1.65,92.5,5.7
12/5/2025 7:00,-2.25,92,5.7
12/5/2025 8:00,-2.45,90.5,5.7
12/5/2025 9:00,-2.4,89.5,5.65
12/5/2025 10:00,-2.5,89,5.65
12/5/2025 11:00,-2.65,89,5.6
12/5/2025 12:00,-2.4,92.5,5.6
12/5/2025 13:00,-2.45,92.5,5.6
12/5/2025 14:00,-2.45,92,5.6
12/5/2025 15:00,-2.4,91,5.6
12/5/2025 16:00,-2.5,91,5.6
12/5/2025 17:00,-2.45,90,5.55
12/5/2025 18:00,-2.2,88,5.55
12/5/2025 19:00,-1.95,87,5.55
12/5/2025 20:00,-1.8,86,5.55
12/5/2025 21:00,-1.75,85.5,5.55
12/5/2025 22:00,-1.8,86.5,5.55
12/5/2025 23:00,-2,87.5,5.5
12/6/2025 0:00,-1.95,87.5,5.5
12/6/2025 1:00,-1.95,86,5.5
12/6/2025 2:00,-2,86.5,5.5
12/6/2025 3:00,-1.7,74,4.2
12/6/2025 4:00,-1.4,73,4.2
12/6/2025 5:00,0.4,76.5,5.45
12/6/2025 6:00,1.05,76,5.45
12/6/2025 7:00,1.3,75.5,5.45
12/6/2025 8:00,1.7,74.5,5.45
12/6/2025 9:00,1.95,73,5.45
12/6/2025 10:00,1.7,73.5,5.45
12/6/2025 11:00,1.5,74,5.45
12/6/2025 12:00,1.7,74.5,5.45
12/6/2025 13:00,1.6,73.5,5.45
12/6/2025 14:00,1.5,73,5.4
12/6/2025 15:00,1.4,71.5,5.4
12/6/2025 16:00,1.3,71.5,5.4
12/6/2025 17:00,1.35,71,5.4
12/6/2025 18:00,1.4,73.5,5.4
12/6/2025 19:00,1.3,73.5,5.4
12/6/2025 20:00,1.2,73.5,5.4
12/6/2025 21:00,2.8,72,6.5
12/6/2025 22:00,2.7,72,6.5
12/6/2025 23:00,2.9,77.5,5.4
12/7/2025 0:00,3.25,79.5,5.4
12/7/2025 1:00,3.1,79.5,5.4
12/7/2025 2:00,3,79.5,5.4
12/7/2025 3:00,2.95,78.5,5.4
12/7/2025 4:00,3.25,75,5.35
12/7/2025 5:00,3.45,73,5.35
12/7/2025 6:00,3.6,79,4.2
12/7/2025 7:00,3.3,82,4.2
12/7/2025 8:00,3,82,4.2
12/7/2025 9:00,2.8,84,4.2
12/7/2025 10:00,0.4,80,5.9
12/7/2025 11:00,1.2,78,5.9
12/7/2025 12:00,1.25,78,5.9
12/7/2025 13:00,1.05,80.5,5.9
12/7/2025 14:00,0.35,82,5.9
12/7/2025 15:00,0.2,80.5,5.9
12/7/2025 16:00,-2.6,86,7.6
12/7/2025 17:00,-2.7,87,7.6
12/7/2025 18:00,-1.5,86.5,8
12/7/2025 19:00,-1.55,87,8
12/7/2025 20:00,-1.55,86,8
12/7/2025 21:00,-1.7,85.5,8
12/7/2025 22:00,-1.65,84.5,8
12/7/2025 23:00,-1.85,84.5,8
12/8/2025 0:00,-0.3,88,8.4
12/8/2025 1:00,-0.5,85,8.4
12/8/2025 2:00,-0.7,86,8.4
12/8/2025 3:00,1.35,82,8.35
12/8/2025 4:00,1.6,81.5,8.3
12/8/2025 5:00,1.65,82,8.3
12/8/2025 6:00,1.65,85.5,8.3
12/8/2025 7:00,1.35,90,8.3
12/8/2025 8:00,1.8,87,8.3
12/8/2025 14:00,4.8,91,8.2
12/8/2025 15:00,4.6,94,8.2
12/8/2025 16:00,4.8,94,8.1
12/8/2025 17:00,4.7,94,8.1
12/8/2025 18:00,4.6,92,8.1
12/8/2025 19:00,4.2,97,8.1
12/8/2025 20:00,4.1,97,8.1
12/8/2025 21:00,3.45,93,8.2
12/8/2025 22:00,3.65,91.5,8.2
12/8/2025 23:00,3.9,90.5,8.15
12/9/2025 0:00,3.75,90.5,8.15
12/9/2025 1:00,3.9,93,8.15
12/9/2025 2:00,4.15,93.5,8.15
12/9/2025 3:00,4.05,93.5,8.15
12/9/2025 4:00,3.95,93.5,8.1
12/9/2025 5:00,3.8,94.5,8.1
12/9/2025 6:00,4.1,93.5,8.1
12/9/2025 7:00,4.3,93.5,8.1
12/9/2025 8:00,4.5,94,8.05
12/9/2025 9:00,3.4,95,8.2
12/9/2025 10:00,3.2,96,8.2
12/9/2025 11:00,3.7,95,8.2
12/9/2025 12:00,3.3,94,8.2
12/9/2025 13:00,2.9,95,8.2
12/9/2025 14:00,2.9,94,8.2
12/9/2025 15:00,2.8,94,8.2
12/9/2025 16:00,2.7,94,8.2
12/9/2025 17:00,2.3,93,8.2
12/9/2025 18:00,1.4,94,8.2
12/9/2025 19:00,1,93,8.2
12/9/2025 20:00,1.1,89,8.2
12/9/2025 21:00,0.35,88,6
12/9/2025 22:00,1,86.5,6
12/9/2025 23:00,0.95,85.5,6
12/10/2025 0:00,1.7,87.5,6
12/10/2025 1:00,1.9,85,6
12/10/2025 2:00,1.75,90,6
12/10/2025 3:00,2.05,92,6
12/10/2025 4:00,2.85,88,5.95
12/10/2025 5:00,3.05,87.5,5.95
12/10/2025 6:00,3.55,89,5.95
12/10/2025 7:00,3.3,92,5.95
12/10/2025 8:00,3.95,91,5.9
12/10/2025 9:00,4.8,86.5,5.9
12/10/2025 10:00,4.5,74,3.7
12/10/2025 11:00,3.5,73,3.7
12/10/2025 12:00,2.5,93,3.7
12/10/2025 13:00,2.7,93,3.7
12/10/2025 14:00,1.6,75,4.45
12/10/2025 15:00,0.95,76,4.4
12/10/2025 16:00,1.05,72.5,4.45
12/10/2025 17:00,1.2,72.5,4.45
12/10/2025 18:00,1.4,71.5,4.5
12/10/2025 19:00,1.4,73,4.5
12/10/2025 20:00,1.25,72.5,4.5
12/10/2025 21:00,0.55,72.5,4.55
12/10/2025 22:00,0.6,70,4.65
12/10/2025 23:00,0.75,67.5,4.65
12/11/2025 0:00,1.1,70,4.65
12/11/2025 1:00,0.5,71,4.7
12/11/2025 2:00,-0.15,73,4.7
12/11/2025 3:00,-0.2,72,4.7
12/11/2025 4:00,-0.4,72.5,4.75
12/11/2025 5:00,-0.7,73,4.75
12/11/2025 6:00,-0.75,73.5,4.75
12/11/2025 7:00,-1.1,73.5,4.75
12/11/2025 8:00,-0.8,70,4.8
12/11/2025 9:00,-0.4,71,4.85
12/11/2025 10:00,-0.35,76,4.85
12/11/2025 11:00,-0.4,76.5,4.85
12/11/2025 12:00,-0.8,79.5,4.95
12/11/2025 13:00,-2.4,61,6.1
12/11/2025 14:00,-2.8,63,6.1
12/11/2025 15:00,-3.1,64,6.1
12/11/2025 16:00,-9.25,70.5,4.2
12/11/2025 17:00,-9.4,70,4.2
12/11/2025 18:00,-9.45,69.5,4.2
12/11/2025 19:00,-9.2,68,4.2
12/11/2025 20:00,-9.35,67.5,4.2
12/11/2025 21:00,-9.35,67,4.25
12/11/2025 22:00,-9.5,69,4.25
12/11/2025 23:00,-9.65,72.5,4.25
12/12/2025 0:00,-9.6,74,4.25
12/12/2025 1:00,-9.25,73.5,4.25
12/12/2025 2:00,-9.05,72,4.25
12/12/2025 3:00,-8.95,72,4.25
12/12/2025 4:00,-8.6,68,4.2
12/12/2025 5:00,-8.9,66,4.2
12/12/2025 6:00,-9.4,70.5,4.2
12/12/2025 7:00,-8.2,70.5,4.2
12/12/2025 8:00,-7.95,68.5,4.2
12/12/2025 9:00,-8.15,67.5,4.2
12/12/2025 10:00,-8.55,67.5,4.15
12/12/2025 11:00,-8.85,66,4.15
12/12/2025 12:00,-8.4,70,4.15
12/12/2025 13:00,-8.15,68.5,4.15
12/12/2025 14:00,-12.4,88,2
12/12/2025 15:00,-12.2,85,2
12/12/2025 16:00,-12.6,82,2
12/12/2025 17:00,-12.8,82,2
12/12/2025 18:00,-13.7,83,2
12/12/2025 19:00,-8.75,87,4.05
12/12/2025 20:00,-9.05,86,4.1
12/12/2025 21:00,-9.25,86,4.1
12/12/2025 22:00,-9.45,85.5,4.05
12/12/2025 23:00,-9.2,86.5,4.05
12/13/2025 0:00,-9.45,86.5,4.05
12/13/2025 1:00,-8.9,87.5,4.05
12/13/2025 2:00,-8.65,85,4.05
12/13/2025 3:00,-8.35,83,4.05
12/13/2025 4:00,-8.05,84,4
12/13/2025 5:00,-7.7,87,4
12/13/2025 6:00,-7.35,89.5,4
12/13/2025 7:00,-7.25,89.5,4
12/13/2025 8:00,-6.95,88.5,4
12/13/2025 9:00,-6.8,87,3.95
12/13/2025 10:00,-6.65,87.5,3.95
12/13/2025 11:00,-5.8,85,6.2
12/13/2025 12:00,-6.2,79,6.2
12/13/2025 13:00,-6.8,80,6.2
12/13/2025 14:00,-7.2,81,6.2
12/13/2025 15:00,-7.1,80,6.2
12/13/2025 16:00,-13.15,80.5,6.15
12/13/2025 17:00,-12.9,78.5,6.15
12/13/2025 18:00,-14.5,80,6.15
12/13/2025 19:00,-14.4,80.5,6.15
12/13/2025 20:00,-14.4,81.5,6.15
12/13/2025 21:00,-14.5,83,6.15
12/13/2025 22:00,-14.6,84.5,6.15
12/13/2025 23:00,-14.65,83.5,6.15
12/14/2025 0:00,-14.2,82,6.15
12/14/2025 1:00,-14.05,82,6.15
12/14/2025 2:00,-14.05,82.5,6.15
12/14/2025 3:00,-13.9,81,6.15
12/14/2025 4:00,-13.75,81,6.1
12/14/2025 5:00,-13.6,82.5,6.1
12/14/2025 6:00,-12.3,82.5,6.1
12/14/2025 7:00,-18,87,6.1
12/14/2025 8:00,-16.9,88,6.1
12/14/2025 9:00,-16.3,87,6.1
12/14/2025 10:00,-15.7,87,6.1
12/14/2025 11:00,-14.2,87,6.1
12/14/2025 12:00,-11.9,83,6.1
12/14/2025 13:00,-10.1,75,6.1
12/14/2025 14:00,-7.45,76.5,6.1
12/14/2025 15:00,-7.5,77.5,6.1
12/14/2025 16:00,-7.15,75.5,6.1
12/14/2025 17:00,-6.65,74.5,6.1
12/14/2025 18:00,-6.4,76,6.1
12/14/2025 19:00,-6.1,75,6.1
12/14/2025 20:00,-6.05,75,6.1
12/14/2025 21:00,-6.1,76,6.1
12/14/2025 22:00,-6.05,76.5,6.05
12/14/2025 23:00,-6,76.5,6.05
12/15/2025 0:00,-5.9,77.5,6.05
12/15/2025 1:00,-5.95,77,6.05
12/15/2025 2:00,-5.95,76.5,6.05
12/15/2025 3:00,-5.95,77,6.05
12/15/2025 4:00,-5.95,77,5.95
12/15/2025 5:00,-5.95,77.5,5.95
12/15/2025 6:00,-4.2,79,5.9
12/15/2025 7:00,-4.1,78,5.9
12/15/2025 8:00,-4,78,5.9
12/15/2025 9:00,-2.45,85,3.45
12/15/2025 10:00,-2.45,85.5,3.45
12/15/2025 11:00,-2.1,86,3.45
12/15/2025 12:00,-1.5,88,3.45
12/15/2025 13:00,-1.25,87,3.45
12/15/2025 14:00,-0.95,85,3.4
12/15/2025 15:00,-0.95,84,3.4
12/15/2025 16:00,-0.25,82.5,3.35
12/15/2025 17:00,-0.15,83,3.35
12/15/2025 18:00,-1.15,84,3.35
12/15/2025 19:00,-0.8,82.5,3.3
12/15/2025 20:00,-0.15,84.5,3.3
12/15/2025 21:00,0.55,83.5,3.3
12/15/2025 22:00,1.3,86,3.25
12/15/2025 23:00,4.3,87,0.7
12/16/2025 0:00,3.3,89,0.6
12/16/2025 1:00,3,87,0.6
12/16/2025 2:00,3.6,83,0.6
12/16/2025 2:00,3.75,91,3.4
12/16/2025 2:00,3.75,91,3.4
12/16/2025 2:00,3.9,99,6.2
12/16/2025 2:00,3.9,99,6.2
12/16/2025 2:00,2.8,93,5.5
12/16/2025 3:00,2.3,92,5.5
12/16/2025 4:00,2.7,90.5,5.5
12/16/2025 5:00,2.75,93.5,5.45
12/16/2025 6:00,2.75,93.5,5.45
12/16/2025 7:00,2.8,94,5.45
12/16/2025 8:00,2.45,96,5.45
12/16/2025 9:00,2.65,96,5.45
12/16/2025 10:00,2.6,95.5,5.45
12/16/2025 11:00,2.35,95.5,5.4
12/16/2025 12:00,1.75,92.5,5.4
12/16/2025 13:00,2.55,93,5.4
12/16/2025 14:00,1.7,93.5,5.4
12/16/2025 15:00,2.1,93,5.4
12/16/2025 16:00,1.85,92.5,5.4
12/16/2025 17:00,2.55,90,5.4
12/16/2025 18:00,2.45,92,5.4
12/16/2025 19:00,2.6,91,5.4
12/16/2025 20:00,3,87.5,5.35
12/16/2025 21:00,2.8,89,5.3
12/16/2025 22:00,3,90.5,5.3
12/16/2025 23:00,2.7,90.5,5.3
12/17/2025 0:00,2,94.5,5.3
12/17/2025 1:00,2.65,92,5.3
12/17/2025 2:00,2.6,92,5.3
12/17/2025 3:00,1,91,4.5
12/17/2025 4:00,1,87,4.5
12/17/2025 5:00,1.65,89,5.15
12/17/2025 6:00,1.5,92,5.15
12/17/2025 7:00,1.6,91,5.15
12/17/2025 8:00,1.4,92,5.15
12/17/2025 9:00,0.95,92.5,5.15
12/17/2025 10:00,1.15,92.5,5.1
12/17/2025 11:00,1.1,92,5.1
12/17/2025 12:00,0.9,90,5.1
12/17/2025 13:00,0.9,89.5,5.1
12/17/2025 14:00,1.3,86.5,5.1
12/17/2025 15:00,1.15,86.5,5.1
12/17/2025 16:00,1.05,86,5.1
12/17/2025 17:00,0.7,86.5,5.1
12/17/2025 18:00,0.85,83,5.1
12/17/2025 19:00,1.35,79,5.1
12/17/2025 20:00,1.35,78.5,5.1
12/17/2025 21:00,2.4,72,5.8
12/17/2025 22:00,2.6,67,5.8
12/17/2025 23:00,2.9,64,6.3
12/18/2025 0:00,3.5,69,6.3
12/18/2025 1:00,3.85,67.5,6.35
12/18/2025 2:00,3.9,69.5,6.35
12/18/2025 3:00,4,67.5,6.35
12/18/2025 4:00,4.25,69.5,6.3
12/18/2025 5:00,3.5,80.5,6.35
12/18/2025 6:00,3.9,81,7
12/18/2025 7:00,3,88,7
12/18/2025 8:00,3.9,79,7.1
12/18/2025 9:00,3.8,77,7.1
12/18/2025 10:00,3.05,87,7.15
12/18/2025 11:00,2.8,90.5,7.15
12/18/2025 12:00,3.3,87,7.15
12/18/2025 13:00,2.85,91.5,7.15
12/18/2025 14:00,3.5,89,7.15
12/18/2025 15:00,4,91,7.15
12/18/2025 16:00,5.7,89,7.2
12/18/2025 17:00,6.5,80,7.2
12/18/2025 18:00,6.3,82.5,7.3
12/18/2025 19:00,5.6,81.5,7.3
12/18/2025 20:00,4.5,83,7.3
12/18/2025 21:00,3.2,85,7.35
12/18/2025 22:00,2.2,89,7.35
12/18/2025 23:00,1.85,89,7.35
12/19/2025 0:00,3.4,89,7.5
12/19/2025 1:00,4,86,7.5
12/19/2025 2:00,3.8,89,7.5
12/19/2025 3:00,5.5,84.5,7.25
12/19/2025 4:00,6.15,80.5,7.2
12/19/2025 5:00,5.9,86.5,7.2
12/19/2025 6:00,6.35,91,7.2
12/19/2025 7:00,5.65,91,7.2
12/19/2025 8:00,5.45,92.5,7.2
12/19/2025 14:00,5.9,89,7.1
12/19/2025 15:00,6.3,92,7.1
12/19/2025 16:00,6.8,93,7.1
12/19/2025 17:00,6.2,94,7.1
12/19/2025 18:00,6.9,92,7.1
12/19/2025 19:00,7,92,7.1
12/19/2025 20:00,6.2,94,7.1
12/19/2025 21:00,6,90,7.4
12/19/2025 22:00,6.35,88,7.4
12/19/2025 23:00,6.75,87.5,7.4
12/20/2025 0:00,6.7,91,7.4
12/20/2025 1:00,6.6,89,7.4
12/20/2025 2:00,6.45,89.5,7.4
12/20/2025 3:00,5.7,89.5,7.4
12/20/2025 4:00,6.05,89,7.4
12/20/2025 5:00,5.85,90.5,7.4
12/20/2025 6:00,4.95,93.5,7.4
12/20/2025 7:00,4.45,93.5,7.4
12/20/2025 8:00,4,93.5,7.45
12/20/2025 9:00,6.4,89,7.6
12/20/2025 10:00,6.4,96,7.6
12/20/2025 11:00,6.6,92,7.6
12/20/2025 12:00,7.3,86,7.6
12/20/2025 13:00,7.3,88,7.6
12/20/2025 14:00,7.2,88,7.6
12/20/2025 15:00,6.5,90,7.6
12/20/2025 16:00,6,93,7.6
12/20/2025 17:00,5.9,95,7.6
12/20/2025 18:00,6,95,7.6
12/20/2025 19:00,5.6,95,7.6
12/20/2025 20:00,4.7,93,7.6
12/20/2025 21:00,4.1,93.5,6.6
12/20/2025 22:00,3.35,94,6.6
12/20/2025 23:00,3.05,94,6.65
12/21/2025 0:00,2.85,95,6.65
12/21/2025 1:00,2.5,95.5,6.7
12/21/2025 2:00,2.25,97,6.7
12/21/2025 3:00,2.45,93.5,6.7
12/21/2025 4:00,2.45,91.5,6.65
12/21/2025 5:00,2.4,91.5,6.65
12/21/2025 6:00,1.7,94,6.65
12/21/2025 7:00,1.15,94,6.65
12/21/2025 8:00,0.7,93.5,6.65
12/21/2025 9:00,0.6,91,6.7
12/21/2025 10:00,0.9,91,5.9
12/21/2025 11:00,1.4,94,5.9
12/21/2025 12:00,1.9,94,5.9
12/21/2025 13:00,1.8,94,5.9
12/21/2025 14:00,2.1,91.5,5
12/21/2025 15:00,1.5,94.5,5
12/21/2025 16:00,1.4,93.5,4.95
12/21/2025 17:00,1.5,92.5,4.95
12/21/2025 18:00,1.65,91,4.95
12/21/2025 19:00,1.85,90,4.95
12/21/2025 20:00,1.65,89.5,4.95
12/21/2025 21:00,1.65,89,4.95
12/21/2025 22:00,1.85,89,4.95
12/21/2025 23:00,1.55,90,4.95
12/22/2025 0:00,1.7,91,4.95
12/22/2025 1:00,1.6,89.5,4.95
12/22/2025 2:00,1.3,88.5,4.9
12/22/2025 3:00,0.95,87.5,4.85
12/22/2025 4:00,0.65,86.5,4.85
12/22/2025 5:00,0.4,85,4.85
12/22/2025 6:00,-0.05,89,4.8
12/22/2025 7:00,-0.15,88.5,4.8
12/22/2025 8:00,-0.6,91,4.75
12/22/2025 9:00,-0.85,93.5,4.7
12/22/2025 10:00,-1,92,4.65
12/22/2025 11:00,-1.15,92,4.6
12/22/2025 12:00,-2,92,4.6
12/22/2025 13:00,-3.6,93,3.8
12/22/2025 14:00,-4.1,93,3.8
12/22/2025 15:00,-4.4,92,3.8
12/22/2025 16:00,-1.7,91,1.25
12/22/2025 17:00,-1.75,88.5,1.25
12/22/2025 18:00,-2.55,88,1.25
12/22/2025 19:00,-2.7,85.5,1.2
12/22/2025 20:00,-2.65,85,1.2
12/22/2025 21:00,-2.7,82,1.15
12/22/2025 22:00,-2.6,79,1.15
12/22/2025 23:00,-2.6,78.5,1.15
12/23/2025 0:00,-3,81.5,1.15
12/23/2025 1:00,-3,81,1.1
12/23/2025 2:00,-2.8,80,1.1
12/23/2025 3:00,-2.7,79,1.05
12/23/2025 4:00,-2.65,80,1.05
12/23/2025 5:00,-2.55,79.5,1.05
12/23/2025 6:00,-3.4,83,1
12/23/2025 7:00,-3.25,81,1
12/23/2025 8:00,-2.95,80.5,1
12/23/2025 9:00,-2.7,80,1
12/23/2025 10:00,-2.55,79,1
12/23/2025 11:00,-2.45,78,1
12/23/2025 12:00,-2.8,80.5,1
12/23/2025 13:00,-2.75,80.5,1
12/23/2025 14:00,1.6,95,-1.2
12/23/2025 15:00,1.5,96,-1.2
12/23/2025 16:00,1.4,96,-1.2
12/23/2025 17:00,1.5,95,-1.2
12/23/2025 18:00,1,95,-1.2
12/23/2025 19:00,2.1,91,1.8
12/23/2025 20:00,1.65,89.5,1.8
12/23/2025 21:00,1.35,90.5,1.8
12/23/2025 22:00,1.45,88,1.8
12/23/2025 23:00,1.3,87.5,1.8
12/24/2025 0:00,0.95,88,1.8
12/24/2025 1:00,1.15,86,1.8
12/24/2025 2:00,1.8,83.5,1.8
12/24/2025 3:00,2.05,82,1.8
12/24/2025 4:00,2.3,81,1.75
12/24/2025 5:00,2.5,84,1.75
12/24/2025 6:00,2.5,85.5,1.75
12/24/2025 7:00,2.85,88.5,1.75
12/24/2025 8:00,3.15,89.5,1.75
12/24/2025 9:00,3.6,90.5,1.75
12/24/2025 10:00,3.9,89.5,1.75
12/24/2025 11:00,4.2,87,4.7
12/24/2025 12:00,4.5,88,4.7
12/24/2025 13:00,4.4,83,4.7
12/24/2025 14:00,4,85,4.7
12/24/2025 15:00,4.1,81,4.7
12/24/2025 16:00,2.8,81,4.9
12/24/2025 17:00,2.35,84,4.9
12/24/2025 18:00,1.4,86.5,4.9
12/24/2025 19:00,1.45,86.5,4.9
12/24/2025 20:00,1.6,86.5,4.9
12/24/2025 21:00,1.15,90.5,4.9
12/24/2025 22:00,1,92.5,4.9
12/24/2025 23:00,1.15,92,4.8
12/25/2025 0:00,1.65,91.5,4.8
12/25/2025 1:00,2.1,89.5,4.8
12/25/2025 2:00,3.3,83.5,4.8
12/25/2025 3:00,2.65,86,4.75
12/25/2025 4:00,2.9,83.5,4.75
12/25/2025 5:00,2.3,82.5,4.75
12/25/2025 6:00,2.4,86.5,4.75
12/25/2025 7:00,2.2,79,4.9
12/25/2025 8:00,1.6,79,4.9
12/25/2025 9:00,1.8,82,4.9
12/25/2025 10:00,2.1,82,4.9
12/25/2025 11:00,1.9,83,4.9
12/25/2025 12:00,1.7,84,4.9
12/25/2025 13:00,2,82,4.9
12/25/2025 14:00,2.7,83,4.65
12/25/2025 15:00,2.9,82,4.65
12/25/2025 16:00,3.1,80,4.65
12/25/2025 17:00,3.05,81,4.65
12/25/2025 18:00,2.6,87,4.65
12/25/2025 19:00,2.55,85,4.65
12/25/2025 20:00,2.65,83.5,4.65
12/25/2025 21:00,2.45,82,4.7
12/25/2025 22:00,2.25,82,4.7
12/25/2025 23:00,2.35,79,4.7
12/26/2025 0:00,2.25,78.5,4.7
12/26/2025 1:00,2.5,76.5,4.7
12/26/2025 2:00,2.4,78,4.65
12/26/2025 3:00,2.35,79,4.7
12/26/2025 4:00,2.15,81,4.7
12/26/2025 5:00,2.2,80,4.7
12/26/2025 6:00,3,79,4.3
12/26/2025 7:00,3,76,4.3
12/26/2025 8:00,3,76,4.3
12/26/2025 9:00,3.8,84,1.5
12/26/2025 10:00,3.6,87,1.5
12/26/2025 11:00,3.7,85.5,1.5
12/26/2025 12:00,3.95,85,1.5
12/26/2025 13:00,4.1,85.5,1.5
12/26/2025 14:00,3.7,89.5,1.5
12/26/2025 15:00,3.45,91.5,1.5
12/26/2025 16:00,3.55,91.5,1.5
12/26/2025 17:00,3.75,90,1.5
12/26/2025 18:00,3.6,90.5,1.5
12/26/2025 19:00,3.95,90,1.5
12/26/2025 20:00,4.05,90.5,1.5
12/26/2025 21:00,4,92,1.5
12/26/2025 22:00,2.75,96,1.55
12/26/2025 23:00,3,99,-1.2
12/27/2025 0:00,3,99,-1.2
12/27/2025 1:00,2.6,99,-1.2
12/27/2025 2:00,2.3,95,-1.2
12/27/2025 2:00,1.75,86.5,2
12/27/2025 2:00,1.75,86.5,2
12/27/2025 2:00,1.2,78,5.2
12/27/2025 2:00,1.2,78,5.2
12/27/2025 2:00,1.95,77.5,4.8
12/27/2025 3:00,2.1,71,4.8
12/27/2025 4:00,2.5,75.5,4.8
12/27/2025 5:00,3.2,88,4.8
12/27/2025 6:00,3.9,82,4.85
12/27/2025 7:00,2.65,87.5,4.95
12/27/2025 8:00,2.6,79,4.95
12/27/2025 9:00,2.15,76,4.95
12/27/2025 10:00,1.85,69.5,5.05
12/27/2025 11:00,1.5,60.5,5.05
12/27/2025 12:00,0.65,67,5.1
12/27/2025 13:00,0.3,65,5.2
12/27/2025 14:00,-0.2,65,5.2
12/27/2025 15:00,-0.4,67,5.2
12/27/2025 16:00,-0.4,68,5.25
12/27/2025 17:00,-0.4,65,5.3
12/27/2025 18:00,-0.4,65.5,5.35
12/27/2025 19:00,-0.55,67,5.4
12/27/2025 20:00,-0.45,66.5,5.45
12/27/2025 21:00,-0.2,70.5,5.5
12/27/2025 22:00,-0.35,74,5.6
12/27/2025 23:00,0,75.5,5.65
12/28/2025 0:00,1.65,77,5.65
12/28/2025 1:00,1.3,84,5.75
12/28/2025 2:00,2.55,83,5.75
12/28/2025 3:00,3.5,83,5.4
12/28/2025 4:00,3.7,86,5.4
12/28/2025 5:00,4.5,79.5,5.65
12/28/2025 6:00,4.65,78.5,5.7
12/28/2025 7:00,4.75,80,5.7
12/28/2025 8:00,4.8,83.5,5.75
12/28/2025 9:00,3.9,92,5.8
12/28/2025 10:00,4.15,93,5.85
12/28/2025 11:00,3.8,90.5,5.85
12/28/2025 12:00,4.3,82.5,5.85
12/28/2025 13:00,3.65,81.5,5.9
12/28/2025 14:00,3,74,5.9
12/28/2025 15:00,2.95,69.5,5.9
12/28/2025 16:00,2.2,65.5,5.9
12/28/2025 17:00,2,67.5,5.9
12/28/2025 18:00,1.2,71.5,5.9
12/28/2025 19:00,1.45,65,5.9
12/28/2025 20:00,0.55,58,5.95
12/28/2025 21:00,1.4,42,5.9
12/28/2025 22:00,0.5,52,6
12/28/2025 23:00,0.75,61.5,5.45
12/29/2025 0:00,-0.35,65,5.4
12/29/2025 1:00,-0.8,66,5.4
12/29/2025 2:00,-0.1,64,5.4
12/29/2025 3:00,-0.6,65,5.45
12/29/2025 4:00,-0.15,59.5,5.4
12/29/2025 5:00,-0.05,61.5,5.4
12/29/2025 6:00,-0.1,62,4.7
12/29/2025 7:00,-0.2,67,4.7
12/29/2025 8:00,-0.2,67,4.6
12/29/2025 9:00,0.1,73,4.6
12/29/2025 10:00,1.05,70,5.7
12/29/2025 11:00,0.8,72,5.7
12/29/2025 12:00,1.1,71.5,5.7
12/29/2025 13:00,0.8,69.5,5.7
12/29/2025 14:00,0.9,66,5.7
12/29/2025 15:00,0.55,73,5.75
12/29/2025 16:00,0.9,71,6.9
12/29/2025 17:00,0.7,62,6.9
12/29/2025 18:00,1.25,66,7.3
12/29/2025 19:00,1.4,66,7.3
12/29/2025 20:00,1.45,69,7.3
12/29/2025 21:00,1.4,72.5,7.3
12/29/2025 22:00,1.45,74.5,7.3
12/29/2025 23:00,1.25,74.5,7.3
12/30/2025 0:00,1.9,64,7.7
12/30/2025 1:00,1.6,70,7.7
12/30/2025 2:00,1.4,74,7.7
12/30/2025 3:00,0,80,7.65
12/30/2025 4:00,-0.1,81.5,7.6
12/30/2025 5:00,-0.3,80.5,7.6
12/30/2025 6:00,-0.2,84,7.6
12/30/2025 7:00,0.05,84,7.6
12/30/2025 8:00,0,86,7.6
12/30/2025 14:00,-0.2,97,7.5
12/30/2025 15:00,-0.6,99,7.5
12/30/2025 16:00,-1.1,100,7.4
12/30/2025 17:00,-0.6,100,7.4
12/30/2025 18:00,0.2,100,7.4
12/30/2025 19:00,0.4,100,7.4
12/30/2025 20:00,0.8,96,7.4
12/30/2025 21:00,2.75,86.5,7.5
12/30/2025 22:00,2.55,90,7.5
12/30/2025 23:00,2.8,88,7.5
12/31/2025 0:00,3,88,7.5
12/31/2025 1:00,2.6,90.5,7.5
12/31/2025 2:00,2.8,90,7.5
12/31/2025 3:00,2.5,90.5,7.5
12/31/2025 4:00,2.55,89,7.5
12/31/2025 5:00,2.6,87,7.5
12/31/2025 6:00,2.1,87.5,7.5
12/31/2025 7:00,2.4,86.5,7.5
12/31/2025 8:00,2.05,89.5,7.5
12/31/2025 9:00,2.8,91,7.6
12/31/2025 10:00,3,90,7.6
12/31/2025 11:00,3.2,87,7.6
12/31/2025 12:00,3.4,86,7.6
12/31/2025 13:00,3.4,86,7.6
12/31/2025 14:00,3.2,85,7.6
12/31/2025 15:00,3,85,7.6
12/31/2025 16:00,3.1,83,7.6
12/31/2025 17:00,3.7,78,7.6
12/31/2025 18:00,3.4,86,7.6
12/31/2025 19:00,2.5,94,7.6
12/31/2025 20:00,2.6,94,7.6
12/31/2025 21:00,3.4,90,7.6
12/31/2025 22:00,3.1,89,7.6
12/31/2025 23:00,2.7,90,7.6
12/31/2025 12:00,2.7,90,7.6
